Date,Open,High,Low,Close,Volume
1973-01-02,0.0,119.9000015258789,118.05999755859375,119.0999984741211,17090000
1973-01-03,0.0,120.44999694824219,118.69000244140625,119.56999969482422,20620000
1973-01-04,0.0,120.16999816894531,118.12000274658203,119.4000015258789,20230000
1973-01-05,0.0,120.70999908447266,118.87999725341797,119.87000274658203,19330000
1973-01-08,0.0,120.55000305175781,119.04000091552734,119.8499984741211,16840000
1973-01-09,0.0,120.4000015258789,118.88999938964844,119.7300033569336,16830000
1973-01-10,0.0,120.44000244140625,118.77999877929688,119.43000030517578,20880000
1973-01-11,0.0,121.73999786376953,119.01000213623047,120.23999786376953,25050000
1973-01-12,0.0,121.2699966430664,118.69000244140625,119.30000305175781,22230000
1973-01-15,0.0,120.81999969482422,118.04000091552734,118.44000244140625,21520000
1973-01-16,0.0,119.16999816894531,117.04000091552734,118.13999938964844,19170000
1973-01-17,0.0,119.3499984741211,117.61000061035156,118.68000030517578,17680000
1973-01-18,0.0,119.93000030517578,118.1500015258789,118.8499984741211,17810000
1973-01-19,0.0,119.44999694824219,117.45999908447266,118.77999877929688,17020000
1973-01-22,0.0,119.62999725341797,117.72000122070312,118.20999908447266,15570000
1973-01-23,0.0,119.0,116.83999633789062,118.22000122070312,19060000
1973-01-24,0.0,119.04000091552734,116.08999633789062,116.7300033569336,20870000
1973-01-26,0.0,117.29000091552734,114.97000122070312,116.44999694824219,21130000
1973-01-29,0.0,117.18000030517578,115.12999725341797,116.01000213623047,14680000
1973-01-30,0.0,117.11000061035156,115.26000213623047,115.83000183105469,15270000
1973-01-31,0.0,116.83999633789062,115.05000305175781,116.02999877929688,14870000
1973-02-01,0.0,117.01000213623047,114.26000213623047,114.76000213623047,20670000
1973-02-02,0.0,115.4000015258789,113.44999694824219,114.3499984741211,17470000
1973-02-05,0.0,115.1500015258789,113.62000274658203,114.2300033569336,14580000
1973-02-06,0.0,115.33000183105469,113.44999694824219,114.44999694824219,15720000
1973-02-07,0.0,115.4800033569336,113.23999786376953,113.66000366210938,17960000
1973-02-08,0.0,114.05000305175781,111.8499984741211,113.16000366210938,18440000
1973-02-09,0.0,115.19999694824219,113.08000183105469,114.68000030517578,19260000
1973-02-12,0.0,116.66000366210938,114.69000244140625,116.05999755859375,16130000
1973-02-13,0.0,118.9800033569336,116.08999633789062,116.77999877929688,25320000
1973-02-14,0.0,116.91999816894531,114.5199966430664,115.0999984741211,16520000
1973-02-15,0.0,115.68000030517578,113.69999694824219,114.44999694824219,13940000
1973-02-16,0.0,115.47000122070312,113.7300033569336,114.9800033569336,13320000
1973-02-20,0.0,116.26000213623047,114.56999969482422,115.4000015258789,14020000
1973-02-21,0.0,116.01000213623047,114.12999725341797,114.69000244140625,14880000
1973-02-22,0.0,115.19999694824219,113.44000244140625,114.44000244140625,14570000
1973-02-23,0.0,114.66999816894531,112.7699966430664,113.16000366210938,15450000
1973-02-26,0.0,113.26000213623047,111.1500015258789,112.19000244140625,15860000
1973-02-27,0.0,112.9000015258789,110.5,110.9000015258789,16130000
1973-02-28,0.0,112.20999908447266,109.80000305175781,111.68000030517578,17950000
1973-03-01,0.0,112.9800033569336,110.68000030517578,111.05000305175781,18210000
1973-03-02,0.0,112.62000274658203,109.44999694824219,112.27999877929688,17710000
1973-03-05,0.0,113.43000030517578,111.33000183105469,112.68000030517578,13720000
1973-03-06,0.0,114.70999908447266,112.56999969482422,114.0999984741211,17710000
1973-03-07,0.0,115.12000274658203,112.83000183105469,114.44999694824219,19310000
1973-03-08,0.0,115.2300033569336,113.56999969482422,114.2300033569336,15100000
1973-03-09,0.0,114.55000305175781,112.93000030517578,113.79000091552734,14070000
1973-03-12,0.0,114.80000305175781,113.25,113.86000061035156,13810000
1973-03-13,0.0,115.05000305175781,113.31999969482422,114.4800033569336,14210000
1973-03-14,0.0,115.61000061035156,113.97000122070312,114.9800033569336,14460000
1973-03-15,0.0,115.47000122070312,113.7699966430664,114.12000274658203,14450000
1973-03-16,0.0,114.62000274658203,112.83999633789062,113.54000091552734,15130000
1973-03-19,0.0,113.5,111.6500015258789,112.16999816894531,12460000
1973-03-20,0.0,112.68000030517578,111.0199966430664,111.94999694824219,13250000
1973-03-21,0.0,112.80999755859375,110.16999816894531,110.48999786376953,16080000
1973-03-22,0.0,110.38999938964844,108.19000244140625,108.83999633789062,17130000
1973-03-23,0.0,109.97000122070312,107.41000366210938,108.87999725341797,18470000
1973-03-26,0.0,110.4000015258789,108.29000091552734,109.83999633789062,14980000
1973-03-27,0.0,112.06999969482422,109.94999694824219,111.55999755859375,17500000
1973-03-28,0.0,112.47000122070312,110.54000091552734,111.62000274658203,15850000
1973-03-29,0.0,113.22000122070312,111.06999969482422,112.70999908447266,16050000
1973-03-30,0.0,112.87000274658203,110.88999938964844,111.5199966430664,13740000
1973-04-02,0.0,111.69999694824219,109.68000030517578,110.18000030517578,10640000
1973-04-03,0.0,110.3499984741211,108.47000122070312,109.23999786376953,12910000
1973-04-04,0.0,109.95999908447266,108.0999984741211,108.7699966430664,11890000
1973-04-05,0.0,109.1500015258789,107.44000244140625,108.5199966430664,12750000
1973-04-06,0.0,110.04000091552734,108.22000122070312,109.27999877929688,13890000
1973-04-09,0.0,111.23999786376953,108.73999786376953,110.86000061035156,13740000
1973-04-10,0.0,112.8499984741211,110.91999816894531,112.20999908447266,16770000
1973-04-11,0.0,113.2699966430664,111.20999908447266,112.68000030517578,14890000
1973-04-12,0.0,113.6500015258789,111.83000183105469,112.58000183105469,16360000
1973-04-13,0.0,112.91000366210938,111.2300033569336,112.08000183105469,14390000
1973-04-16,0.0,112.61000061035156,110.91000366210938,111.44000244140625,11350000
1973-04-17,0.0,111.80999755859375,110.19000244140625,110.94000244140625,12830000
1973-04-18,0.0,112.02999877929688,109.98999786376953,111.54000091552734,13890000
1973-04-19,0.0,112.93000030517578,111.05999755859375,112.16999816894531,14560000
1973-04-23,0.0,112.66000366210938,110.91000366210938,111.56999969482422,12580000
1973-04-24,0.0,111.88999938964844,109.63999938964844,109.98999786376953,13830000
1973-04-25,0.0,109.81999969482422,107.79000091552734,108.33999633789062,15960000
1973-04-26,0.0,109.66000366210938,107.13999938964844,108.88999938964844,16210000
1973-04-27,0.0,109.27999877929688,106.76000213623047,107.2300033569336,13730000
1973-04-30,0.0,107.9000015258789,105.44000244140625,106.97000122070312,14820000
1973-05-01,0.0,108.0,105.33999633789062,107.0999984741211,15380000
1973-05-02,0.0,109.05999755859375,106.94999694824219,108.43000030517578,14380000
1973-05-03,0.0,110.63999938964844,106.80999755859375,110.22000122070312,17760000
1973-05-04,0.0,111.98999786376953,109.88999938964844,111.0,19510000
1973-05-07,0.0,111.37999725341797,109.68000030517578,110.52999877929688,12500000
1973-05-08,0.0,111.72000122070312,109.45999908447266,111.25,13730000
1973-05-09,0.0,112.25,109.97000122070312,110.44000244140625,16050000
1973-05-10,0.0,110.86000061035156,108.86000061035156,109.54000091552734,13520000
1973-05-11,0.0,109.48999786376953,107.69999694824219,108.16999816894531,12980000
1973-05-14,0.0,107.73999786376953,105.5199966430664,105.9000015258789,13520000
1973-05-15,0.0,107.16000366210938,104.12000274658203,106.56999969482422,18530000
1973-05-16,0.0,107.61000061035156,105.48999786376953,106.43000030517578,13800000
1973-05-17,0.0,106.81999969482422,105.1500015258789,105.55999755859375,13060000
1973-05-18,0.0,105.41000366210938,103.18000030517578,103.86000061035156,17080000
1973-05-21,0.0,103.7699966430664,101.36000061035156,102.7300033569336,20690000
1973-05-22,0.0,105.04000091552734,102.58000183105469,103.58000183105469,18020000
1973-05-23,0.0,105.0999984741211,102.81999969482422,104.06999969482422,14950000
1973-05-24,0.0,107.44000244140625,103.58999633789062,107.13999938964844,17310000
1973-05-25,0.0,108.86000061035156,106.08000183105469,107.94000244140625,19270000
1973-05-29,0.0,108.58000183105469,106.7699966430664,107.51000213623047,11300000
1973-05-30,0.0,107.63999938964844,105.4800033569336,105.91000366210938,11730000
1973-05-31,0.0,106.30000305175781,104.3499984741211,104.94999694824219,12190000
1973-06-01,0.0,105.04000091552734,103.30999755859375,103.93000030517578,10410000
1973-06-04,0.0,103.9800033569336,102.33000183105469,102.97000122070312,11230000
1973-06-05,0.0,105.2699966430664,102.61000061035156,104.62000274658203,14080000
1973-06-06,0.0,105.77999877929688,103.5999984741211,104.30999755859375,13080000
1973-06-07,0.0,106.38999938964844,104.19000244140625,105.83999633789062,14160000
1973-06-08,0.0,107.75,105.5999984741211,107.02999877929688,14050000
1973-06-11,0.0,107.79000091552734,106.11000061035156,106.69999694824219,9940000
1973-06-12,0.0,108.77999877929688,106.4000015258789,108.29000091552734,13840000
1973-06-13,0.0,109.5199966430664,107.08000183105469,107.5999984741211,15700000
1973-06-14,0.0,108.2699966430664,105.83000183105469,106.4000015258789,13210000
1973-06-15,0.0,106.20999908447266,104.37000274658203,105.0999984741211,11970000
1973-06-18,0.0,104.95999908447266,103.08000183105469,103.5999984741211,11460000
1973-06-19,0.0,104.95999908447266,102.45999908447266,103.98999786376953,12970000
1973-06-20,0.0,105.12999725341797,103.51000213623047,104.44000244140625,10600000
1973-06-21,0.0,104.7699966430664,102.83999633789062,103.20999908447266,11630000
1973-06-22,0.0,105.66000366210938,103.06999969482422,103.69999694824219,18470000
1973-06-25,0.0,103.63999938964844,101.70999908447266,102.25,11670000
1973-06-26,0.0,103.77999877929688,101.44999694824219,103.30000305175781,14040000
1973-06-27,0.0,104.2300033569336,102.29000091552734,103.62000274658203,12660000
1973-06-28,0.0,105.16999816894531,103.18000030517578,104.69000244140625,12760000
1973-06-29,0.0,105.30000305175781,103.68000030517578,104.26000213623047,10770000
1973-07-02,0.0,104.0999984741211,102.44000244140625,102.9000015258789,9830000
1973-07-03,0.0,103.0199966430664,101.13999938964844,101.87000274658203,10560000
1973-07-05,0.0,102.4800033569336,100.80000305175781,101.77999877929688,10500000
1973-07-06,0.0,102.22000122070312,100.66999816894531,101.27999877929688,9980000
1973-07-09,0.0,102.44999694824219,100.44000244140625,102.13999938964844,11560000
1973-07-10,0.0,104.19999694824219,102.26000213623047,103.5199966430664,15090000
1973-07-11,0.0,106.20999908447266,103.63999938964844,105.80000305175781,18730000
1973-07-12,0.0,106.62000274658203,104.37999725341797,105.5,16400000
1973-07-13,0.0,105.80000305175781,103.66000366210938,104.08999633789062,11390000
1973-07-16,0.0,106.01000213623047,103.41999816894531,105.66999816894531,12920000
1973-07-17,0.0,107.27999877929688,104.98999786376953,105.72000122070312,18750000
1973-07-18,0.0,107.05000305175781,104.7300033569336,106.3499984741211,17020000
1973-07-19,0.0,107.58000183105469,105.05999755859375,106.55000305175781,18650000
1973-07-20,0.0,108.0199966430664,105.94999694824219,107.13999938964844,16300000
1973-07-23,0.0,108.41999816894531,106.54000091552734,107.5199966430664,15580000
1973-07-24,0.0,108.62999725341797,106.30999755859375,108.13999938964844,16280000
1973-07-25,0.0,110.76000213623047,107.91999816894531,109.63999938964844,22220000
1973-07-26,0.0,111.04000091552734,108.51000213623047,109.8499984741211,18410000
1973-07-27,0.0,110.48999786376953,108.69999694824219,109.58999633789062,12910000
1973-07-30,0.0,110.12000274658203,108.23999786376953,109.25,11170000
1973-07-31,0.0,110.08999633789062,107.88999938964844,108.22000122070312,13530000
1973-08-01,0.0,108.16999816894531,106.29000091552734,106.83000183105469,13530000
1973-08-02,0.0,107.37999725341797,105.51000213623047,106.66999816894531,16080000
1973-08-03,0.0,107.16999816894531,105.68000030517578,106.48999786376953,9940000
1973-08-06,0.0,107.54000091552734,105.44999694824219,106.7300033569336,12320000
1973-08-07,0.0,107.56999969482422,105.87000274658203,106.55000305175781,13510000
1973-08-08,0.0,106.7300033569336,105.04000091552734,105.55000305175781,12440000
1973-08-09,0.0,106.6500015258789,104.88999938964844,105.61000061035156,12880000
1973-08-10,0.0,106.02999877929688,104.20999908447266,104.7699966430664,10870000
1973-08-13,0.0,104.83000183105469,103.12999725341797,103.70999908447266,11330000
1973-08-14,0.0,104.29000091552734,102.33999633789062,102.70999908447266,11740000
1973-08-15,0.0,103.79000091552734,101.91999816894531,103.01000213623047,12040000
1973-08-16,0.0,103.97000122070312,101.8499984741211,102.29000091552734,12990000
1973-08-17,0.0,102.9800033569336,101.37999725341797,102.30999755859375,11110000
1973-08-20,0.0,102.54000091552734,101.11000061035156,101.61000061035156,8970000
1973-08-21,0.0,102.0999984741211,100.51000213623047,100.88999938964844,11480000
1973-08-22,0.0,101.38999938964844,99.73999786376953,100.52999877929688,10770000
1973-08-23,0.0,102.5,100.62000274658203,101.91000366210938,11390000
1973-08-24,0.0,102.6500015258789,100.87999725341797,101.62000274658203,11200000
1973-08-27,0.0,102.81999969482422,101.08999633789062,102.41999816894531,9740000
1973-08-28,0.0,103.66000366210938,102.05999755859375,103.0199966430664,11810000
1973-08-29,0.0,104.91999816894531,102.69000244140625,104.02999877929688,15690000
1973-08-30,0.0,104.83999633789062,103.29000091552734,103.87999725341797,12100000
1973-08-31,0.0,104.72000122070312,103.1500015258789,104.25,10530000
1973-09-04,0.0,105.3499984741211,103.5999984741211,104.51000213623047,14210000
1973-09-05,0.0,105.33000183105469,103.5999984741211,104.63999938964844,14580000
1973-09-06,0.0,105.94999694824219,104.05000305175781,105.1500015258789,15670000
1973-09-07,0.0,105.87000274658203,104.04000091552734,104.76000213623047,14930000
1973-09-10,0.0,105.12000274658203,103.33000183105469,103.8499984741211,11620000
1973-09-11,0.0,104.08999633789062,102.12999725341797,103.22000122070312,12690000
1973-09-12,0.0,103.9800033569336,102.1500015258789,103.05999755859375,12040000
1973-09-13,0.0,104.08999633789062,102.37000274658203,103.36000061035156,11670000
1973-09-14,0.0,104.75,102.66000366210938,104.44000244140625,13760000
1973-09-17,0.0,105.41000366210938,103.20999908447266,104.1500015258789,15100000
1973-09-18,0.0,104.62000274658203,102.41000366210938,103.7699966430664,16400000
1973-09-19,0.0,106.43000030517578,103.80000305175781,105.87999725341797,24570000
1973-09-20,0.0,107.55000305175781,105.31999969482422,106.76000213623047,25960000
1973-09-21,0.0,108.0199966430664,105.43000030517578,107.19999694824219,23760000
1973-09-24,0.0,108.36000061035156,106.20999908447266,107.36000061035156,19490000
1973-09-25,0.0,108.79000091552734,106.5,108.05000305175781,21530000
1973-09-26,0.0,109.61000061035156,107.43000030517578,108.83000183105469,21130000
1973-09-27,0.0,110.44999694824219,108.0199966430664,109.08000183105469,23660000
1973-09-28,0.0,109.41999816894531,107.4800033569336,108.43000030517578,16300000
1973-10-01,0.0,108.9800033569336,107.08000183105469,108.20999908447266,15830000
1973-10-02,0.0,109.45999908447266,107.4800033569336,108.79000091552734,20770000
1973-10-03,0.0,109.94999694824219,107.73999786376953,108.77999877929688,22040000
1973-10-04,0.0,109.52999877929688,107.30000305175781,108.41000366210938,19730000
1973-10-05,0.0,110.45999908447266,107.76000213623047,109.8499984741211,18820000
1973-10-08,0.0,110.93000030517578,108.0199966430664,110.2300033569336,18990000
1973-10-09,0.0,111.19000244140625,109.05000305175781,110.12999725341797,19440000
1973-10-10,0.0,111.30999755859375,108.51000213623047,109.22000122070312,19010000
1973-10-11,0.0,111.7699966430664,108.95999908447266,111.08999633789062,20740000
1973-10-12,0.0,112.81999969482422,110.5199966430664,111.44000244140625,22730000
1973-10-15,0.0,111.31999969482422,109.29000091552734,110.05000305175781,16160000
1973-10-16,0.0,110.80000305175781,108.5,110.19000244140625,18780000
1973-10-17,0.0,111.41000366210938,109.19000244140625,109.97000122070312,18600000
1973-10-18,0.0,111.43000030517578,108.97000122070312,110.01000213623047,19210000
1973-10-19,0.0,111.55999755859375,109.30000305175781,110.22000122070312,17880000
1973-10-22,0.0,110.55999755859375,108.18000030517578,109.16000366210938,14290000
1973-10-23,0.0,110.91000366210938,107.4000015258789,109.75,17230000
1973-10-24,0.0,110.9800033569336,109.02999877929688,110.2699966430664,15840000
1973-10-25,0.0,111.33000183105469,108.8499984741211,110.5,15580000
1973-10-26,0.0,112.30999755859375,110.08000183105469,111.37999725341797,17800000
1973-10-29,0.0,112.55999755859375,110.5199966430664,111.1500015258789,17960000
1973-10-30,0.0,111.30000305175781,108.94999694824219,109.33000183105469,17580000
1973-10-31,0.0,109.81999969482422,107.63999938964844,108.29000091552734,17890000
1973-11-01,0.0,109.19999694824219,106.87999725341797,107.69000244140625,16920000
1973-11-02,0.0,108.3499984741211,106.33000183105469,107.06999969482422,16340000
1973-11-05,0.0,106.97000122070312,104.87000274658203,105.5199966430664,17150000
1973-11-06,0.0,107.0,104.5199966430664,104.95999908447266,16430000
1973-11-07,0.0,106.72000122070312,104.52999877929688,105.80000305175781,16570000
1973-11-08,0.0,108.44999694824219,106.0999984741211,107.0199966430664,19650000
1973-11-09,0.0,107.2699966430664,104.7699966430664,105.30000305175781,17320000
1973-11-12,0.0,105.75,103.12000274658203,104.44000244140625,19250000
1973-11-13,0.0,105.41999816894531,102.91000366210938,104.36000061035156,20310000
1973-11-14,0.0,105.25,101.87000274658203,102.44999694824219,22710000
1973-11-15,0.0,103.8499984741211,100.69000244140625,102.43000030517578,24530000
1973-11-16,0.0,105.41000366210938,101.7699966430664,103.87999725341797,22510000
1973-11-19,0.0,103.6500015258789,100.37000274658203,100.70999908447266,16700000
1973-11-20,0.0,100.6500015258789,97.63999938964844,98.66000366210938,23960000
1973-11-21,0.0,101.33000183105469,97.87000274658203,99.76000213623047,24260000
1973-11-23,0.0,100.48999786376953,98.58999633789062,99.44000244140625,11470000
1973-11-26,0.0,98.63999938964844,95.79000091552734,96.58000183105469,19830000
1973-11-27,0.0,97.69999694824219,94.87999725341797,95.69999694824219,19750000
1973-11-28,0.0,98.4000015258789,95.22000122070312,97.6500015258789,19990000
1973-11-29,0.0,98.72000122070312,96.01000213623047,97.30999755859375,18870000
1973-11-30,0.0,97.55000305175781,95.4000015258789,95.95999908447266,15380000
1973-12-03,0.0,95.83000183105469,92.91999816894531,93.9000015258789,17900000
1973-12-04,0.0,95.2300033569336,92.5999984741211,93.58999633789062,19030000
1973-12-05,0.0,93.93000030517578,91.55000305175781,92.16000366210938,19180000
1973-12-06,0.0,94.88999938964844,91.68000030517578,94.41999816894531,23260000
1973-12-07,0.0,97.58000183105469,94.48999786376953,96.51000213623047,23230000
1973-12-10,0.0,98.58000183105469,95.44000244140625,97.94999694824219,18590000
1973-12-11,0.0,99.08999633789062,95.62000274658203,96.04000091552734,20100000
1973-12-12,0.0,95.5199966430664,92.9000015258789,93.56999969482422,18190000
1973-12-13,0.0,94.68000030517578,91.63999938964844,92.37999725341797,18130000
1973-12-14,0.0,94.52999877929688,91.05000305175781,93.29000091552734,20000000
1973-12-17,0.0,94.0,91.87000274658203,92.75,12930000
1973-12-18,0.0,95.41000366210938,92.18000030517578,94.73999786376953,19490000
1973-12-19,0.0,96.83000183105469,93.80999755859375,94.81999969482422,20670000
1973-12-20,0.0,96.26000213623047,93.51000213623047,94.55000305175781,17340000
1973-12-21,0.0,95.11000061035156,92.69999694824219,93.54000091552734,18680000
1973-12-24,0.0,93.7699966430664,91.68000030517578,92.9000015258789,11540000
1973-12-26,0.0,96.5199966430664,93.87000274658203,95.73999786376953,18620000
1973-12-27,0.0,98.52999877929688,96.0,97.73999786376953,22720000
1973-12-28,0.0,98.76000213623047,96.41000366210938,97.54000091552734,21310000
1973-12-31,0.0,98.30000305175781,95.94999694824219,97.55000305175781,23470000
1974-01-02,0.0,98.37999725341797,96.25,97.68000030517578,12060000
1974-01-03,0.0,100.94000244140625,98.0199966430664,99.80000305175781,24850000
1974-01-04,0.0,100.69999694824219,97.69999694824219,98.9000015258789,21700000
1974-01-07,0.0,99.30999755859375,96.86000061035156,98.06999969482422,19070000
1974-01-08,0.0,98.26000213623047,95.58000183105469,96.12000274658203,18080000
1974-01-09,0.0,95.4000015258789,92.62999725341797,93.41999816894531,18070000
1974-01-10,0.0,94.62999725341797,91.62000274658203,92.38999938964844,16120000
1974-01-11,0.0,94.56999969482422,91.75,93.66000366210938,15140000
1974-01-14,0.0,95.23999786376953,92.3499984741211,93.41999816894531,14610000
1974-01-15,0.0,95.26000213623047,92.83999633789062,94.2300033569336,13250000
1974-01-16,0.0,96.19999694824219,93.77999877929688,95.66999816894531,14930000
1974-01-17,0.0,98.3499984741211,95.66999816894531,97.30000305175781,21040000
1974-01-18,0.0,97.62999725341797,95.0,95.55999755859375,16470000
1974-01-21,0.0,95.95999908447266,93.2300033569336,95.4000015258789,15630000
1974-01-22,0.0,97.41000366210938,94.91999816894531,96.55000305175781,17330000
1974-01-23,0.0,98.11000061035156,95.87999725341797,97.06999969482422,16890000
1974-01-24,0.0,97.75,95.48999786376953,96.81999969482422,15980000
1974-01-25,0.0,97.63999938964844,95.68000030517578,96.62999725341797,14860000
1974-01-28,0.0,97.31999969482422,95.37000274658203,96.08999633789062,13410000
1974-01-29,0.0,96.80999755859375,94.97000122070312,96.01000213623047,12850000
1974-01-30,0.0,97.9000015258789,96.0199966430664,97.05999755859375,16790000
1974-01-31,0.0,98.05999755859375,96.11000061035156,96.56999969482422,14020000
1974-02-01,0.0,96.62999725341797,94.66000366210938,95.31999969482422,12480000
1974-02-04,0.0,94.88999938964844,92.73999786376953,93.29000091552734,14380000
1974-02-05,0.0,94.16999816894531,92.26000213623047,93.0,12820000
1974-02-06,0.0,94.08999633789062,92.37000274658203,93.26000213623047,11610000
1974-02-07,0.0,94.08999633789062,92.43000030517578,93.30000305175781,11750000
1974-02-08,0.0,93.79000091552734,91.87000274658203,92.33000183105469,12990000
1974-02-11,0.0,92.54000091552734,90.26000213623047,90.66000366210938,12930000
1974-02-12,0.0,91.5999984741211,89.52999877929688,90.94000244140625,12920000
1974-02-13,0.0,92.12999725341797,90.37000274658203,90.9800033569336,10990000
1974-02-14,0.0,91.88999938964844,90.16999816894531,90.94999694824219,12230000
1974-02-15,0.0,92.9800033569336,90.62000274658203,92.2699966430664,12640000
1974-02-19,0.0,94.44000244140625,91.68000030517578,92.12000274658203,15940000
1974-02-20,0.0,93.91999816894531,91.33999633789062,93.44000244140625,11670000
1974-02-21,0.0,95.19000244140625,93.19999694824219,94.70999908447266,13930000
1974-02-22,0.0,96.19000244140625,94.08000183105469,95.38999938964844,16360000
1974-02-25,0.0,95.95999908447266,94.23999786376953,95.02999877929688,12900000
1974-02-26,0.0,96.37999725341797,94.19999694824219,96.0,15860000
1974-02-27,0.0,97.43000030517578,95.48999786376953,96.4000015258789,18730000
1974-02-28,0.0,96.9800033569336,95.19999694824219,96.22000122070312,13680000
1974-03-01,0.0,96.4000015258789,94.80999755859375,95.52999877929688,12880000
1974-03-04,0.0,95.94999694824219,94.19000244140625,95.52999877929688,12270000
1974-03-05,0.0,98.16999816894531,95.9800033569336,97.31999969482422,21980000
1974-03-06,0.0,98.56999969482422,96.54000091552734,97.9800033569336,19140000
1974-03-07,0.0,98.19999694824219,96.37000274658203,96.94000244140625,14500000
1974-03-08,0.0,98.27999877929688,95.7699966430664,97.77999877929688,16210000
1974-03-11,0.0,99.4000015258789,96.37999725341797,98.87999725341797,18470000
1974-03-12,0.0,100.0199966430664,97.97000122070312,99.1500015258789,17250000
1974-03-13,0.0,100.7300033569336,98.72000122070312,99.73999786376953,16820000
1974-03-14,0.0,101.05000305175781,98.80000305175781,99.6500015258789,19770000
1974-03-15,0.0,99.98999786376953,98.22000122070312,99.27999877929688,14500000
1974-03-18,0.0,99.70999908447266,97.62000274658203,98.05000305175781,14010000
1974-03-19,0.0,98.19999694824219,96.62999725341797,97.2300033569336,12800000
1974-03-20,0.0,98.22000122070312,96.66999816894531,97.56999969482422,12960000
1974-03-21,0.0,98.58999633789062,96.81999969482422,97.33999633789062,12950000
1974-03-22,0.0,98.04000091552734,96.3499984741211,97.2699966430664,11930000
1974-03-25,0.0,98.0199966430664,95.69000244140625,97.63999938964844,10540000
1974-03-26,0.0,98.66000366210938,97.11000061035156,97.94999694824219,11840000
1974-03-27,0.0,98.26000213623047,96.31999969482422,96.58999633789062,11690000
1974-03-28,0.0,96.19999694824219,94.36000061035156,94.81999969482422,14940000
1974-03-29,0.0,95.12000274658203,93.44000244140625,93.9800033569336,12150000
1974-04-01,0.0,94.68000030517578,92.81999969482422,93.25,11470000
1974-04-02,0.0,94.1500015258789,92.58999633789062,93.3499984741211,12010000
1974-04-03,0.0,94.69999694824219,92.94000244140625,94.33000183105469,11500000
1974-04-04,0.0,95.13999938964844,93.55000305175781,94.33000183105469,11650000
1974-04-05,0.0,94.23999786376953,92.55000305175781,93.01000213623047,11670000
1974-04-08,0.0,93.0,91.5,92.02999877929688,10740000
1974-04-09,0.0,93.27999877929688,91.61000061035156,92.61000061035156,11330000
1974-04-10,0.0,93.5199966430664,91.88999938964844,92.4000015258789,11160000
1974-04-11,0.0,92.91999816894531,91.55000305175781,92.12000274658203,9970000
1974-04-15,0.0,92.94000244140625,91.48999786376953,92.05000305175781,10130000
1974-04-16,0.0,94.05999755859375,92.05000305175781,93.66000366210938,14530000
1974-04-17,0.0,95.04000091552734,93.12000274658203,94.36000061035156,14020000
1974-04-18,0.0,95.41999816894531,93.75,94.77999877929688,12470000
1974-04-19,0.0,94.7699966430664,93.19999694824219,93.75,10710000
1974-04-22,0.0,94.12000274658203,92.70999908447266,93.37999725341797,10520000
1974-04-23,0.0,93.51000213623047,91.52999877929688,91.80999755859375,14110000
1974-04-24,0.0,91.81999969482422,89.91000366210938,90.30000305175781,16010000
1974-04-25,0.0,90.52999877929688,88.62000274658203,89.56999969482422,15870000
1974-04-26,0.0,91.0999984741211,89.05999755859375,90.18000030517578,13250000
1974-04-29,0.0,90.77999877929688,89.0199966430664,90.0,10170000
1974-04-30,0.0,91.08999633789062,89.37999725341797,90.30999755859375,10980000
1974-05-01,0.0,93.02999877929688,89.81999969482422,92.22000122070312,15120000
1974-05-02,0.0,93.58999633789062,91.45999908447266,92.08999633789062,13620000
1974-05-03,0.0,92.2699966430664,90.58999633789062,91.29000091552734,11080000
1974-05-06,0.0,91.5999984741211,90.12999725341797,91.12000274658203,9450000
1974-05-07,0.0,92.36000061035156,90.69000244140625,91.45999908447266,10710000
1974-05-08,0.0,92.33999633789062,90.70999908447266,91.63999938964844,11850000
1974-05-09,0.0,93.48999786376953,91.2699966430664,92.95999908447266,14710000
1974-05-10,0.0,93.56999969482422,91.02999877929688,91.47000122070312,15270000
1974-05-13,0.0,91.72000122070312,89.91000366210938,90.66000366210938,11290000
1974-05-14,0.0,91.68000030517578,90.05000305175781,90.69000244140625,10880000
1974-05-15,0.0,91.22000122070312,89.6500015258789,90.44999694824219,11240000
1974-05-16,0.0,91.30999755859375,89.36000061035156,89.72000122070312,12090000
1974-05-17,0.0,89.52999877929688,87.66999816894531,88.20999908447266,13870000
1974-05-20,0.0,89.08999633789062,87.19000244140625,87.86000061035156,10550000
1974-05-21,0.0,88.9800033569336,87.19000244140625,87.91000366210938,12190000
1974-05-22,0.0,88.79000091552734,86.72000122070312,87.08999633789062,15450000
1974-05-23,0.0,87.9800033569336,86.12000274658203,87.29000091552734,14770000
1974-05-24,0.0,89.2699966430664,87.19999694824219,88.58000183105469,13740000
1974-05-28,0.0,89.37000274658203,87.69000244140625,88.37000274658203,10580000
1974-05-29,0.0,88.83999633789062,86.5199966430664,86.88999938964844,12300000
1974-05-30,0.0,88.08999633789062,85.87000274658203,87.43000030517578,13580000
1974-05-31,0.0,88.0199966430664,86.19000244140625,87.27999877929688,10810000
1974-06-03,0.0,89.4000015258789,86.77999877929688,89.0999984741211,12490000
1974-06-04,0.0,91.12999725341797,89.08999633789062,90.13999938964844,16040000
1974-06-05,0.0,91.41999816894531,89.04000091552734,90.30999755859375,13680000
1974-06-06,0.0,92.30999755859375,89.70999908447266,91.95999908447266,13360000
1974-06-07,0.0,93.76000213623047,91.73999786376953,92.55000305175781,19020000
1974-06-10,0.0,93.63999938964844,91.52999877929688,93.0999984741211,13540000
1974-06-11,0.0,93.56999969482422,91.76000213623047,92.27999877929688,12380000
1974-06-12,0.0,92.61000061035156,90.88999938964844,92.05999755859375,11150000
1974-06-13,0.0,93.33000183105469,91.4800033569336,92.33999633789062,11540000
1974-06-14,0.0,92.2300033569336,90.7300033569336,91.30000305175781,10030000
1974-06-17,0.0,91.33999633789062,89.62999725341797,90.04000091552734,9680000
1974-06-18,0.0,90.52999877929688,88.91999816894531,89.44999694824219,10110000
1974-06-19,0.0,89.80000305175781,88.38999938964844,88.83999633789062,10550000
1974-06-20,0.0,89.3499984741211,87.80000305175781,88.20999908447266,11990000
1974-06-21,0.0,88.30999755859375,86.7699966430664,87.45999908447266,11830000
1974-06-24,0.0,88.37999725341797,86.69999694824219,87.69000244140625,9960000
1974-06-25,0.0,89.4800033569336,87.66999816894531,88.9800033569336,11920000
1974-06-26,0.0,89.12000274658203,87.30000305175781,87.61000061035156,11410000
1974-06-27,0.0,87.61000061035156,85.87999725341797,86.30999755859375,12650000
1974-06-28,0.0,86.77999877929688,85.12999725341797,86.0,12010000
1974-07-01,0.0,86.88999938964844,85.31999969482422,86.0199966430664,10270000
1974-07-02,0.0,86.26000213623047,83.9800033569336,84.30000305175781,13460000
1974-07-03,0.0,85.1500015258789,83.45999908447266,84.25,13430000
1974-07-05,0.0,84.44999694824219,83.16999816894531,83.66000366210938,7400000
1974-07-08,0.0,83.12999725341797,80.4800033569336,81.08999633789062,15510000
1974-07-09,0.0,82.5,80.3499984741211,81.4800033569336,15580000
1974-07-10,0.0,82.22000122070312,79.73999786376953,79.98999786376953,13490000
1974-07-11,0.0,81.08000183105469,79.08000183105469,79.88999938964844,14640000
1974-07-12,0.0,83.6500015258789,80.97000122070312,83.1500015258789,17770000
1974-07-15,0.0,84.88999938964844,82.6500015258789,83.77999877929688,13560000
1974-07-16,0.0,83.8499984741211,82.13999938964844,82.80999755859375,9920000
1974-07-17,0.0,84.12999725341797,81.69999694824219,83.69999694824219,11320000
1974-07-18,0.0,85.38999938964844,83.12999725341797,83.77999877929688,13980000
1974-07-19,0.0,84.66999816894531,82.87000274658203,83.54000091552734,11080000
1974-07-22,0.0,84.44000244140625,82.58999633789062,83.80999755859375,9290000
1974-07-23,0.0,85.62999725341797,83.66999816894531,84.6500015258789,12910000
1974-07-24,0.0,85.63999938964844,83.61000061035156,84.98999786376953,12870000
1974-07-25,0.0,85.66999816894531,83.12999725341797,83.9800033569336,13310000
1974-07-26,0.0,84.16999816894531,82.0,82.4000015258789,10420000
1974-07-29,0.0,82.0199966430664,80.22000122070312,80.94000244140625,11560000
1974-07-30,0.0,81.5199966430664,79.58000183105469,80.5,11360000
1974-07-31,0.0,80.81999969482422,78.95999908447266,79.30999755859375,10960000
1974-08-01,0.0,80.0199966430664,77.97000122070312,78.75,11470000
1974-08-02,0.0,79.38999938964844,77.83999633789062,78.58999633789062,10110000
1974-08-05,0.0,80.30999755859375,78.02999877929688,79.29000091552734,11230000
1974-08-06,0.0,82.6500015258789,79.77999877929688,80.5199966430664,15770000
1974-08-07,0.0,82.93000030517578,80.12999725341797,82.6500015258789,13380000
1974-08-08,0.0,83.52999877929688,80.86000061035156,81.56999969482422,16060000
1974-08-09,0.0,81.87999725341797,80.11000061035156,80.86000061035156,10160000
1974-08-12,0.0,81.26000213623047,79.30000305175781,79.75,7780000
1974-08-13,0.0,79.94999694824219,77.83000183105469,78.48999786376953,10140000
1974-08-14,0.0,76.7300033569336,76.7300033569336,76.7300033569336,11750000
1974-08-15,0.0,77.5199966430664,75.19000244140625,76.30000305175781,11130000
1974-08-16,0.0,77.0199966430664,75.29000091552734,75.66999816894531,10510000
1974-08-19,0.0,75.6500015258789,73.77999877929688,74.56999969482422,11670000
1974-08-20,0.0,76.11000061035156,73.81999969482422,74.94999694824219,13820000
1974-08-21,0.0,75.5,73.16000366210938,73.51000213623047,11650000
1974-08-22,0.0,74.05000305175781,71.61000061035156,72.80000305175781,15690000
1974-08-23,0.0,73.70999908447266,70.75,71.55000305175781,13590000
1974-08-26,0.0,73.16999816894531,70.41999816894531,72.16000366210938,14630000
1974-08-27,0.0,72.5,70.5,70.94000244140625,12970000
1974-08-28,0.0,72.16999816894531,70.12999725341797,70.76000213623047,16670000
1974-08-29,0.0,71.22000122070312,69.37000274658203,69.98999786376953,13690000
1974-08-30,0.0,72.68000030517578,70.22000122070312,72.1500015258789,16230000
1974-09-03,0.0,73.01000213623047,70.27999877929688,70.5199966430664,12750000
1974-09-04,0.0,69.8499984741211,67.63999938964844,68.69000244140625,16930000
1974-09-05,0.0,71.30000305175781,68.6500015258789,70.87000274658203,14210000
1974-09-06,0.0,72.41999816894531,70.08000183105469,71.41999816894531,15130000
1974-09-09,0.0,71.3499984741211,69.37999725341797,69.72000122070312,11160000
1974-09-10,0.0,70.47000122070312,68.55000305175781,69.23999786376953,11980000
1974-09-11,0.0,70.0,68.22000122070312,68.55000305175781,11820000
1974-09-12,0.0,68.54000091552734,66.22000122070312,66.70999908447266,16920000
1974-09-13,0.0,66.91000366210938,64.73999786376953,65.19999694824219,16070000
1974-09-16,0.0,66.91999816894531,64.1500015258789,66.26000213623047,18370000
1974-09-17,0.0,68.83999633789062,66.44999694824219,67.37999725341797,13730000
1974-09-18,0.0,68.13999938964844,65.91999816894531,67.72000122070312,11760000
1974-09-19,0.0,70.76000213623047,68.36000061035156,70.08999633789062,17000000
1974-09-20,0.0,71.12000274658203,68.62000274658203,70.13999938964844,16250000
1974-09-23,0.0,71.0199966430664,68.79000091552734,69.41999816894531,12130000
1974-09-24,0.0,69.02999877929688,67.41999816894531,68.0199966430664,9840000
1974-09-25,0.0,69.7699966430664,66.86000061035156,67.56999969482422,17620000
1974-09-26,0.0,67.4000015258789,65.79000091552734,66.45999908447266,9060000
1974-09-27,0.0,67.08999633789062,64.58000183105469,64.94000244140625,12320000
1974-09-30,0.0,64.8499984741211,62.52000045776367,63.540000915527344,15000000
1974-10-01,0.0,64.37000274658203,61.75,63.38999938964844,16890000
1974-10-02,0.0,64.62000274658203,62.7400016784668,63.380001068115234,12230000
1974-10-03,0.0,63.47999954223633,61.65999984741211,62.279998779296875,13150000
1974-10-04,0.0,63.22999954223633,60.959999084472656,62.34000015258789,15910000
1974-10-07,0.0,65.4000015258789,62.779998779296875,64.94999694824219,15000000
1974-10-08,0.0,66.06999969482422,63.95000076293945,64.83999633789062,15460000
1974-10-09,0.0,68.1500015258789,63.7400016784668,67.81999969482422,18820000
1974-10-10,0.0,71.4800033569336,68.30000305175781,69.79000091552734,26360000
1974-10-11,0.0,71.98999786376953,68.80000305175781,71.13999938964844,20090000
1974-10-14,0.0,74.43000030517578,71.16999816894531,72.73999786376953,19770000
1974-10-15,0.0,73.3499984741211,70.61000061035156,71.44000244140625,17390000
1974-10-16,0.0,71.9800033569336,69.54000091552734,70.33000183105469,14790000
1974-10-17,0.0,72.0,69.41000366210938,71.16999816894531,14470000
1974-10-18,0.0,73.33999633789062,71.19999694824219,72.27999877929688,16460000
1974-10-21,0.0,73.91999816894531,71.23999786376953,73.5,14500000
1974-10-22,0.0,75.08999633789062,72.55000305175781,73.12999725341797,18930000
1974-10-23,0.0,72.80999755859375,70.4000015258789,71.02999877929688,14200000
1974-10-24,0.0,70.9800033569336,68.80000305175781,70.22000122070312,14910000
1974-10-25,0.0,71.58999633789062,69.45999908447266,70.12000274658203,12650000
1974-10-28,0.0,70.66999816894531,68.88999938964844,70.08999633789062,10540000
1974-10-29,0.0,73.19000244140625,70.48999786376953,72.83000183105469,15610000
1974-10-30,0.0,75.44999694824219,72.4000015258789,74.30999755859375,20130000
1974-10-31,0.0,75.9000015258789,73.1500015258789,73.9000015258789,18840000
1974-11-01,0.0,74.8499984741211,72.68000030517578,73.87999725341797,13470000
1974-11-04,0.0,73.80000305175781,71.93000030517578,73.08000183105469,12740000
1974-11-05,0.0,75.36000061035156,72.48999786376953,75.11000061035156,15960000
1974-11-06,0.0,77.41000366210938,74.2300033569336,74.75,23930000
1974-11-07,0.0,76.30000305175781,73.8499984741211,75.20999908447266,17150000
1974-11-08,0.0,76.0,74.01000213623047,74.91000366210938,15890000
1974-11-11,0.0,75.69999694824219,74.04000091552734,75.1500015258789,13220000
1974-11-12,0.0,75.58999633789062,73.33999633789062,73.66999816894531,15040000
1974-11-13,0.0,74.25,72.31999969482422,73.3499984741211,16040000
1974-11-14,0.0,74.54000091552734,72.52999877929688,73.05999755859375,13540000
1974-11-15,0.0,73.2699966430664,71.41000366210938,71.91000366210938,12480000
1974-11-18,0.0,71.0999984741211,68.94999694824219,69.2699966430664,15230000
1974-11-19,0.0,69.70999908447266,67.66000366210938,68.19999694824219,15720000
1974-11-20,0.0,69.25,67.36000061035156,67.9000015258789,12430000
1974-11-21,0.0,68.94000244140625,66.8499984741211,68.18000030517578,13820000
1974-11-22,0.0,70.0,68.23999786376953,68.9000015258789,13020000
1974-11-25,0.0,69.68000030517578,67.79000091552734,68.83000183105469,11300000
1974-11-26,0.0,70.36000061035156,68.19000244140625,69.47000122070312,13600000
1974-11-27,0.0,71.30999755859375,69.16999816894531,69.94000244140625,14810000
1974-11-29,0.0,70.48999786376953,69.18000030517578,69.97000122070312,7400000
1974-12-02,0.0,69.80000305175781,67.80999755859375,68.11000061035156,11140000
1974-12-03,0.0,68.12999725341797,66.62000274658203,67.16999816894531,13620000
1974-12-04,0.0,68.31999969482422,66.61000061035156,67.41000366210938,12580000
1974-12-05,0.0,68.0,65.9000015258789,66.12999725341797,12890000
1974-12-06,0.0,66.19999694824219,64.4000015258789,65.01000213623047,15500000
1974-12-09,0.0,66.29000091552734,64.12999725341797,65.5999984741211,14660000
1974-12-10,0.0,68.16999816894531,65.87999725341797,67.27999877929688,15690000
1974-12-11,0.0,69.02999877929688,66.83000183105469,67.66999816894531,15700000
1974-12-12,0.0,68.61000061035156,66.55999755859375,67.44999694824219,15390000
1974-12-13,0.0,68.1500015258789,66.31999969482422,67.06999969482422,14000000
1974-12-16,0.0,67.73999786376953,66.0199966430664,66.45999908447266,15370000
1974-12-17,0.0,67.91999816894531,65.86000061035156,67.58000183105469,16880000
1974-12-18,0.0,69.01000213623047,67.30000305175781,67.9000015258789,18050000
1974-12-19,0.0,68.62000274658203,66.93000030517578,67.6500015258789,15900000
1974-12-20,0.0,67.93000030517578,66.36000061035156,66.91000366210938,15840000
1974-12-23,0.0,67.18000030517578,65.33999633789062,65.95999908447266,18040000
1974-12-24,0.0,67.25,65.86000061035156,66.87999725341797,9540000
1974-12-26,0.0,68.19000244140625,66.62000274658203,67.44000244140625,11810000
1974-12-27,0.0,67.98999786376953,66.48999786376953,67.13999938964844,13060000
1974-12-30,0.0,67.6500015258789,66.2300033569336,67.16000366210938,18520000
1974-12-31,0.0,69.04000091552734,67.1500015258789,68.55999755859375,20970000
1975-01-02,0.0,70.91999816894531,68.6500015258789,70.2300033569336,14800000
1975-01-03,0.0,71.63999938964844,69.29000091552734,70.70999908447266,15270000
1975-01-06,0.0,72.23999786376953,70.33000183105469,71.06999969482422,17550000
1975-01-07,0.0,71.75,69.91999816894531,71.0199966430664,14890000
1975-01-08,0.0,71.52999877929688,69.6500015258789,70.04000091552734,15600000
1975-01-09,0.0,71.41999816894531,69.04000091552734,71.16999816894531,16340000
1975-01-10,0.0,73.75,71.5999984741211,72.61000061035156,25890000
1975-01-13,0.0,73.80999755859375,71.83000183105469,72.30999755859375,19780000
1975-01-14,0.0,72.69999694824219,71.0199966430664,71.68000030517578,16610000
1975-01-15,0.0,72.7699966430664,70.44999694824219,72.13999938964844,16580000
1975-01-16,0.0,72.93000030517578,71.26000213623047,72.05000305175781,17110000
1975-01-17,0.0,72.36000061035156,70.55999755859375,70.95999908447266,14260000
1975-01-20,0.0,71.45999908447266,69.80000305175781,71.08000183105469,13450000
1975-01-21,0.0,72.04000091552734,70.25,70.69999694824219,14780000
1975-01-22,0.0,71.97000122070312,69.86000061035156,71.73999786376953,15330000
1975-01-23,0.0,73.11000061035156,71.08999633789062,72.06999969482422,17960000
1975-01-24,0.0,73.56999969482422,71.55000305175781,72.9800033569336,20670000
1975-01-27,0.0,76.02999877929688,73.76000213623047,75.37000274658203,32130000
1975-01-28,0.0,77.58999633789062,75.36000061035156,76.02999877929688,31760000
1975-01-29,0.0,78.02999877929688,75.2300033569336,77.26000213623047,27410000
1975-01-30,0.0,78.69000244140625,75.81999969482422,76.20999908447266,29740000
1975-01-31,0.0,77.72000122070312,75.41000366210938,76.9800033569336,24640000
1975-02-03,0.0,78.55000305175781,76.36000061035156,77.81999969482422,25400000
1975-02-04,0.0,78.37000274658203,76.0,77.61000061035156,25040000
1975-02-05,0.0,79.4000015258789,76.80999755859375,78.94999694824219,25830000
1975-02-06,0.0,80.72000122070312,78.08999633789062,78.55999755859375,32020000
1975-02-07,0.0,79.12000274658203,77.0,78.62999725341797,19060000
1975-02-10,0.0,79.4000015258789,77.7699966430664,78.36000061035156,16120000
1975-02-11,0.0,79.06999969482422,77.37999725341797,78.58000183105469,16470000
1975-02-12,0.0,80.20999908447266,77.94000244140625,79.91999816894531,19790000
1975-02-13,0.0,82.52999877929688,79.9800033569336,81.01000213623047,35160000
1975-02-14,0.0,82.33000183105469,80.12999725341797,81.5,23290000
1975-02-18,0.0,82.44999694824219,80.16000366210938,80.93000030517578,23990000
1975-02-19,0.0,81.94000244140625,79.83000183105469,81.44000244140625,21930000
1975-02-20,0.0,82.77999877929688,80.81999969482422,82.20999908447266,22260000
1975-02-21,0.0,83.55999755859375,81.72000122070312,82.62000274658203,24440000
1975-02-24,0.0,82.70999908447266,80.87000274658203,81.44000244140625,19150000
1975-02-25,0.0,81.08999633789062,79.05000305175781,79.52999877929688,20910000
1975-02-26,0.0,80.88999938964844,78.91000366210938,80.37000274658203,18790000
1975-02-27,0.0,81.63999938964844,80.05999755859375,80.7699966430664,16430000
1975-02-28,0.0,82.0199966430664,80.06999969482422,81.58999633789062,17560000
1975-03-03,0.0,83.45999908447266,81.31999969482422,83.02999877929688,24100000
1975-03-04,0.0,85.43000030517578,82.8499984741211,83.55999755859375,34140000
1975-03-05,0.0,84.70999908447266,82.16000366210938,83.9000015258789,24120000
1975-03-06,0.0,84.16999816894531,81.94000244140625,83.69000244140625,21780000
1975-03-07,0.0,85.13999938964844,83.25,84.30000305175781,25930000
1975-03-10,0.0,85.47000122070312,83.43000030517578,84.94999694824219,25890000
1975-03-11,0.0,85.88999938964844,83.80000305175781,84.36000061035156,31280000
1975-03-12,0.0,84.7300033569336,82.87000274658203,83.58999633789062,21560000
1975-03-13,0.0,84.26000213623047,82.5199966430664,83.73999786376953,18620000
1975-03-14,0.0,85.43000030517578,83.5,84.76000213623047,24840000
1975-03-17,0.0,86.5199966430664,84.38999938964844,86.01000213623047,26780000
1975-03-18,0.0,87.08000183105469,84.75,85.12999725341797,29180000
1975-03-19,0.0,85.16999816894531,83.43000030517578,84.33999633789062,19030000
1975-03-20,0.0,85.30000305175781,83.0199966430664,83.61000061035156,20960000
1975-03-21,0.0,84.11000061035156,82.5199966430664,83.38999938964844,15940000
1975-03-24,0.0,82.38999938964844,80.5999984741211,81.41999816894531,17810000
1975-03-25,0.0,82.66999816894531,80.08000183105469,82.05999755859375,18500000
1975-03-26,0.0,84.23999786376953,82.16000366210938,83.58999633789062,18580000
1975-03-27,0.0,84.87999725341797,83.04000091552734,83.8499984741211,18300000
1975-03-31,0.0,84.62000274658203,82.83999633789062,83.36000061035156,16270000
1975-04-01,0.0,83.58999633789062,81.9800033569336,82.63999938964844,14480000
1975-04-02,0.0,83.56999969482422,81.80000305175781,82.43000030517578,15600000
1975-04-03,0.0,82.83999633789062,80.87999725341797,81.51000213623047,13920000
1975-04-04,0.0,81.9000015258789,80.29000091552734,80.87999725341797,14170000
1975-04-07,0.0,81.11000061035156,79.66000366210938,80.3499984741211,13860000
1975-04-08,0.0,81.6500015258789,80.12999725341797,80.98999786376953,14320000
1975-04-09,0.0,83.22000122070312,80.91000366210938,82.83999633789062,18120000
1975-04-10,0.0,84.69999694824219,82.68000030517578,83.7699966430664,24990000
1975-04-11,0.0,84.68000030517578,82.93000030517578,84.18000030517578,20160000
1975-04-14,0.0,86.12000274658203,83.9800033569336,85.5999984741211,26800000
1975-04-15,0.0,87.23999786376953,85.02999877929688,86.30000305175781,29620000
1975-04-16,0.0,87.0999984741211,84.93000030517578,86.5999984741211,22970000
1975-04-17,0.0,88.79000091552734,86.43000030517578,87.25,32650000
1975-04-18,0.0,87.58999633789062,85.52999877929688,86.30000305175781,26610000
1975-04-21,0.0,87.98999786376953,85.91999816894531,87.2300033569336,23960000
1975-04-22,0.0,88.63999938964844,86.58000183105469,87.08999633789062,26120000
1975-04-23,0.0,87.41999816894531,85.6500015258789,86.12000274658203,20040000
1975-04-24,0.0,86.91999816894531,85.0,86.04000091552734,19050000
1975-04-25,0.0,87.5,85.62000274658203,86.62000274658203,20260000
1975-04-28,0.0,87.33000183105469,85.54000091552734,86.2300033569336,17850000
1975-04-29,0.0,86.79000091552734,85.04000091552734,85.63999938964844,17740000
1975-04-30,0.0,87.61000061035156,85.0,87.30000305175781,18060000
1975-05-01,0.0,89.0999984741211,86.94000244140625,88.0999984741211,20660000
1975-05-02,0.0,89.9800033569336,87.91000366210938,89.22000122070312,25210000
1975-05-05,0.0,90.81999969482422,88.26000213623047,90.08000183105469,22370000
1975-05-06,0.0,90.86000061035156,88.1500015258789,88.63999938964844,25410000
1975-05-07,0.0,89.75,87.5999984741211,89.08000183105469,22250000
1975-05-08,0.0,90.12999725341797,88.2300033569336,89.55999755859375,22980000
1975-05-09,0.0,91.23999786376953,89.33000183105469,90.52999877929688,28440000
1975-05-12,0.0,91.66999816894531,89.91000366210938,90.61000061035156,22410000
1975-05-13,0.0,92.26000213623047,89.98999786376953,91.58000183105469,24950000
1975-05-14,0.0,93.2300033569336,91.16999816894531,92.2699966430664,29050000
1975-05-15,0.0,93.51000213623047,90.94000244140625,91.41000366210938,27690000
1975-05-16,0.0,91.58999633789062,89.73999786376953,90.43000030517578,16630000
1975-05-19,0.0,91.06999969482422,88.9800033569336,90.52999877929688,17870000
1975-05-20,0.0,91.44999694824219,89.58000183105469,90.06999969482422,18310000
1975-05-21,0.0,90.25,88.47000122070312,89.05999755859375,17640000
1975-05-22,0.0,90.30000305175781,88.3499984741211,89.38999938964844,17610000
1975-05-23,0.0,91.0199966430664,89.30000305175781,90.58000183105469,17870000
1975-05-27,0.0,91.29000091552734,89.5999984741211,90.33999633789062,17050000
1975-05-28,0.0,91.13999938964844,89.06999969482422,89.70999908447266,21850000
1975-05-29,0.0,90.58999633789062,88.83000183105469,89.68000030517578,18570000
1975-05-30,0.0,91.62000274658203,89.87000274658203,91.1500015258789,22670000
1975-06-02,0.0,93.41000366210938,91.31999969482422,92.58000183105469,28240000
1975-06-03,0.0,93.76000213623047,91.87999725341797,92.88999938964844,26560000
1975-06-04,0.0,93.61000061035156,91.81999969482422,92.5999984741211,24900000
1975-06-05,0.0,93.16000366210938,91.41000366210938,92.69000244140625,21610000
1975-06-06,0.0,93.5999984741211,91.75,92.4800033569336,22230000
1975-06-09,0.0,92.87000274658203,90.91000366210938,91.20999908447266,20670000
1975-06-10,0.0,91.20999908447266,89.45999908447266,90.44000244140625,21130000
1975-06-11,0.0,91.66999816894531,90.0,90.55000305175781,18230000
1975-06-12,0.0,91.36000061035156,89.63999938964844,90.08000183105469,15970000
1975-06-13,0.0,91.05999755859375,89.30000305175781,90.5199966430664,16300000
1975-06-16,0.0,91.8499984741211,90.12000274658203,91.45999908447266,16660000
1975-06-17,0.0,92.22000122070312,90.16999816894531,90.58000183105469,19440000
1975-06-18,0.0,91.06999969482422,89.5999984741211,90.38999938964844,15590000
1975-06-19,0.0,92.37000274658203,90.12000274658203,92.0199966430664,21450000
1975-06-20,0.0,93.75,91.83000183105469,92.61000061035156,26260000
1975-06-23,0.0,93.9800033569336,91.80999755859375,93.62000274658203,20720000
1975-06-24,0.0,95.2300033569336,93.30999755859375,94.19000244140625,26620000
1975-06-25,0.0,95.29000091552734,93.52999877929688,94.62000274658203,21610000
1975-06-26,0.0,95.72000122070312,93.87999725341797,94.80999755859375,24560000
1975-06-27,0.0,95.66000366210938,94.0999984741211,94.80999755859375,18820000
1975-06-30,0.0,95.8499984741211,94.30000305175781,95.19000244140625,19430000
1975-07-01,0.0,95.7300033569336,94.12999725341797,94.8499984741211,20390000
1975-07-02,0.0,94.91000366210938,93.37000274658203,94.18000030517578,18530000
1975-07-03,0.0,95.04000091552734,93.48999786376953,94.36000061035156,19000000
1975-07-07,0.0,94.81999969482422,93.16000366210938,93.54000091552734,15850000
1975-07-08,0.0,94.02999877929688,92.51000213623047,93.38999938964844,18990000
1975-07-09,0.0,95.22000122070312,93.37999725341797,94.80000305175781,26350000
1975-07-10,0.0,96.19000244140625,94.25,94.80999755859375,28880000
1975-07-11,0.0,95.69000244140625,93.83000183105469,94.66000366210938,22210000
1975-07-14,0.0,95.76000213623047,94.04000091552734,95.19000244140625,21900000
1975-07-15,0.0,96.58000183105469,94.70999908447266,95.61000061035156,28340000
1975-07-16,0.0,96.37000274658203,94.19999694824219,94.61000061035156,25250000
1975-07-17,0.0,95.02999877929688,92.98999786376953,93.62999725341797,21420000
1975-07-18,0.0,93.95999908447266,92.38999938964844,93.19999694824219,16870000
1975-07-21,0.0,93.93000030517578,92.02999877929688,92.44000244140625,16690000
1975-07-22,0.0,92.48999786376953,90.62999725341797,91.44999694824219,20660000
1975-07-23,0.0,92.1500015258789,89.83000183105469,90.18000030517578,20150000
1975-07-24,0.0,90.94999694824219,88.9000015258789,90.06999969482422,20550000
1975-07-25,0.0,90.72000122070312,88.72000122070312,89.29000091552734,15110000
1975-07-28,0.0,89.68000030517578,88.0199966430664,88.69000244140625,14850000
1975-07-29,0.0,89.91000366210938,87.70999908447266,88.19000244140625,19000000
1975-07-30,0.0,89.48999786376953,87.68000030517578,88.83000183105469,16150000
1975-07-31,0.0,90.06999969482422,88.30999755859375,88.75,14540000
1975-08-01,0.0,89.04000091552734,87.45999908447266,87.98999786376953,13320000
1975-08-04,0.0,88.16999816894531,86.68000030517578,87.1500015258789,12620000
1975-08-05,0.0,87.80999755859375,85.88999938964844,86.2300033569336,15470000
1975-08-06,0.0,87.04000091552734,85.33999633789062,86.25,16280000
1975-08-07,0.0,87.23999786376953,85.69000244140625,86.30000305175781,12390000
1975-08-08,0.0,87.0,85.5199966430664,86.0199966430664,11660000
1975-08-11,0.0,86.88999938964844,85.33999633789062,86.55000305175781,12350000
1975-08-12,0.0,88.16999816894531,86.48999786376953,87.12000274658203,14510000
1975-08-13,0.0,87.41000366210938,85.61000061035156,85.97000122070312,12000000
1975-08-14,0.0,86.33999633789062,85.0199966430664,85.5999984741211,12460000
1975-08-15,0.0,86.76000213623047,85.33000183105469,86.36000061035156,10610000
1975-08-18,0.0,87.20999908447266,85.76000213623047,86.19999694824219,10810000
1975-08-19,0.0,86.47000122070312,84.66000366210938,84.94999694824219,14990000
1975-08-20,0.0,84.77999877929688,82.76000213623047,83.22000122070312,18630000
1975-08-21,0.0,84.1500015258789,82.20999908447266,83.06999969482422,16610000
1975-08-22,0.0,84.61000061035156,82.79000091552734,84.27999877929688,13050000
1975-08-25,0.0,85.58000183105469,84.05999755859375,85.05999755859375,11250000
1975-08-26,0.0,85.4000015258789,83.6500015258789,83.95999908447266,11350000
1975-08-27,0.0,84.79000091552734,83.3499984741211,84.43000030517578,11100000
1975-08-28,0.0,86.63999938964844,84.68000030517578,86.4000015258789,14530000
1975-08-29,0.0,87.7300033569336,86.0999984741211,86.87999725341797,15480000
1975-09-02,0.0,87.41999816894531,85.20999908447266,85.4800033569336,11460000
1975-09-03,0.0,86.37999725341797,84.62000274658203,86.02999877929688,12260000
1975-09-04,0.0,86.91000366210938,85.29000091552734,86.19999694824219,12810000
1975-09-05,0.0,86.48999786376953,85.19000244140625,85.62000274658203,11680000
1975-09-08,0.0,86.30999755859375,84.88999938964844,85.88999938964844,11500000
1975-09-09,0.0,86.7300033569336,84.37000274658203,84.5999984741211,15790000
1975-09-10,0.0,84.58999633789062,83.0,83.79000091552734,14780000
1975-09-11,0.0,84.30000305175781,82.87999725341797,83.44999694824219,11100000
1975-09-12,0.0,84.47000122070312,82.83999633789062,83.30000305175781,12230000
1975-09-15,0.0,83.48999786376953,82.29000091552734,82.87999725341797,8670000
1975-09-16,0.0,83.43000030517578,81.79000091552734,82.08999633789062,13090000
1975-09-17,0.0,82.93000030517578,81.56999969482422,82.37000274658203,12190000
1975-09-18,0.0,84.33999633789062,82.2300033569336,84.05999755859375,14560000
1975-09-19,0.0,86.38999938964844,84.26000213623047,85.87999725341797,20830000
1975-09-22,0.0,86.69999694824219,84.69999694824219,85.06999969482422,14750000
1975-09-23,0.0,85.51000213623047,83.80000305175781,84.94000244140625,12800000
1975-09-24,0.0,86.69999694824219,85.02999877929688,85.73999786376953,16060000
1975-09-25,0.0,86.41000366210938,84.79000091552734,85.63999938964844,12890000
1975-09-26,0.0,86.86000061035156,85.12999725341797,86.19000244140625,12570000
1975-09-29,0.0,86.37999725341797,84.73999786376953,85.02999877929688,10580000
1975-09-30,0.0,85.01000213623047,83.44000244140625,83.87000274658203,12520000
1975-10-01,0.0,85.44999694824219,82.56999969482422,82.93000030517578,14070000
1975-10-02,0.0,84.33000183105469,82.81999969482422,83.81999969482422,14290000
1975-10-03,0.0,86.20999908447266,83.87999725341797,85.94999694824219,16360000
1975-10-06,0.0,87.63999938964844,85.9800033569336,86.87999725341797,15470000
1975-10-07,0.0,87.31999969482422,85.55999755859375,86.7699966430664,13530000
1975-10-08,0.0,88.45999908447266,86.33999633789062,87.94000244140625,17800000
1975-10-09,0.0,89.41999816894531,87.5999984741211,88.37000274658203,17770000
1975-10-10,0.0,89.16999816894531,87.44000244140625,88.20999908447266,14880000
1975-10-13,0.0,89.66999816894531,87.7300033569336,89.45999908447266,12020000
1975-10-14,0.0,90.80000305175781,88.80999755859375,89.27999877929688,19960000
1975-10-15,0.0,90.06999969482422,88.5,89.2300033569336,14440000
1975-10-16,0.0,90.7300033569336,88.9000015258789,89.37000274658203,18910000
1975-10-17,0.0,89.87000274658203,88.08000183105469,88.86000061035156,15650000
1975-10-20,0.0,90.13999938964844,88.43000030517578,89.81999969482422,13250000
1975-10-21,0.0,91.43000030517578,89.79000091552734,90.55999755859375,20800000
1975-10-22,0.0,91.37999725341797,89.7699966430664,90.70999908447266,16060000
1975-10-23,0.0,91.75,90.08999633789062,91.23999786376953,17900000
1975-10-24,0.0,91.5199966430664,89.45999908447266,89.83000183105469,18120000
1975-10-27,0.0,90.4000015258789,88.8499984741211,89.7300033569336,13100000
1975-10-28,0.0,91.01000213623047,89.4000015258789,90.51000213623047,17060000
1975-10-29,0.0,90.61000061035156,88.88999938964844,89.38999938964844,16110000
1975-10-30,0.0,90.19999694824219,88.69999694824219,89.30999755859375,15080000
1975-10-31,0.0,89.80000305175781,88.3499984741211,89.04000091552734,12910000
1975-11-03,0.0,89.20999908447266,87.77999877929688,88.08999633789062,11400000
1975-11-04,0.0,89.02999877929688,87.62999725341797,88.51000213623047,11570000
1975-11-05,0.0,90.08000183105469,88.31999969482422,89.1500015258789,17390000
1975-11-06,0.0,90.1500015258789,88.16000366210938,89.55000305175781,18600000
1975-11-07,0.0,90.18000030517578,88.66999816894531,89.33000183105469,15930000
1975-11-10,0.0,89.9800033569336,88.3499984741211,89.33999633789062,14910000
1975-11-11,0.0,90.47000122070312,89.04000091552734,89.87000274658203,14640000
1975-11-12,0.0,91.62999725341797,89.80000305175781,91.19000244140625,23960000
1975-11-13,0.0,92.33000183105469,90.55999755859375,91.04000091552734,25070000
1975-11-14,0.0,91.58999633789062,90.19000244140625,90.97000122070312,16460000
1975-11-17,0.0,91.98999786376953,90.5,91.45999908447266,17660000
1975-11-18,0.0,92.30000305175781,90.5999984741211,91.0,20760000
1975-11-19,0.0,91.27999877929688,89.47000122070312,89.9800033569336,16820000
1975-11-20,0.0,90.68000030517578,89.08999633789062,89.63999938964844,16460000
1975-11-21,0.0,90.2300033569336,88.79000091552734,89.52999877929688,14110000
1975-11-24,0.0,90.16999816894531,88.6500015258789,89.69999694824219,13930000
1975-11-25,0.0,91.0999984741211,89.66000366210938,90.70999908447266,17490000
1975-11-26,0.0,91.58000183105469,90.16999816894531,90.94000244140625,18780000
1975-11-28,0.0,91.73999786376953,90.44000244140625,91.23999786376953,12870000
1975-12-01,0.0,91.9000015258789,90.33000183105469,90.66999816894531,16050000
1975-12-02,0.0,90.80999755859375,89.08000183105469,89.33000183105469,17930000
1975-12-03,0.0,88.83000183105469,87.08000183105469,87.5999984741211,21320000
1975-12-04,0.0,88.38999938964844,86.68000030517578,87.83999633789062,16380000
1975-12-05,0.0,88.37999725341797,86.54000091552734,86.81999969482422,14050000
1975-12-08,0.0,87.75,86.1500015258789,87.06999969482422,14150000
1975-12-09,0.0,87.80000305175781,86.16000366210938,87.30000305175781,16040000
1975-12-10,0.0,88.38999938964844,86.91000366210938,88.08000183105469,15680000
1975-12-11,0.0,88.79000091552734,87.41000366210938,87.80000305175781,15300000
1975-12-12,0.0,88.22000122070312,87.05000305175781,87.83000183105469,13100000
1975-12-15,0.0,88.63999938964844,87.31999969482422,88.08999633789062,13960000
1975-12-16,0.0,89.48999786376953,87.77999877929688,88.93000030517578,18350000
1975-12-17,0.0,89.80000305175781,88.45999908447266,89.1500015258789,16560000
1975-12-18,0.0,90.08999633789062,88.62000274658203,89.43000030517578,18040000
1975-12-19,0.0,89.80999755859375,88.38999938964844,88.80000305175781,17720000
1975-12-22,0.0,89.12999725341797,87.73999786376953,88.13999938964844,15340000
1975-12-23,0.0,89.2300033569336,87.63999938964844,88.7300033569336,17750000
1975-12-24,0.0,89.83999633789062,88.7300033569336,89.45999908447266,11150000
1975-12-26,0.0,90.44999694824219,89.25,90.25,10020000
1975-12-29,0.0,91.08999633789062,89.62999725341797,90.12999725341797,17070000
1975-12-30,0.0,90.55000305175781,89.19999694824219,89.7699966430664,16040000
1975-12-31,0.0,90.75,89.16999816894531,90.19000244140625,16970000
1976-01-02,0.0,91.18000030517578,89.80999755859375,90.9000015258789,10300000
1976-01-05,0.0,92.83999633789062,90.8499984741211,92.58000183105469,21960000
1976-01-06,0.0,94.18000030517578,92.37000274658203,93.52999877929688,31270000
1976-01-07,0.0,95.1500015258789,92.91000366210938,93.94999694824219,33170000
1976-01-08,0.0,95.47000122070312,93.41000366210938,94.58000183105469,29030000
1976-01-09,0.0,95.70999908447266,94.05000305175781,94.94999694824219,26510000
1976-01-12,0.0,96.76000213623047,94.37999725341797,96.33000183105469,30440000
1976-01-13,0.0,97.38999938964844,95.11000061035156,95.56999969482422,34530000
1976-01-14,0.0,97.47000122070312,94.91000366210938,97.12999725341797,30340000
1976-01-15,0.0,98.33999633789062,96.1500015258789,96.61000061035156,38450000
1976-01-16,0.0,97.7300033569336,95.83999633789062,97.0,25940000
1976-01-19,0.0,98.83999633789062,96.36000061035156,98.31999969482422,29450000
1976-01-20,0.0,99.44000244140625,97.43000030517578,98.86000061035156,36690000
1976-01-21,0.0,99.23999786376953,97.12000274658203,98.23999786376953,34470000
1976-01-22,0.0,98.79000091552734,97.06999969482422,98.04000091552734,27420000
1976-01-23,0.0,99.87999725341797,97.68000030517578,99.20999908447266,33640000
1976-01-26,0.0,100.75,98.91999816894531,99.68000030517578,34470000
1976-01-27,0.0,100.5199966430664,98.27999877929688,99.06999969482422,32070000
1976-01-28,0.0,99.63999938964844,97.66000366210938,98.52999877929688,27370000
1976-01-29,0.0,100.54000091552734,98.31999969482422,100.11000061035156,29800000
1976-01-30,0.0,101.98999786376953,99.94000244140625,100.86000061035156,38510000
1976-02-02,0.0,101.38999938964844,99.73999786376953,100.87000274658203,24000000
1976-02-03,0.0,101.97000122070312,99.58000183105469,101.18000030517578,34080000
1976-02-04,0.0,102.56999969482422,100.69999694824219,101.91000366210938,38270000
1976-02-05,0.0,102.30000305175781,100.05999755859375,100.38999938964844,33780000
1976-02-06,0.0,100.52999877929688,98.63999938964844,99.45999908447266,27360000
1976-02-09,0.0,100.66000366210938,98.7699966430664,99.62000274658203,25340000
1976-02-10,0.0,100.95999908447266,99.11000061035156,100.47000122070312,27660000
1976-02-11,0.0,101.80000305175781,100.0999984741211,100.7699966430664,32300000
1976-02-12,0.0,101.55000305175781,99.81999969482422,100.25,28610000
1976-02-13,0.0,100.66000366210938,99.01000213623047,99.66999816894531,23870000
1976-02-17,0.0,100.25,98.55999755859375,99.05000305175781,25460000
1976-02-18,0.0,100.43000030517578,98.5,99.8499984741211,29900000
1976-02-19,0.0,101.91999816894531,99.94000244140625,101.41000366210938,39210000
1976-02-20,0.0,103.06999969482422,101.18000030517578,102.0999984741211,44510000
1976-02-23,0.0,102.54000091552734,100.69000244140625,101.61000061035156,31460000
1976-02-24,0.0,102.91999816894531,101.02999877929688,102.02999877929688,34380000
1976-02-25,0.0,102.70999908447266,100.69000244140625,101.69000244140625,34680000
1976-02-26,0.0,102.36000061035156,99.73999786376953,100.11000061035156,34320000
1976-02-27,0.0,100.52999877929688,98.5999984741211,99.70999908447266,26940000
1976-03-01,0.0,100.63999938964844,98.66999816894531,100.0199966430664,22070000
1976-03-02,0.0,101.26000213623047,99.61000061035156,100.58000183105469,25590000
1976-03-03,0.0,100.97000122070312,99.2300033569336,99.9800033569336,25450000
1976-03-04,0.0,100.4000015258789,98.48999786376953,98.91999816894531,24410000
1976-03-05,0.0,99.87999725341797,98.2300033569336,99.11000061035156,23030000
1976-03-08,0.0,100.70999908447266,98.93000030517578,100.19000244140625,25060000
1976-03-09,0.0,101.9000015258789,99.94999694824219,100.58000183105469,31770000
1976-03-10,0.0,101.80000305175781,99.9800033569336,100.94000244140625,24900000
1976-03-11,0.0,102.41000366210938,100.62000274658203,101.88999938964844,27300000
1976-03-12,0.0,102.45999908447266,100.48999786376953,100.86000061035156,26020000
1976-03-15,0.0,100.9000015258789,99.23999786376953,99.80000305175781,19570000
1976-03-16,0.0,101.25,99.37999725341797,100.91999816894531,22780000
1976-03-17,0.0,102.01000213623047,100.27999877929688,100.86000061035156,26190000
1976-03-18,0.0,101.37000274658203,99.7300033569336,100.44999694824219,20330000
1976-03-19,0.0,101.2300033569336,99.69999694824219,100.58000183105469,18090000
1976-03-22,0.0,101.52999877929688,100.13999938964844,100.70999908447266,19410000
1976-03-23,0.0,102.54000091552734,100.31999969482422,102.23999786376953,22450000
1976-03-24,0.0,104.38999938964844,102.51000213623047,103.41999816894531,32610000
1976-03-25,0.0,104.0,102.19000244140625,102.8499984741211,22510000
1976-03-26,0.0,103.6500015258789,102.19999694824219,102.8499984741211,18510000
1976-03-29,0.0,103.36000061035156,101.98999786376953,102.41000366210938,16100000
1976-03-30,0.0,103.36000061035156,101.25,102.01000213623047,17930000
1976-03-31,0.0,103.08000183105469,101.5999984741211,102.7699966430664,17520000
1976-04-01,0.0,103.23999786376953,101.5,102.23999786376953,17910000
1976-04-02,0.0,102.76000213623047,101.2300033569336,102.25,17420000
1976-04-05,0.0,104.12999725341797,102.31999969482422,103.51000213623047,21940000
1976-04-06,0.0,104.62999725341797,102.93000030517578,103.36000061035156,24170000
1976-04-07,0.0,103.8499984741211,101.91999816894531,102.20999908447266,20190000
1976-04-08,0.0,102.37999725341797,100.52999877929688,101.27999877929688,20860000
1976-04-09,0.0,101.73999786376953,99.87000274658203,100.3499984741211,19050000
1976-04-12,0.0,101.30000305175781,99.56999969482422,100.19999694824219,16030000
1976-04-13,0.0,101.38999938964844,99.63999938964844,101.05000305175781,15990000
1976-04-14,0.0,101.7699966430664,99.9800033569336,100.30999755859375,18440000
1976-04-15,0.0,101.18000030517578,99.7300033569336,100.66999816894531,15100000
1976-04-19,0.0,101.83000183105469,100.31999969482422,101.44000244140625,16500000
1976-04-20,0.0,103.31999969482422,101.41999816894531,102.87000274658203,23500000
1976-04-21,0.0,104.02999877929688,102.30000305175781,103.31999969482422,26600000
1976-04-22,0.0,104.04000091552734,102.5199966430664,102.9800033569336,20220000
1976-04-23,0.0,103.20999908447266,101.69999694824219,102.29000091552734,17000000
1976-04-26,0.0,102.80000305175781,101.36000061035156,102.43000030517578,15520000
1976-04-27,0.0,103.18000030517578,101.51000213623047,101.86000061035156,17760000
1976-04-28,0.0,102.45999908447266,100.91000366210938,102.12999725341797,15790000
1976-04-29,0.0,102.97000122070312,101.44999694824219,102.12999725341797,17740000
1976-04-30,0.0,102.6500015258789,101.16000366210938,101.63999938964844,14530000
1976-05-03,0.0,101.7300033569336,100.13999938964844,100.91999816894531,15180000
1976-05-04,0.0,101.93000030517578,100.29000091552734,101.45999908447266,17240000
1976-05-05,0.0,101.91999816894531,100.44999694824219,100.87999725341797,14970000
1976-05-06,0.0,101.69999694824219,100.30999755859375,101.16000366210938,16200000
1976-05-07,0.0,102.2699966430664,100.7699966430664,101.87999725341797,17810000
1976-05-10,0.0,103.51000213623047,101.76000213623047,103.0999984741211,22760000
1976-05-11,0.0,103.98999786376953,102.38999938964844,102.94999694824219,23590000
1976-05-12,0.0,103.55000305175781,102.13999938964844,102.7699966430664,18510000
1976-05-13,0.0,103.02999877929688,101.7300033569336,102.16000366210938,16730000
1976-05-14,0.0,102.2300033569336,100.81999969482422,101.33999633789062,16800000
1976-05-17,0.0,101.70999908447266,100.41000366210938,101.08999633789062,14720000
1976-05-18,0.0,102.0,100.72000122070312,101.26000213623047,17410000
1976-05-19,0.0,102.01000213623047,100.55000305175781,101.18000030517578,18450000
1976-05-20,0.0,102.52999877929688,100.69000244140625,102.0,22560000
1976-05-21,0.0,102.33999633789062,100.80999755859375,101.26000213623047,18730000
1976-05-24,0.0,101.06999969482422,99.11000061035156,99.44000244140625,16560000
1976-05-25,0.0,100.0199966430664,98.4800033569336,99.48999786376953,18770000
1976-05-26,0.0,100.13999938964844,98.6500015258789,99.33999633789062,16750000
1976-05-27,0.0,99.7699966430664,98.26000213623047,99.37999725341797,15310000
1976-05-28,0.0,100.63999938964844,99.0,100.18000030517578,16860000
1976-06-01,0.0,100.73999786376953,99.36000061035156,99.8499984741211,13880000
1976-06-02,0.0,100.69000244140625,99.26000213623047,100.22000122070312,16120000
1976-06-03,0.0,101.0999984741211,99.68000030517578,100.12999725341797,18900000
1976-06-04,0.0,100.2699966430664,98.79000091552734,99.1500015258789,15960000
1976-06-07,0.0,99.38999938964844,97.97000122070312,98.62999725341797,14510000
1976-06-08,0.0,99.70999908447266,98.31999969482422,98.80000305175781,16660000
1976-06-09,0.0,99.48999786376953,98.2300033569336,98.73999786376953,14560000
1976-06-10,0.0,99.9800033569336,98.55000305175781,99.55999755859375,16100000
1976-06-11,0.0,101.22000122070312,99.37999725341797,100.91999816894531,19470000
1976-06-14,0.0,102.51000213623047,101.0,101.94999694824219,21250000
1976-06-15,0.0,102.38999938964844,100.83999633789062,101.45999908447266,18440000
1976-06-16,0.0,102.6500015258789,100.95999908447266,102.01000213623047,21620000
1976-06-17,0.0,104.12000274658203,101.97000122070312,103.61000061035156,27810000
1976-06-18,0.0,104.80000305175781,103.05999755859375,103.76000213623047,25720000
1976-06-21,0.0,104.7300033569336,103.18000030517578,104.27999877929688,18930000
1976-06-22,0.0,104.81999969482422,103.16000366210938,103.47000122070312,21150000
1976-06-23,0.0,103.9000015258789,102.4000015258789,103.25,17530000
1976-06-24,0.0,104.37000274658203,102.9000015258789,103.79000091552734,19850000
1976-06-25,0.0,104.54000091552734,103.16999816894531,103.72000122070312,17830000
1976-06-28,0.0,104.3499984741211,102.97000122070312,103.43000030517578,17490000
1976-06-29,0.0,104.33000183105469,102.94999694824219,103.86000061035156,19620000
1976-06-30,0.0,105.06999969482422,103.5199966430664,104.27999877929688,23830000
1976-07-01,0.0,104.9800033569336,103.13999938964844,103.58999633789062,21130000
1976-07-02,0.0,104.52999877929688,103.12999725341797,104.11000061035156,16730000
1976-07-06,0.0,104.66999816894531,103.19000244140625,103.54000091552734,16130000
1976-07-07,0.0,104.2300033569336,102.80000305175781,103.83000183105469,18470000
1976-07-08,0.0,104.75,103.44000244140625,103.9800033569336,21710000
1976-07-09,0.0,105.41000366210938,103.80000305175781,104.9800033569336,23500000
1976-07-12,0.0,106.30000305175781,104.73999786376953,105.9000015258789,23750000
1976-07-13,0.0,106.77999877929688,105.1500015258789,105.66999816894531,27550000
1976-07-14,0.0,106.61000061035156,105.05000305175781,105.94999694824219,23840000
1976-07-15,0.0,106.25,104.76000213623047,105.19999694824219,20400000
1976-07-16,0.0,105.2699966430664,103.87000274658203,104.68000030517578,20450000
1976-07-19,0.0,105.31999969482422,103.83999633789062,104.29000091552734,18200000
1976-07-20,0.0,104.56999969482422,103.05000305175781,103.72000122070312,18810000
1976-07-21,0.0,104.55999755859375,103.20999908447266,103.81999969482422,18350000
1976-07-22,0.0,104.41999816894531,103.1500015258789,103.93000030517578,15600000
1976-07-23,0.0,104.70999908447266,103.48999786376953,104.05999755859375,15870000
1976-07-26,0.0,104.69000244140625,103.45999908447266,104.06999969482422,13530000
1976-07-27,0.0,104.51000213623047,103.12999725341797,103.4800033569336,15580000
1976-07-28,0.0,103.58000183105469,102.30999755859375,103.05000305175781,16000000
1976-07-29,0.0,103.58999633789062,102.36000061035156,102.93000030517578,13330000
1976-07-30,0.0,103.87999725341797,102.47000122070312,103.44000244140625,14830000
1976-08-02,0.0,103.9800033569336,102.63999938964844,103.19000244140625,13870000
1976-08-03,0.0,104.48999786376953,102.79000091552734,104.13999938964844,18500000
1976-08-04,0.0,105.18000030517578,103.72000122070312,104.43000030517578,20650000
1976-08-05,0.0,104.76000213623047,103.4800033569336,103.8499984741211,15530000
1976-08-06,0.0,104.25,103.0999984741211,103.79000091552734,13930000
1976-08-09,0.0,104.0199966430664,103.01000213623047,103.48999786376953,11700000
1976-08-10,0.0,104.70999908447266,103.20999908447266,104.41000366210938,16690000
1976-08-11,0.0,105.23999786376953,103.7300033569336,104.05999755859375,18710000
1976-08-12,0.0,104.63999938964844,103.37999725341797,104.22000122070312,15560000
1976-08-13,0.0,104.79000091552734,103.61000061035156,104.25,13930000
1976-08-16,0.0,104.98999786376953,103.73999786376953,104.43000030517578,16210000
1976-08-17,0.0,105.25,103.9800033569336,104.80000305175781,18500000
1976-08-18,0.0,105.41000366210938,104.12000274658203,104.55999755859375,17150000
1976-08-19,0.0,104.73999786376953,103.01000213623047,103.38999938964844,17230000
1976-08-20,0.0,103.30999755859375,101.95999908447266,102.37000274658203,14920000
1976-08-23,0.0,102.48999786376953,101.04000091552734,101.95999908447266,15450000
1976-08-24,0.0,102.6500015258789,100.9800033569336,101.2699966430664,16740000
1976-08-25,0.0,102.41000366210938,100.43000030517578,102.02999877929688,17400000
1976-08-26,0.0,102.58999633789062,101.01000213623047,101.31999969482422,15270000
1976-08-27,0.0,101.9000015258789,100.55000305175781,101.4800033569336,12120000
1976-08-30,0.0,102.51000213623047,101.22000122070312,102.06999969482422,11140000
1976-08-31,0.0,103.37999725341797,101.94000244140625,102.91000366210938,15480000
1976-09-01,0.0,104.30000305175781,102.5999984741211,104.05999755859375,18640000
1976-09-02,0.0,104.83999633789062,103.47000122070312,103.91999816894531,18920000
1976-09-03,0.0,104.62999725341797,103.36000061035156,104.30000305175781,13280000
1976-09-07,0.0,105.30999755859375,103.93000030517578,105.02999877929688,16310000
1976-09-08,0.0,105.7300033569336,104.33999633789062,104.94000244140625,19750000
1976-09-09,0.0,105.12000274658203,103.91000366210938,104.4000015258789,16540000
1976-09-10,0.0,105.02999877929688,103.79000091552734,104.6500015258789,16930000
1976-09-13,0.0,105.29000091552734,103.87999725341797,104.29000091552734,16100000
1976-09-14,0.0,104.5,103.30999755859375,103.94000244140625,15550000
1976-09-15,0.0,104.69999694824219,103.27999877929688,104.25,17570000
1976-09-16,0.0,105.58999633789062,103.83999633789062,105.33999633789062,19620000
1976-09-17,0.0,106.80999755859375,105.13999938964844,106.2699966430664,28270000
1976-09-20,0.0,107.19999694824219,105.73999786376953,106.31999969482422,21730000
1976-09-21,0.0,108.12999725341797,106.08999633789062,107.83000183105469,30300000
1976-09-22,0.0,108.72000122070312,106.91999816894531,107.45999908447266,32970000
1976-09-23,0.0,107.95999908447266,106.4000015258789,106.91999816894531,24210000
1976-09-24,0.0,107.36000061035156,106.02999877929688,106.80000305175781,17400000
1976-09-27,0.0,107.69999694824219,106.3499984741211,107.2699966430664,17430000
1976-09-28,0.0,107.54000091552734,105.61000061035156,105.91999816894531,20440000
1976-09-29,0.0,106.44999694824219,104.83000183105469,105.37000274658203,18090000
1976-09-30,0.0,105.83999633789062,104.56999969482422,105.23999786376953,14700000
1976-10-01,0.0,105.75,103.5999984741211,104.16999816894531,20620000
1976-10-04,0.0,104.62000274658203,103.41999816894531,104.02999877929688,12630000
1976-10-05,0.0,104.25,102.51000213623047,103.2300033569336,19200000
1976-10-06,0.0,103.72000122070312,102.05000305175781,102.97000122070312,20870000
1976-10-07,0.0,103.9000015258789,102.16000366210938,103.54000091552734,19830000
1976-10-08,0.0,104.0,102.23999786376953,102.55999755859375,16740000
1976-10-11,0.0,102.4800033569336,100.9800033569336,101.63999938964844,14620000
1976-10-12,0.0,102.19000244140625,100.37999725341797,100.80999755859375,18210000
1976-10-13,0.0,102.44000244140625,100.54000091552734,102.12000274658203,21690000
1976-10-14,0.0,102.13999938964844,100.27999877929688,100.8499984741211,18610000
1976-10-15,0.0,101.5,100.0199966430664,100.87999725341797,16210000
1976-10-18,0.0,101.98999786376953,100.62000274658203,101.47000122070312,15710000
1976-10-19,0.0,102.04000091552734,100.41999816894531,101.44999694824219,16200000
1976-10-20,0.0,102.2300033569336,100.80999755859375,101.73999786376953,15860000
1976-10-21,0.0,102.31999969482422,100.48999786376953,100.7699966430664,17980000
1976-10-22,0.0,100.93000030517578,99.23999786376953,99.95999908447266,17870000
1976-10-25,0.0,100.5999984741211,99.20999908447266,100.06999969482422,13310000
1976-10-26,0.0,101.5,99.91000366210938,101.05999755859375,15490000
1976-10-27,0.0,102.12000274658203,100.61000061035156,101.76000213623047,15790000
1976-10-28,0.0,102.5,101.12000274658203,101.61000061035156,16920000
1976-10-29,0.0,103.0999984741211,101.1500015258789,102.9000015258789,17030000
1976-11-01,0.0,103.77999877929688,102.19000244140625,103.0999984741211,18390000
1976-11-03,0.0,102.48999786376953,100.7300033569336,101.91999816894531,19350000
1976-11-04,0.0,103.16000366210938,101.4000015258789,102.41000366210938,21700000
1976-11-05,0.0,102.69999694824219,100.4800033569336,100.81999969482422,20780000
1976-11-08,0.0,100.62000274658203,99.0999984741211,99.5999984741211,16520000
1976-11-09,0.0,100.20999908447266,98.37999725341797,99.31999969482422,19210000
1976-11-10,0.0,99.9800033569336,98.18000030517578,98.80999755859375,18890000
1976-11-11,0.0,99.88999938964844,98.3499984741211,99.63999938964844,13230000
1976-11-12,0.0,99.94999694824219,98.51000213623047,99.23999786376953,15550000
1976-11-15,0.0,100.16000366210938,98.52999877929688,99.9000015258789,16710000
1976-11-16,0.0,101.12000274658203,99.44000244140625,100.04000091552734,21020000
1976-11-17,0.0,101.31999969482422,99.63999938964844,100.61000061035156,19900000
1976-11-18,0.0,102.22000122070312,100.48999786376953,101.88999938964844,24000000
1976-11-19,0.0,102.7699966430664,101.16999816894531,101.91999816894531,24550000
1976-11-22,0.0,103.1500015258789,101.62999725341797,102.58999633789062,20930000
1976-11-23,0.0,102.9000015258789,101.5,101.95999908447266,19090000
1976-11-24,0.0,102.8499984741211,101.41000366210938,102.41000366210938,20420000
1976-11-26,0.0,103.51000213623047,102.12999725341797,103.1500015258789,15000000
1976-11-29,0.0,103.45999908447266,102.06999969482422,102.44000244140625,18750000
1976-11-30,0.0,102.72000122070312,101.45999908447266,102.0999984741211,17030000
1976-12-01,0.0,103.02999877929688,101.62000274658203,102.48999786376953,21960000
1976-12-02,0.0,103.30000305175781,101.69999694824219,102.12000274658203,23300000
1976-12-03,0.0,103.30999755859375,101.75,102.76000213623047,22640000
1976-12-06,0.0,104.1500015258789,102.52999877929688,103.55999755859375,24830000
1976-12-07,0.0,104.4000015258789,102.95999908447266,103.48999786376953,26140000
1976-12-08,0.0,104.4000015258789,102.94000244140625,104.08000183105469,24560000
1976-12-09,0.0,105.2699966430664,103.70999908447266,104.51000213623047,31800000
1976-12-10,0.0,105.36000061035156,103.9000015258789,104.69999694824219,25960000
1976-12-13,0.0,105.33000183105469,103.94000244140625,104.62999725341797,24830000
1976-12-14,0.0,105.44000244140625,103.80000305175781,105.06999969482422,25130000
1976-12-15,0.0,105.88999938964844,104.33000183105469,105.13999938964844,28300000
1976-12-16,0.0,105.52999877929688,104.06999969482422,104.80000305175781,23920000
1976-12-17,0.0,105.5999984741211,103.88999938964844,104.26000213623047,23870000
1976-12-20,0.0,104.62999725341797,103.20999908447266,103.6500015258789,20690000
1976-12-21,0.0,104.66000366210938,102.98999786376953,104.22000122070312,24390000
1976-12-22,0.0,105.58999633789062,104.02999877929688,104.70999908447266,26970000
1976-12-23,0.0,105.48999786376953,104.08999633789062,104.83999633789062,24560000
1976-12-27,0.0,106.30999755859375,104.58000183105469,106.05999755859375,20130000
1976-12-28,0.0,107.36000061035156,105.9000015258789,106.7699966430664,25790000
1976-12-29,0.0,107.16999816894531,105.83000183105469,106.33999633789062,21910000
1976-12-30,0.0,107.41000366210938,105.97000122070312,106.87999725341797,23700000
1976-12-31,0.0,107.81999969482422,106.55000305175781,107.45999908447266,19170000
1977-01-03,0.0,107.97000122070312,106.41999816894531,107.0,21280000
1977-01-04,0.0,107.30999755859375,105.4000015258789,105.69999694824219,22740000
1977-01-05,0.0,106.06999969482422,104.33000183105469,104.76000213623047,25010000
1977-01-06,0.0,105.86000061035156,104.4000015258789,105.0199966430664,23920000
1977-01-07,0.0,105.58999633789062,104.30000305175781,105.01000213623047,21720000
1977-01-10,0.0,105.75,104.45999908447266,105.19999694824219,20860000
1977-01-11,0.0,105.5999984741211,103.76000213623047,104.12000274658203,24100000
1977-01-12,0.0,104.18000030517578,102.75,103.4000015258789,22670000
1977-01-13,0.0,104.5999984741211,103.20999908447266,104.19999694824219,24780000
1977-01-14,0.0,104.70999908447266,103.37000274658203,104.01000213623047,24480000
1977-01-17,0.0,104.37000274658203,103.04000091552734,103.7300033569336,21060000
1977-01-18,0.0,104.29000091552734,102.70999908447266,103.31999969482422,24380000
1977-01-19,0.0,104.37999725341797,102.83000183105469,103.8499984741211,27120000
1977-01-20,0.0,104.44999694824219,102.5,102.97000122070312,26520000
1977-01-21,0.0,103.91000366210938,102.3499984741211,103.31999969482422,23930000
1977-01-24,0.0,104.05999755859375,102.5,103.25,22890000
1977-01-25,0.0,104.08000183105469,102.41999816894531,103.12999725341797,26340000
1977-01-26,0.0,103.4800033569336,101.83999633789062,102.33999633789062,27840000
1977-01-27,0.0,102.80999755859375,101.2699966430664,101.79000091552734,24360000
1977-01-28,0.0,102.61000061035156,101.08000183105469,101.93000030517578,22700000
1977-01-31,0.0,102.44000244140625,100.91000366210938,102.02999877929688,22920000
1977-02-01,0.0,103.05999755859375,101.56999969482422,102.54000091552734,23700000
1977-02-02,0.0,103.31999969482422,101.88999938964844,102.36000061035156,25700000
1977-02-03,0.0,102.56999969482422,101.27999877929688,101.8499984741211,23790000
1977-02-04,0.0,102.70999908447266,101.30000305175781,101.87999725341797,23130000
1977-02-07,0.0,102.43000030517578,101.25,101.88999938964844,20700000
1977-02-08,0.0,102.6500015258789,101.16000366210938,101.5999984741211,24040000
1977-02-09,0.0,101.87999725341797,100.12000274658203,100.7300033569336,23640000
1977-02-10,0.0,101.51000213623047,100.16000366210938,100.81999969482422,22340000
1977-02-11,0.0,101.18000030517578,99.73999786376953,100.22000122070312,20510000
1977-02-14,0.0,101.05999755859375,99.51000213623047,100.73999786376953,19230000
1977-02-15,0.0,101.66999816894531,100.3499984741211,101.04000091552734,21620000
1977-02-16,0.0,102.22000122070312,100.68000030517578,101.5,23430000
1977-02-17,0.0,101.76000213623047,100.43000030517578,100.91999816894531,19040000
1977-02-18,0.0,101.12999725341797,99.94999694824219,100.48999786376953,18040000
1977-02-22,0.0,101.22000122070312,99.94000244140625,100.48999786376953,17730000
1977-02-23,0.0,100.94999694824219,99.77999877929688,100.19000244140625,18240000
1977-02-24,0.0,100.41999816894531,99.18000030517578,99.5999984741211,19730000
1977-02-25,0.0,100.0199966430664,98.81999969482422,99.4800033569336,17610000
1977-02-28,0.0,100.05999755859375,98.91000366210938,99.81999969482422,16220000
1977-03-01,0.0,101.02999877929688,99.6500015258789,100.66000366210938,19480000
1977-03-02,0.0,101.23999786376953,99.97000122070312,100.38999938964844,18010000
1977-03-03,0.0,101.27999877929688,100.01000213623047,100.87999725341797,17560000
1977-03-04,0.0,101.66999816894531,100.5199966430664,101.19999694824219,18950000
1977-03-07,0.0,101.7699966430664,100.63999938964844,101.25,17410000
1977-03-08,0.0,101.8499984741211,100.4800033569336,100.87000274658203,19520000
1977-03-09,0.0,100.88999938964844,99.62999725341797,100.0999984741211,19680000
1977-03-10,0.0,100.95999908447266,99.48999786376953,100.66999816894531,18620000
1977-03-11,0.0,101.37000274658203,100.13999938964844,100.6500015258789,18230000
1977-03-14,0.0,101.75,100.23999786376953,101.41999816894531,19290000
1977-03-15,0.0,102.61000061035156,101.33999633789062,101.9800033569336,23940000
1977-03-16,0.0,102.69999694824219,101.5199966430664,102.16999816894531,22140000
1977-03-17,0.0,102.58000183105469,101.27999877929688,102.08000183105469,20700000
1977-03-18,0.0,102.61000061035156,101.38999938964844,101.86000061035156,19840000
1977-03-21,0.0,102.12999725341797,100.91999816894531,101.30999755859375,18040000
1977-03-22,0.0,101.58000183105469,100.3499984741211,101.0,18660000
1977-03-23,0.0,101.41999816894531,99.87999725341797,100.19999694824219,19360000
1977-03-24,0.0,100.5999984741211,99.26000213623047,99.69999694824219,19650000
1977-03-25,0.0,100.05000305175781,98.70999908447266,99.05999755859375,16550000
1977-03-28,0.0,99.54000091552734,98.3499984741211,99.0,16710000
1977-03-29,0.0,100.12000274658203,98.94999694824219,99.69000244140625,17030000
1977-03-30,0.0,99.98999786376953,98.18000030517578,98.54000091552734,18810000
1977-03-31,0.0,99.13999938964844,97.80000305175781,98.41999816894531,16510000
1977-04-01,0.0,99.56999969482422,98.37999725341797,99.20999908447266,17050000
1977-04-04,0.0,99.5,97.9800033569336,98.2300033569336,16250000
1977-04-05,0.0,98.5999984741211,97.43000030517578,98.01000213623047,18330000
1977-04-06,0.0,98.61000061035156,97.44999694824219,97.91000366210938,16600000
1977-04-07,0.0,98.6500015258789,97.4800033569336,98.3499984741211,17260000
1977-04-11,0.0,99.37000274658203,98.08000183105469,98.87999725341797,17650000
1977-04-12,0.0,100.58000183105469,98.97000122070312,100.1500015258789,23760000
1977-04-13,0.0,100.72000122070312,99.0199966430664,100.16000366210938,21800000
1977-04-14,0.0,102.06999969482422,100.41999816894531,101.0,30490000
1977-04-15,0.0,101.62999725341797,100.3499984741211,101.04000091552734,20230000
1977-04-18,0.0,101.36000061035156,100.08999633789062,100.54000091552734,17830000
1977-04-19,0.0,100.80999755859375,99.58000183105469,100.06999969482422,19510000
1977-04-20,0.0,100.9800033569336,99.48999786376953,100.4000015258789,25090000
1977-04-21,0.0,101.19999694824219,99.3499984741211,99.75,22740000
1977-04-22,0.0,99.66999816894531,98.08000183105469,98.44000244140625,20700000
1977-04-25,0.0,98.31999969482422,96.54000091552734,97.1500015258789,20440000
1977-04-26,0.0,97.94000244140625,96.52999877929688,97.11000061035156,20040000
1977-04-27,0.0,98.47000122070312,96.9000015258789,97.95999908447266,20590000
1977-04-28,0.0,98.7699966430664,97.47000122070312,98.19999694824219,18370000
1977-04-29,0.0,98.87000274658203,97.58000183105469,98.44000244140625,18330000
1977-05-02,0.0,99.26000213623047,97.97000122070312,98.93000030517578,17970000
1977-05-03,0.0,99.95999908447266,98.72000122070312,99.43000030517578,21950000
1977-05-04,0.0,100.55999755859375,98.9000015258789,99.95999908447266,23330000
1977-05-05,0.0,100.79000091552734,99.27999877929688,100.11000061035156,23450000
1977-05-06,0.0,100.19999694824219,98.94999694824219,99.48999786376953,19370000
1977-05-09,0.0,99.77999877929688,98.66000366210938,99.18000030517578,15230000
1977-05-10,0.0,100.08999633789062,98.81999969482422,99.47000122070312,21090000
1977-05-11,0.0,99.7699966430664,98.4000015258789,98.77999877929688,18980000
1977-05-12,0.0,99.25,97.91000366210938,98.7300033569336,21980000
1977-05-13,0.0,99.5199966430664,98.37000274658203,99.02999877929688,19780000
1977-05-16,0.0,99.9800033569336,98.79000091552734,99.47000122070312,21170000
1977-05-17,0.0,100.11000061035156,98.76000213623047,99.7699966430664,22290000
1977-05-18,0.0,100.93000030517578,99.58000183105469,100.30000305175781,27800000
1977-05-19,0.0,100.73999786376953,99.48999786376953,99.87999725341797,21280000
1977-05-20,0.0,100.12000274658203,98.91000366210938,99.44999694824219,18950000
1977-05-23,0.0,99.3499984741211,97.87999725341797,98.1500015258789,18290000
1977-05-24,0.0,98.25,97.0,97.66999816894531,20050000
1977-05-25,0.0,98.13999938964844,96.5,96.7699966430664,20710000
1977-05-26,0.0,97.47000122070312,96.19999694824219,97.01000213623047,18620000
1977-05-27,0.0,97.26000213623047,95.91999816894531,96.2699966430664,15730000
1977-05-31,0.0,96.75,95.5199966430664,96.12000274658203,17800000
1977-06-01,0.0,97.2699966430664,95.88999938964844,96.93000030517578,18320000
1977-06-02,0.0,97.52999877929688,96.2300033569336,96.73999786376953,18620000
1977-06-03,0.0,98.12000274658203,96.55000305175781,97.69000244140625,20330000
1977-06-06,0.0,98.26000213623047,96.88999938964844,97.2300033569336,18930000
1977-06-07,0.0,98.01000213623047,96.5999984741211,97.7300033569336,21110000
1977-06-08,0.0,98.75,97.48999786376953,98.19999694824219,22200000
1977-06-09,0.0,98.62000274658203,97.51000213623047,98.13999938964844,19940000
1977-06-10,0.0,98.86000061035156,97.68000030517578,98.45999908447266,20630000
1977-06-13,0.0,99.20999908447266,98.05999755859375,98.73999786376953,20250000
1977-06-14,0.0,100.12000274658203,98.76000213623047,99.86000061035156,25390000
1977-06-15,0.0,100.30999755859375,99.12000274658203,99.61000061035156,22640000
1977-06-16,0.0,100.33000183105469,98.91000366210938,99.8499984741211,24310000
1977-06-17,0.0,100.47000122070312,99.33999633789062,99.97000122070312,21960000
1977-06-20,0.0,100.76000213623047,99.55999755859375,100.41999816894531,22950000
1977-06-21,0.0,101.41000366210938,100.16000366210938,100.73999786376953,29730000
1977-06-22,0.0,101.06999969482422,99.9000015258789,100.45999908447266,25070000
1977-06-23,0.0,101.0999984741211,99.87999725341797,100.62000274658203,24330000
1977-06-24,0.0,101.6500015258789,100.41000366210938,101.19000244140625,27490000
1977-06-27,0.0,101.62999725341797,100.47000122070312,100.9800033569336,19870000
1977-06-28,0.0,101.36000061035156,99.87000274658203,100.13999938964844,22670000
1977-06-29,0.0,100.48999786376953,99.30000305175781,100.11000061035156,19000000
1977-06-30,0.0,100.87999725341797,99.68000030517578,100.4800033569336,19410000
1977-07-01,0.0,100.76000213623047,99.62999725341797,100.0999984741211,18160000
1977-07-05,0.0,100.72000122070312,99.62000274658203,100.08999633789062,16850000
1977-07-06,0.0,100.41000366210938,99.19999694824219,99.58000183105469,21230000
1977-07-07,0.0,100.30000305175781,99.12000274658203,99.93000030517578,21740000
1977-07-08,0.0,100.62000274658203,99.37000274658203,99.79000091552734,23820000
1977-07-11,0.0,100.16000366210938,98.9000015258789,99.55000305175781,19790000
1977-07-12,0.0,100.01000213623047,98.80999755859375,99.44999694824219,22470000
1977-07-13,0.0,99.98999786376953,98.83000183105469,99.58999633789062,23160000
1977-07-15,0.0,100.68000030517578,99.27999877929688,100.18000030517578,29120000
1977-07-18,0.0,101.4000015258789,99.94000244140625,100.94999694824219,29890000
1977-07-19,0.0,102.16999816894531,100.68000030517578,101.79000091552734,31930000
1977-07-20,0.0,102.56999969482422,101.13999938964844,101.7300033569336,29380000
1977-07-21,0.0,102.19000244140625,100.8499984741211,101.58999633789062,26880000
1977-07-22,0.0,102.27999877929688,101.0199966430664,101.66999816894531,23110000
1977-07-25,0.0,101.8499984741211,100.45999908447266,100.8499984741211,20430000
1977-07-26,0.0,100.91999816894531,99.72000122070312,100.2699966430664,21390000
1977-07-27,0.0,100.29000091552734,98.30999755859375,98.63999938964844,26440000
1977-07-28,0.0,99.36000061035156,97.77999877929688,98.79000091552734,26340000
1977-07-29,0.0,99.20999908447266,97.70999908447266,98.8499984741211,20350000
1977-08-01,0.0,99.83999633789062,98.45999908447266,99.12000274658203,17920000
1977-08-02,0.0,99.2699966430664,98.13999938964844,98.5,17910000
1977-08-03,0.0,98.86000061035156,97.52999877929688,98.37000274658203,21710000
1977-08-04,0.0,99.19000244140625,97.79000091552734,98.73999786376953,18870000
1977-08-05,0.0,99.44000244140625,98.30999755859375,98.76000213623047,19940000
1977-08-08,0.0,98.86000061035156,97.68000030517578,97.98999786376953,15870000
1977-08-09,0.0,98.62999725341797,97.4800033569336,98.05000305175781,19900000
1977-08-10,0.0,99.05999755859375,97.66999816894531,98.91999816894531,18280000
1977-08-11,0.0,99.44999694824219,97.9000015258789,98.16000366210938,21740000
1977-08-12,0.0,98.51000213623047,97.30999755859375,97.87999725341797,16870000
1977-08-15,0.0,98.55999755859375,97.13999938964844,98.18000030517578,15750000
1977-08-16,0.0,98.5999984741211,97.3499984741211,97.7300033569336,19340000
1977-08-17,0.0,98.4000015258789,97.12000274658203,97.73999786376953,20920000
1977-08-18,0.0,98.69000244140625,97.20999908447266,97.68000030517578,21040000
1977-08-19,0.0,98.29000091552734,96.77999877929688,97.51000213623047,20800000
1977-08-22,0.0,98.29000091552734,96.83999633789062,97.79000091552734,17870000
1977-08-23,0.0,98.5199966430664,97.18000030517578,97.62000274658203,20290000
1977-08-24,0.0,97.98999786376953,96.7699966430664,97.2300033569336,18170000
1977-08-25,0.0,97.18000030517578,95.80999755859375,96.1500015258789,19400000
1977-08-26,0.0,96.41999816894531,95.04000091552734,96.05999755859375,18480000
1977-08-29,0.0,97.25,95.93000030517578,96.91999816894531,15280000
1977-08-30,0.0,97.55000305175781,96.04000091552734,96.37999725341797,18220000
1977-08-31,0.0,97.0,95.58999633789062,96.7699966430664,19080000
1977-09-01,0.0,97.54000091552734,96.3499984741211,96.83000183105469,18820000
1977-09-02,0.0,97.76000213623047,96.51000213623047,97.44999694824219,15620000
1977-09-06,0.0,98.12999725341797,96.93000030517578,97.70999908447266,16130000
1977-09-07,0.0,98.37999725341797,97.33000183105469,98.01000213623047,18070000
1977-09-08,0.0,98.43000030517578,97.01000213623047,97.27999877929688,18290000
1977-09-09,0.0,97.0999984741211,95.97000122070312,96.37000274658203,18100000
1977-09-12,0.0,96.63999938964844,95.37000274658203,96.02999877929688,18700000
1977-09-13,0.0,96.55999755859375,95.4800033569336,96.08999633789062,14900000
1977-09-14,0.0,96.87999725341797,95.66000366210938,96.55000305175781,17330000
1977-09-15,0.0,97.30999755859375,96.1500015258789,96.80000305175781,18230000
1977-09-16,0.0,97.30000305175781,96.05000305175781,96.4800033569336,18340000
1977-09-19,0.0,96.58999633789062,95.45999908447266,95.8499984741211,16890000
1977-09-20,0.0,96.29000091552734,95.2300033569336,95.88999938964844,19030000
1977-09-21,0.0,96.5199966430664,94.83000183105469,95.0999984741211,22200000
1977-09-22,0.0,95.61000061035156,94.51000213623047,95.08999633789062,16660000
1977-09-23,0.0,95.69000244140625,94.5999984741211,95.04000091552734,18760000
1977-09-26,0.0,95.68000030517578,94.44000244140625,95.37999725341797,18230000
1977-09-27,0.0,96.01000213623047,94.76000213623047,95.23999786376953,19080000
1977-09-28,0.0,95.91000366210938,94.7300033569336,95.30999755859375,17960000
1977-09-29,0.0,96.27999877929688,95.08999633789062,95.8499984741211,21160000
1977-09-30,0.0,96.8499984741211,95.66000366210938,96.52999877929688,21170000
1977-10-03,0.0,97.11000061035156,95.86000061035156,96.73999786376953,19460000
1977-10-04,0.0,97.2699966430664,95.7300033569336,96.02999877929688,20850000
1977-10-05,0.0,96.36000061035156,95.19999694824219,95.68000030517578,18300000
1977-10-06,0.0,96.44999694824219,95.30000305175781,96.05000305175781,18490000
1977-10-07,0.0,96.51000213623047,95.4800033569336,95.97000122070312,16250000
1977-10-10,0.0,96.1500015258789,95.31999969482422,95.75,10580000
1977-10-11,0.0,95.97000122070312,94.7300033569336,94.93000030517578,17870000
1977-10-12,0.0,94.81999969482422,93.4000015258789,94.04000091552734,22440000
1977-10-13,0.0,94.31999969482422,92.88999938964844,93.45999908447266,23870000
1977-10-14,0.0,94.19000244140625,92.87999725341797,93.55999755859375,20410000
1977-10-17,0.0,94.02999877929688,92.87000274658203,93.47000122070312,17340000
1977-10-18,0.0,94.19000244140625,93.01000213623047,93.45999908447266,20130000
1977-10-19,0.0,93.70999908447266,92.06999969482422,92.37999725341797,22030000
1977-10-20,0.0,93.12000274658203,91.5999984741211,92.66999816894531,20520000
1977-10-21,0.0,92.98999786376953,91.80000305175781,92.31999969482422,20230000
1977-10-24,0.0,92.62000274658203,91.36000061035156,91.62999725341797,19210000
1977-10-25,0.0,91.70999908447266,90.19999694824219,91.0,23590000
1977-10-26,0.0,92.45999908447266,90.44000244140625,92.0999984741211,24860000
1977-10-27,0.0,93.1500015258789,91.54000091552734,92.33999633789062,21920000
1977-10-28,0.0,93.12999725341797,91.87999725341797,92.61000061035156,18050000
1977-10-31,0.0,93.02999877929688,91.8499984741211,92.33999633789062,17070000
1977-11-01,0.0,92.19000244140625,91.0,91.3499984741211,17170000
1977-11-02,0.0,91.58999633789062,90.29000091552734,90.70999908447266,20760000
1977-11-03,0.0,91.18000030517578,90.01000213623047,90.76000213623047,18090000
1977-11-04,0.0,91.97000122070312,90.72000122070312,91.58000183105469,21700000
1977-11-07,0.0,92.69999694824219,91.31999969482422,92.29000091552734,21270000
1977-11-08,0.0,92.97000122070312,91.81999969482422,92.45999908447266,19210000
1977-11-09,0.0,93.2699966430664,92.01000213623047,92.9800033569336,21330000
1977-11-10,0.0,95.0999984741211,92.69000244140625,94.70999908447266,31980000
1977-11-11,0.0,96.48999786376953,95.0999984741211,95.9800033569336,35260000
1977-11-14,0.0,96.37999725341797,94.91000366210938,95.31999969482422,23220000
1977-11-15,0.0,96.47000122070312,94.7300033569336,95.93000030517578,27740000
1977-11-16,0.0,96.47000122070312,95.05999755859375,95.44999694824219,24950000
1977-11-17,0.0,95.87999725341797,94.58999633789062,95.16000366210938,25110000
1977-11-18,0.0,95.87999725341797,94.69999694824219,95.33000183105469,23930000
1977-11-21,0.0,95.7699966430664,94.58999633789062,95.25,20110000
1977-11-22,0.0,96.5199966430664,95.05000305175781,96.08999633789062,28600000
1977-11-23,0.0,96.94000244140625,95.5999984741211,96.48999786376953,29150000
1977-11-25,0.0,97.11000061035156,95.86000061035156,96.69000244140625,17910000
1977-11-28,0.0,96.9800033569336,95.66999816894531,96.04000091552734,21570000
1977-11-29,0.0,96.08999633789062,94.27999877929688,94.55000305175781,22950000
1977-11-30,0.0,95.16999816894531,93.77999877929688,94.83000183105469,22670000
1977-12-01,0.0,95.44999694824219,94.2300033569336,94.69000244140625,24220000
1977-12-02,0.0,95.25,94.08000183105469,94.66999816894531,21160000
1977-12-05,0.0,95.01000213623047,93.91000366210938,94.2699966430664,19160000
1977-12-06,0.0,94.08999633789062,92.44000244140625,92.83000183105469,23770000
1977-12-07,0.0,93.38999938964844,92.1500015258789,92.77999877929688,21050000
1977-12-08,0.0,93.76000213623047,92.51000213623047,92.95999908447266,20400000
1977-12-09,0.0,94.11000061035156,92.7699966430664,93.6500015258789,19210000
1977-12-12,0.0,94.29000091552734,93.18000030517578,93.62999725341797,18180000
1977-12-13,0.0,94.04000091552734,92.9000015258789,93.55999755859375,19190000
1977-12-14,0.0,94.26000213623047,92.94000244140625,94.02999877929688,22110000
1977-12-15,0.0,94.41999816894531,93.2300033569336,93.55000305175781,21610000
1977-12-16,0.0,94.04000091552734,92.93000030517578,93.4000015258789,20270000
1977-12-19,0.0,93.70999908447266,92.41999816894531,92.69000244140625,21150000
1977-12-20,0.0,93.0,91.76000213623047,92.5,23250000
1977-12-21,0.0,93.58000183105469,92.19999694824219,93.05000305175781,24510000
1977-12-22,0.0,94.37000274658203,93.05000305175781,93.80000305175781,28100000
1977-12-23,0.0,94.98999786376953,93.75,94.69000244140625,20080000
1977-12-27,0.0,95.20999908447266,94.08999633789062,94.69000244140625,16750000
1977-12-28,0.0,95.19999694824219,93.98999786376953,94.75,19630000
1977-12-29,0.0,95.43000030517578,94.0999984741211,94.94000244140625,23610000
1977-12-30,0.0,95.66999816894531,94.44000244140625,95.0999984741211,23560000
1978-01-03,0.0,95.1500015258789,93.48999786376953,93.81999969482422,17720000
1978-01-04,0.0,94.0999984741211,92.56999969482422,93.5199966430664,24090000
1978-01-05,0.0,94.52999877929688,92.51000213623047,92.73999786376953,23570000
1978-01-06,0.0,92.66000366210938,91.05000305175781,91.62000274658203,26150000
1978-01-09,0.0,91.4800033569336,89.97000122070312,90.63999938964844,27990000
1978-01-10,0.0,91.29000091552734,89.72000122070312,90.16999816894531,25180000
1978-01-11,0.0,90.69999694824219,89.2300033569336,89.73999786376953,22880000
1978-01-12,0.0,90.5999984741211,89.25,89.81999969482422,22730000
1978-01-13,0.0,90.47000122070312,89.26000213623047,89.69000244140625,18010000
1978-01-16,0.0,90.11000061035156,88.87999725341797,89.43000030517578,18760000
1978-01-17,0.0,90.30999755859375,89.05000305175781,89.87999725341797,19360000
1978-01-18,0.0,90.86000061035156,89.58999633789062,90.55999755859375,21390000
1978-01-19,0.0,91.04000091552734,89.73999786376953,90.08999633789062,21500000
1978-01-20,0.0,90.2699966430664,89.41000366210938,89.88999938964844,7580000
1978-01-23,0.0,90.08000183105469,88.80999755859375,89.23999786376953,19380000
1978-01-24,0.0,89.80000305175781,88.66999816894531,89.25,18690000
1978-01-25,0.0,89.94000244140625,88.83000183105469,89.38999938964844,18690000
1978-01-26,0.0,89.79000091552734,88.30999755859375,88.58000183105469,19600000
1978-01-27,0.0,89.0999984741211,88.0199966430664,88.58000183105469,17600000
1978-01-30,0.0,89.66999816894531,88.26000213623047,89.33999633789062,17400000
1978-01-31,0.0,89.91999816894531,88.61000061035156,89.25,19870000
1978-02-01,0.0,90.23999786376953,88.81999969482422,89.93000030517578,22240000
1978-02-02,0.0,90.91000366210938,89.54000091552734,90.12999725341797,23050000
1978-02-03,0.0,90.31999969482422,89.19000244140625,89.62000274658203,19400000
1978-02-06,0.0,89.8499984741211,88.94999694824219,89.5,11630000
1978-02-07,0.0,90.52999877929688,89.37999725341797,90.33000183105469,14730000
1978-02-08,0.0,91.31999969482422,90.08999633789062,90.83000183105469,21300000
1978-02-09,0.0,90.95999908447266,89.83999633789062,90.30000305175781,17940000
1978-02-10,0.0,90.69000244140625,89.55999755859375,90.08000183105469,19480000
1978-02-13,0.0,90.30000305175781,89.37999725341797,89.86000061035156,16810000
1978-02-14,0.0,89.88999938964844,88.69999694824219,89.04000091552734,20470000
1978-02-15,0.0,89.4000015258789,88.30000305175781,88.83000183105469,20170000
1978-02-16,0.0,88.7699966430664,87.63999938964844,88.08000183105469,21570000
1978-02-17,0.0,88.69999694824219,87.55000305175781,87.95999908447266,18500000
1978-02-21,0.0,88.19000244140625,87.08999633789062,87.58999633789062,21890000
1978-02-22,0.0,88.1500015258789,87.19000244140625,87.55999755859375,18450000
1978-02-23,0.0,87.91999816894531,86.83000183105469,87.63999938964844,18720000
1978-02-24,0.0,88.87000274658203,87.66000366210938,88.48999786376953,22510000
1978-02-27,0.0,88.97000122070312,87.48999786376953,87.72000122070312,19990000
1978-02-28,0.0,87.76000213623047,86.58000183105469,87.04000091552734,19750000
1978-03-01,0.0,87.62999725341797,86.44999694824219,87.19000244140625,21010000
1978-03-02,0.0,87.80999755859375,86.69000244140625,87.31999969482422,20280000
1978-03-03,0.0,87.9800033569336,86.83000183105469,87.44999694824219,20120000
1978-03-06,0.0,87.5199966430664,86.4800033569336,86.9000015258789,17230000
1978-03-07,0.0,87.62999725341797,86.55000305175781,87.36000061035156,19900000
1978-03-08,0.0,88.08000183105469,86.97000122070312,87.83999633789062,22030000
1978-03-09,0.0,88.48999786376953,87.33999633789062,87.88999938964844,21820000
1978-03-10,0.0,89.25,87.81999969482422,88.87999725341797,27090000
1978-03-13,0.0,89.7699966430664,88.4800033569336,88.94999694824219,24070000
1978-03-14,0.0,89.62000274658203,88.20999908447266,89.3499984741211,24300000
1978-03-15,0.0,89.7300033569336,88.5199966430664,89.12000274658203,23340000
1978-03-16,0.0,89.7699966430664,88.58000183105469,89.51000213623047,25400000
1978-03-17,0.0,90.5199966430664,89.16999816894531,90.19999694824219,28470000
1978-03-20,0.0,91.3499984741211,90.0999984741211,90.81999969482422,28360000
1978-03-21,0.0,91.05999755859375,89.5,89.79000091552734,24410000
1978-03-22,0.0,90.06999969482422,88.98999786376953,89.47000122070312,21950000
1978-03-23,0.0,89.9000015258789,88.83000183105469,89.36000061035156,21290000
1978-03-27,0.0,89.5,88.51000213623047,88.87000274658203,18870000
1978-03-28,0.0,89.76000213623047,88.47000122070312,89.5,21600000
1978-03-29,0.0,90.16999816894531,89.13999938964844,89.63999938964844,25450000
1978-03-30,0.0,89.88999938964844,88.97000122070312,89.41000366210938,20460000
1978-03-31,0.0,89.63999938964844,88.68000030517578,89.20999908447266,20130000
1978-04-03,0.0,89.19999694824219,88.06999969482422,88.45999908447266,20230000
1978-04-04,0.0,89.18000030517578,88.16000366210938,88.86000061035156,20130000
1978-04-05,0.0,89.91000366210938,88.62000274658203,89.63999938964844,27260000
1978-04-06,0.0,90.45999908447266,89.30999755859375,89.79000091552734,27360000
1978-04-07,0.0,90.58999633789062,89.38999938964844,90.16999816894531,25160000
1978-04-10,0.0,90.87999725341797,89.7300033569336,90.48999786376953,25740000
1978-04-11,0.0,90.79000091552734,89.7699966430664,90.25,24300000
1978-04-12,0.0,90.77999877929688,89.6500015258789,90.11000061035156,26210000
1978-04-13,0.0,91.2699966430664,89.81999969482422,90.9800033569336,31580000
1978-04-14,0.0,93.30999755859375,91.4000015258789,92.91999816894531,52280000
1978-04-17,0.0,95.88999938964844,93.5999984741211,94.44999694824219,63510000
1978-04-18,0.0,94.72000122070312,92.87000274658203,93.43000030517578,38950000
1978-04-19,0.0,94.4800033569336,92.75,93.86000061035156,35060000
1978-04-20,0.0,95.70999908447266,93.97000122070312,94.54000091552734,43230000
1978-04-21,0.0,95.08999633789062,93.70999908447266,94.33999633789062,31540000
1978-04-24,0.0,96.0,94.08000183105469,95.7699966430664,34510000
1978-04-25,0.0,97.91000366210938,96.05000305175781,96.63999938964844,55800000
1978-04-26,0.0,97.75,95.95999908447266,96.81999969482422,44430000
1978-04-27,0.0,96.93000030517578,95.30000305175781,95.86000061035156,35470000
1978-04-28,0.0,97.0999984741211,95.23999786376953,96.83000183105469,32850000
1978-05-01,0.0,98.30000305175781,96.41000366210938,97.66999816894531,37020000
1978-05-02,0.0,98.11000061035156,96.44000244140625,97.25,41400000
1978-05-03,0.0,97.61000061035156,95.83999633789062,96.26000213623047,37560000
1978-05-04,0.0,96.43000030517578,94.56999969482422,95.93000030517578,37520000
1978-05-05,0.0,97.44000244140625,95.55999755859375,96.52999877929688,42680000
1978-05-08,0.0,97.5,95.81999969482422,96.19000244140625,34680000
1978-05-09,0.0,96.68000030517578,95.33000183105469,95.9000015258789,30860000
1978-05-10,0.0,96.69000244140625,95.3499984741211,95.91999816894531,33330000
1978-05-11,0.0,97.47000122070312,95.5999984741211,97.19999694824219,36630000
1978-05-12,0.0,98.88999938964844,97.13999938964844,98.06999969482422,46600000
1978-05-15,0.0,99.11000061035156,97.4000015258789,98.76000213623047,33890000
1978-05-16,0.0,100.16000366210938,98.61000061035156,99.3499984741211,48170000
1978-05-17,0.0,100.31999969482422,98.62999725341797,99.5999984741211,45490000
1978-05-18,0.0,100.04000091552734,98.19000244140625,98.62000274658203,42270000
1978-05-19,0.0,99.05999755859375,97.41999816894531,98.12000274658203,34360000
1978-05-22,0.0,99.43000030517578,97.6500015258789,99.08999633789062,28680000
1978-05-23,0.0,99.16999816894531,97.52999877929688,98.05000305175781,33230000
1978-05-24,0.0,97.73999786376953,96.2699966430664,97.08000183105469,31450000
1978-05-25,0.0,97.80000305175781,96.30000305175781,96.80000305175781,28410000
1978-05-26,0.0,97.13999938964844,96.01000213623047,96.58000183105469,21410000
1978-05-30,0.0,97.2300033569336,95.94999694824219,96.86000061035156,21040000
1978-05-31,0.0,97.97000122070312,96.5,97.23999786376953,29070000
1978-06-01,0.0,97.94999694824219,96.62999725341797,97.3499984741211,28750000
1978-06-02,0.0,98.5199966430664,97.01000213623047,98.13999938964844,31860000
1978-06-05,0.0,100.2699966430664,97.97000122070312,99.94999694824219,39580000
1978-06-06,0.0,101.83999633789062,99.9000015258789,100.31999969482422,51970000
1978-06-07,0.0,100.80999755859375,99.36000061035156,100.12000274658203,33060000
1978-06-08,0.0,101.20999908447266,99.55000305175781,100.20999908447266,39380000
1978-06-09,0.0,100.70999908447266,99.30000305175781,99.93000030517578,32470000
1978-06-12,0.0,100.5999984741211,99.16000366210938,99.55000305175781,24440000
1978-06-13,0.0,99.9800033569336,98.43000030517578,99.56999969482422,30760000
1978-06-14,0.0,100.68000030517578,98.88999938964844,99.4800033569336,37290000
1978-06-15,0.0,99.54000091552734,97.97000122070312,98.33999633789062,29280000
1978-06-16,0.0,98.58999633789062,97.0999984741211,97.41999816894531,27690000
1978-06-19,0.0,97.94000244140625,96.52999877929688,97.48999786376953,25500000
1978-06-20,0.0,97.77999877929688,96.1500015258789,96.51000213623047,27920000
1978-06-21,0.0,96.73999786376953,95.41999816894531,96.01000213623047,29100000
1978-06-22,0.0,96.76000213623047,95.5199966430664,96.23999786376953,27160000
1978-06-23,0.0,96.9800033569336,95.48999786376953,95.8499984741211,28530000
1978-06-26,0.0,96.05999755859375,94.30999755859375,94.5999984741211,29250000
1978-06-27,0.0,95.4800033569336,93.98999786376953,94.9800033569336,29280000
1978-06-28,0.0,95.79000091552734,94.44000244140625,95.4000015258789,23260000
1978-06-29,0.0,96.26000213623047,95.0,95.56999969482422,21660000
1978-06-30,0.0,95.95999908447266,94.87000274658203,95.52999877929688,18100000
1978-07-03,0.0,95.6500015258789,94.62000274658203,95.08999633789062,11560000
1978-07-05,0.0,95.19999694824219,93.77999877929688,94.2699966430664,23730000
1978-07-06,0.0,94.83000183105469,93.58999633789062,94.31999969482422,24990000
1978-07-07,0.0,95.31999969482422,94.0199966430664,94.88999938964844,23480000
1978-07-10,0.0,95.66999816894531,94.27999877929688,95.2699966430664,22470000
1978-07-11,0.0,96.48999786376953,94.91999816894531,95.93000030517578,27470000
1978-07-12,0.0,96.83000183105469,95.5,96.23999786376953,26640000
1978-07-13,0.0,96.66000366210938,95.41999816894531,96.25,23620000
1978-07-14,0.0,97.87999725341797,95.88999938964844,97.58000183105469,28370000
1978-07-17,0.0,98.83999633789062,97.23999786376953,97.77999877929688,29180000
1978-07-18,0.0,97.9800033569336,96.5199966430664,96.87000274658203,22860000
1978-07-19,0.0,98.41000366210938,96.70999908447266,98.12000274658203,30850000
1978-07-20,0.0,99.18000030517578,97.48999786376953,98.02999877929688,33350000
1978-07-21,0.0,98.56999969482422,97.0199966430664,97.75,26060000
1978-07-24,0.0,98.12999725341797,96.72000122070312,97.72000122070312,23280000
1978-07-25,0.0,98.7300033569336,97.19999694824219,98.44000244140625,25400000
1978-07-26,99.08000183105469,99.08000183105469,99.08000183105469,99.08000183105469,36830000
1978-07-27,0.0,100.16999816894531,98.5999984741211,99.54000091552734,33970000
1978-07-28,0.0,100.51000213623047,98.9000015258789,100.0,33390000
1978-07-31,0.0,101.18000030517578,99.37000274658203,100.68000030517578,33990000
1978-08-01,0.0,101.45999908447266,99.94999694824219,100.66000366210938,34810000
1978-08-02,0.0,103.20999908447266,100.18000030517578,102.91999816894531,47470000
1978-08-03,0.0,105.41000366210938,102.81999969482422,103.51000213623047,66370000
1978-08-04,0.0,104.66999816894531,102.75,103.91999816894531,37910000
1978-08-07,0.0,104.83999633789062,103.02999877929688,103.55000305175781,33350000
1978-08-08,0.0,104.3499984741211,102.5999984741211,104.01000213623047,34290000
1978-08-09,0.0,105.72000122070312,103.69999694824219,104.5,48800000
1978-08-10,0.0,105.11000061035156,103.0999984741211,103.66000366210938,39760000
1978-08-11,0.0,104.66999816894531,102.8499984741211,103.95999908447266,33550000
1978-08-14,0.0,104.9800033569336,103.4000015258789,103.97000122070312,32320000
1978-08-15,0.0,104.37999725341797,102.86000061035156,103.8499984741211,29760000
1978-08-16,0.0,105.1500015258789,103.41000366210938,104.6500015258789,36120000
1978-08-17,0.0,106.2699966430664,104.33999633789062,105.08000183105469,45270000
1978-08-18,0.0,105.9800033569336,104.2300033569336,104.7300033569336,34650000
1978-08-21,0.0,105.19999694824219,103.44000244140625,103.88999938964844,29440000
1978-08-22,0.0,104.79000091552734,103.13999938964844,104.30999755859375,29620000
1978-08-23,0.0,105.68000030517578,104.12000274658203,104.91000366210938,39630000
1978-08-24,0.0,105.86000061035156,104.29000091552734,105.08000183105469,38500000
1978-08-25,0.0,105.68000030517578,104.23999786376953,104.9000015258789,36190000
1978-08-28,0.0,105.13999938964844,103.61000061035156,103.95999908447266,31760000
1978-08-29,0.0,104.33999633789062,102.91999816894531,103.38999938964844,33780000
1978-08-30,0.0,104.26000213623047,102.69999694824219,103.5,37750000
1978-08-31,0.0,104.05000305175781,102.62999725341797,103.29000091552734,33850000
1978-09-01,0.0,104.2699966430664,102.7300033569336,103.68000030517578,35070000
1978-09-05,0.0,104.83000183105469,103.30999755859375,104.48999786376953,32170000
1978-09-06,0.0,106.19000244140625,104.51000213623047,105.37999725341797,42600000
1978-09-07,0.0,106.48999786376953,104.76000213623047,105.41999816894531,40310000
1978-09-08,0.0,107.19000244140625,105.5,106.79000091552734,42170000
1978-09-11,0.0,108.05000305175781,106.41999816894531,106.9800033569336,39670000
1978-09-12,0.0,107.4800033569336,106.0199966430664,106.98999786376953,34400000
1978-09-13,0.0,107.8499984741211,105.87000274658203,106.33999633789062,43340000
1978-09-14,0.0,106.62000274658203,104.7699966430664,105.0999984741211,37400000
1978-09-15,0.0,105.12000274658203,103.55999755859375,104.12000274658203,37290000
1978-09-18,0.0,105.02999877929688,102.75,103.20999908447266,35860000
1978-09-19,0.0,103.81999969482422,102.12000274658203,102.52999877929688,31660000
1978-09-20,0.0,103.29000091552734,101.27999877929688,101.7300033569336,35080000
1978-09-21,0.0,102.54000091552734,100.66000366210938,101.9000015258789,33640000
1978-09-22,0.0,102.69000244140625,101.12999725341797,101.83999633789062,27960000
1978-09-25,0.0,102.36000061035156,101.05000305175781,101.86000061035156,20970000
1978-09-26,0.0,103.1500015258789,101.58000183105469,102.62000274658203,26330000
1978-09-27,0.0,103.44000244140625,101.33000183105469,101.66000366210938,28370000
1978-09-28,0.0,102.37999725341797,100.94000244140625,101.95999908447266,24390000
1978-09-29,0.0,103.08000183105469,101.6500015258789,102.54000091552734,23610000
1978-10-02,0.0,103.41999816894531,102.12999725341797,102.95999908447266,18700000
1978-10-03,0.0,103.55999755859375,102.18000030517578,102.5999984741211,22540000
1978-10-04,0.0,103.36000061035156,101.76000213623047,103.05999755859375,25090000
1978-10-05,0.0,104.0999984741211,102.54000091552734,103.2699966430664,27820000
1978-10-06,0.0,104.2300033569336,102.81999969482422,103.5199966430664,27380000
1978-10-09,0.0,104.88999938964844,103.30999755859375,104.58999633789062,19720000
1978-10-10,0.0,105.36000061035156,103.9000015258789,104.45999908447266,25470000
1978-10-11,0.0,105.63999938964844,103.80000305175781,105.38999938964844,21740000
1978-10-12,0.0,106.2300033569336,104.41999816894531,104.87999725341797,30170000
1978-10-13,0.0,105.33999633789062,104.06999969482422,104.66000366210938,21920000
1978-10-16,0.0,104.62999725341797,102.43000030517578,102.61000061035156,24600000
1978-10-17,0.0,102.3499984741211,100.47000122070312,101.26000213623047,37870000
1978-10-18,0.0,101.76000213623047,99.88999938964844,100.48999786376953,32940000
1978-10-19,0.0,101.02999877929688,99.04000091552734,99.33000183105469,31810000
1978-10-20,0.0,99.26000213623047,97.12000274658203,97.94999694824219,43670000
1978-10-23,0.0,98.83999633789062,96.62999725341797,98.18000030517578,36090000
1978-10-24,0.0,98.94999694824219,97.12999725341797,97.48999786376953,28880000
1978-10-25,0.0,98.55999755859375,96.33000183105469,97.30999755859375,31380000
1978-10-26,0.0,97.70999908447266,95.58999633789062,96.02999877929688,31990000
1978-10-27,0.0,96.62000274658203,94.30000305175781,94.58999633789062,40360000
1978-10-30,0.0,95.48999786376953,91.6500015258789,95.05999755859375,59480000
1978-10-31,0.0,95.80000305175781,92.72000122070312,93.1500015258789,42720000
1978-11-01,0.0,97.41000366210938,94.12999725341797,96.8499984741211,50450000
1978-11-02,0.0,97.30999755859375,94.83999633789062,95.61000061035156,41030000
1978-11-03,0.0,96.9800033569336,94.77999877929688,96.18000030517578,25990000
1978-11-06,0.0,96.48999786376953,94.83999633789062,95.19000244140625,20450000
1978-11-07,0.0,94.75,93.13999938964844,93.8499984741211,25320000
1978-11-08,0.0,94.73999786376953,92.88999938964844,94.44999694824219,23560000
1978-11-09,0.0,95.5,93.80999755859375,94.41999816894531,23320000
1978-11-10,0.0,95.38999938964844,93.94000244140625,94.7699966430664,16750000
1978-11-13,0.0,94.9000015258789,92.95999908447266,93.12999725341797,20960000
1978-11-14,0.0,93.52999877929688,91.7699966430664,92.48999786376953,30610000
1978-11-15,0.0,94.0,92.29000091552734,92.70999908447266,26280000
1978-11-16,0.0,94.08000183105469,92.58999633789062,93.70999908447266,21340000
1978-11-17,0.0,95.02999877929688,93.58999633789062,94.41999816894531,25170000
1978-11-20,0.0,95.86000061035156,94.29000091552734,95.25,24440000
1978-11-21,0.0,95.83000183105469,94.48999786376953,95.01000213623047,20750000
1978-11-22,0.0,95.91000366210938,94.54000091552734,95.4800033569336,20010000
1978-11-24,0.0,96.16999816894531,94.9800033569336,95.79000091552734,14590000
1978-11-27,0.0,96.5199966430664,95.16999816894531,95.98999786376953,19790000
1978-11-28,0.0,96.51000213623047,94.87999725341797,95.1500015258789,22740000
1978-11-29,0.0,94.91999816894531,93.4800033569336,93.75,21160000
1978-11-30,0.0,94.94000244140625,93.29000091552734,94.69999694824219,19900000
1978-12-01,0.0,96.69000244140625,95.01000213623047,96.27999877929688,26830000
1978-12-04,0.0,96.95999908447266,95.37000274658203,96.1500015258789,22020000
1978-12-05,0.0,97.69999694824219,95.87999725341797,97.44000244140625,25670000
1978-12-06,0.0,98.58000183105469,96.83000183105469,97.48999786376953,29680000
1978-12-07,0.0,98.0999984741211,96.58000183105469,97.08000183105469,21170000
1978-12-08,0.0,97.4800033569336,96.13999938964844,96.62999725341797,18560000
1978-12-11,0.0,97.55999755859375,96.06999969482422,97.11000061035156,21000000
1978-12-12,0.0,97.58000183105469,96.2699966430664,96.58999633789062,22210000
1978-12-13,0.0,97.06999969482422,95.58999633789062,96.05999755859375,22480000
1978-12-14,0.0,96.44000244140625,95.19999694824219,96.04000091552734,20840000
1978-12-15,0.0,96.27999877929688,94.87999725341797,95.33000183105469,23620000
1978-12-18,0.0,94.33000183105469,92.63999938964844,93.44000244140625,32900000
1978-12-19,0.0,94.8499984741211,93.05000305175781,94.23999786376953,25960000
1978-12-20,0.0,95.19999694824219,93.69999694824219,94.68000030517578,26520000
1978-12-21,0.0,95.66000366210938,94.11000061035156,94.70999908447266,28670000
1978-12-22,0.0,96.62000274658203,94.7699966430664,96.30999755859375,23790000
1978-12-26,0.0,97.88999938964844,95.98999786376953,97.5199966430664,21470000
1978-12-27,0.0,97.51000213623047,96.1500015258789,96.66000366210938,23580000
1978-12-28,0.0,97.19000244140625,95.81999969482422,96.27999877929688,25440000
1978-12-29,0.0,97.02999877929688,95.4800033569336,96.11000061035156,30030000
1979-01-02,0.0,96.95999908447266,95.22000122070312,96.7300033569336,18340000
1979-01-03,0.0,98.54000091552734,96.80999755859375,97.80000305175781,29180000
1979-01-04,0.0,99.41999816894531,97.5199966430664,98.58000183105469,33290000
1979-01-05,0.0,99.79000091552734,98.25,99.12999725341797,28890000
1979-01-08,0.0,99.30000305175781,97.83000183105469,98.80000305175781,21440000
1979-01-09,0.0,99.95999908447266,98.62000274658203,99.33000183105469,27340000
1979-01-10,0.0,99.75,98.27999877929688,98.7699966430664,24990000
1979-01-11,0.0,99.41000366210938,97.94999694824219,99.0999984741211,24580000
1979-01-12,0.0,100.91000366210938,99.31999969482422,99.93000030517578,37120000
1979-01-15,0.0,101.12999725341797,99.58000183105469,100.69000244140625,27520000
1979-01-16,0.0,100.87999725341797,99.11000061035156,99.45999908447266,30340000
1979-01-17,0.0,100.0,98.33000183105469,99.4800033569336,25310000
1979-01-18,0.0,100.3499984741211,98.91000366210938,99.72000122070312,27260000
1979-01-19,0.0,100.56999969482422,99.22000122070312,99.75,26800000
1979-01-22,0.0,100.3499984741211,98.9000015258789,99.9000015258789,24390000
1979-01-23,0.0,101.05000305175781,99.3499984741211,100.5999984741211,30130000
1979-01-24,0.0,101.30999755859375,99.66999816894531,100.16000366210938,31730000
1979-01-25,0.0,101.66000366210938,99.98999786376953,101.19000244140625,31440000
1979-01-26,0.0,102.58999633789062,101.02999877929688,101.86000061035156,34230000
1979-01-29,0.0,102.33000183105469,100.98999786376953,101.55000305175781,24170000
1979-01-30,0.0,102.06999969482422,100.68000030517578,101.05000305175781,26910000
1979-01-31,0.0,101.41000366210938,99.47000122070312,99.93000030517578,30330000
1979-02-01,0.0,100.37999725341797,99.01000213623047,99.95999908447266,27930000
1979-02-02,0.0,100.5199966430664,99.0999984741211,99.5,25350000
1979-02-05,0.0,99.06999969482422,97.56999969482422,98.08999633789062,26490000
1979-02-06,0.0,98.73999786376953,97.4800033569336,98.05000305175781,23570000
1979-02-07,0.0,98.06999969482422,96.51000213623047,97.16000366210938,28450000
1979-02-08,0.0,98.11000061035156,96.81999969482422,97.6500015258789,23360000
1979-02-09,0.0,98.5,97.27999877929688,97.87000274658203,24320000
1979-02-12,0.0,98.55000305175781,97.05000305175781,98.19999694824219,20610000
1979-02-13,0.0,99.58000183105469,98.25,98.93000030517578,28470000
1979-02-14,0.0,99.63999938964844,98.20999908447266,98.87000274658203,27220000
1979-02-15,0.0,99.12999725341797,97.95999908447266,98.7300033569336,22550000
1979-02-16,0.0,99.2300033569336,98.11000061035156,98.66999816894531,21110000
1979-02-20,0.0,99.66999816894531,98.26000213623047,99.41999816894531,22010000
1979-02-21,0.0,100.06999969482422,98.69000244140625,99.06999969482422,26050000
1979-02-22,0.0,99.20999908447266,97.87999725341797,98.33000183105469,26290000
1979-02-23,0.0,98.5,97.29000091552734,97.77999877929688,22750000
1979-02-26,0.0,98.27999877929688,97.19999694824219,97.66999816894531,22620000
1979-02-27,0.0,97.6500015258789,95.69000244140625,96.12999725341797,31470000
1979-02-28,0.0,96.69000244140625,95.37999725341797,96.27999877929688,25090000
1979-03-01,0.0,97.27999877929688,95.9800033569336,96.9000015258789,23830000
1979-03-02,0.0,97.55000305175781,96.44000244140625,96.97000122070312,23130000
1979-03-05,0.0,98.63999938964844,97.02999877929688,98.05999755859375,25690000
1979-03-06,0.0,98.52999877929688,97.36000061035156,97.87000274658203,24490000
1979-03-07,0.0,99.2300033569336,97.66999816894531,98.44000244140625,28930000
1979-03-08,0.0,99.81999969482422,98.0999984741211,99.58000183105469,32000000
1979-03-09,0.0,100.58000183105469,99.12000274658203,99.54000091552734,33410000
1979-03-12,0.0,100.04000091552734,98.55999755859375,99.66999816894531,25740000
1979-03-13,0.0,100.66000366210938,99.12999725341797,99.83999633789062,31170000
1979-03-14,0.0,100.43000030517578,99.2300033569336,99.70999908447266,24630000
1979-03-15,0.0,100.56999969482422,99.11000061035156,99.86000061035156,29370000
1979-03-16,0.0,101.16000366210938,99.52999877929688,100.69000244140625,31770000
1979-03-19,0.0,101.94000244140625,100.3499984741211,101.05999755859375,34620000
1979-03-20,0.0,101.33999633789062,100.01000213623047,100.5,27180000
1979-03-21,0.0,101.4800033569336,99.87000274658203,101.25,31120000
1979-03-22,0.0,102.41000366210938,101.04000091552734,101.66999816894531,34380000
1979-03-23,0.0,102.37000274658203,101.0199966430664,101.5999984741211,33570000
1979-03-26,0.0,101.7699966430664,100.5999984741211,101.04000091552734,23430000
1979-03-27,0.0,102.70999908447266,100.80999755859375,102.4800033569336,32940000
1979-03-28,0.0,103.30999755859375,101.73999786376953,102.12000274658203,39920000
1979-03-29,0.0,102.77999877929688,101.43000030517578,102.02999877929688,28510000
1979-03-30,0.0,102.51000213623047,101.02999877929688,101.58999633789062,29970000
1979-04-02,0.0,101.55999755859375,100.13999938964844,100.9000015258789,28990000
1979-04-03,0.0,102.66999816894531,100.80999755859375,102.4000015258789,33530000
1979-04-04,0.0,103.7300033569336,102.16000366210938,102.6500015258789,41940000
1979-04-05,0.0,103.5999984741211,102.16000366210938,103.26000213623047,34520000
1979-04-06,0.0,103.94999694824219,102.58000183105469,103.18000030517578,34710000
1979-04-09,0.0,103.55999755859375,102.27999877929688,102.87000274658203,27230000
1979-04-10,0.0,103.83000183105469,102.41999816894531,103.33999633789062,31900000
1979-04-11,0.0,103.7699966430664,101.91999816894531,102.30999755859375,32900000
1979-04-12,0.0,102.7699966430664,101.51000213623047,102.0,26780000
1979-04-16,0.0,102.0199966430664,100.66999816894531,101.12000274658203,28050000
1979-04-17,0.0,101.94000244140625,100.6500015258789,101.23999786376953,29260000
1979-04-18,0.0,102.2300033569336,100.95999908447266,101.69999694824219,29510000
1979-04-19,0.0,102.4000015258789,100.87999725341797,101.27999877929688,31150000
1979-04-20,0.0,101.80999755859375,100.45999908447266,101.2300033569336,28830000
1979-04-23,0.0,102.0,100.68000030517578,101.56999969482422,25610000
1979-04-24,0.0,103.0199966430664,101.38999938964844,102.19999694824219,35540000
1979-04-25,0.0,103.06999969482422,101.79000091552734,102.5,31750000
1979-04-26,0.0,102.91000366210938,101.58000183105469,102.01000213623047,32400000
1979-04-27,0.0,102.31999969482422,101.04000091552734,101.80000305175781,29610000
1979-04-30,0.0,102.23999786376953,100.91000366210938,101.76000213623047,26440000
1979-05-01,0.0,102.5,101.22000122070312,101.68000030517578,31040000
1979-05-02,0.0,102.27999877929688,101.0,101.72000122070312,30510000
1979-05-03,0.0,102.56999969482422,101.25,101.80999755859375,30870000
1979-05-04,0.0,102.08000183105469,100.41999816894531,100.69000244140625,30630000
1979-05-07,0.0,100.37000274658203,98.77999877929688,99.0199966430664,30480000
1979-05-08,0.0,99.55999755859375,97.9800033569336,99.16999816894531,32720000
1979-05-09,0.0,100.01000213623047,98.5,99.45999908447266,27670000
1979-05-10,0.0,99.62999725341797,98.22000122070312,98.5199966430664,25230000
1979-05-11,0.0,99.02999877929688,97.91999816894531,98.5199966430664,24010000
1979-05-14,0.0,98.94999694824219,97.70999908447266,98.05999755859375,22450000
1979-05-15,0.0,98.9000015258789,97.5999984741211,98.13999938964844,26190000
1979-05-16,0.0,98.80000305175781,97.48999786376953,98.41999816894531,28350000
1979-05-17,0.0,100.22000122070312,98.29000091552734,99.94000244140625,30550000
1979-05-18,0.0,100.7300033569336,99.33000183105469,99.93000030517578,26590000
1979-05-21,0.0,100.75,99.37000274658203,100.13999938964844,25550000
1979-05-22,0.0,100.93000030517578,99.44999694824219,100.51000213623047,30400000
1979-05-23,0.0,101.30999755859375,99.62999725341797,99.88999938964844,30390000
1979-05-24,0.0,100.44000244140625,99.13999938964844,99.93000030517578,25710000
1979-05-25,0.0,100.68000030517578,99.5199966430664,100.22000122070312,27810000
1979-05-29,0.0,100.76000213623047,99.55999755859375,100.05000305175781,27040000
1979-05-30,0.0,100.25,98.79000091552734,99.11000061035156,29250000
1979-05-31,0.0,99.61000061035156,98.29000091552734,99.08000183105469,30300000
1979-06-01,0.0,99.69999694824219,98.56999969482422,99.16999816894531,24560000
1979-06-04,0.0,99.76000213623047,98.61000061035156,99.31999969482422,24040000
1979-06-05,0.0,101.06999969482422,99.16999816894531,100.62000274658203,35050000
1979-06-06,0.0,101.95999908447266,100.37999725341797,101.30000305175781,39830000
1979-06-07,0.0,102.54000091552734,101.1500015258789,101.79000091552734,43380000
1979-06-08,0.0,102.2300033569336,100.91000366210938,101.48999786376953,31470000
1979-06-11,0.0,102.23999786376953,100.91000366210938,101.91000366210938,28270000
1979-06-12,0.0,103.63999938964844,101.80999755859375,102.8499984741211,45450000
1979-06-13,0.0,103.58000183105469,101.83000183105469,102.30999755859375,40740000
1979-06-14,0.0,102.62999725341797,101.04000091552734,102.19999694824219,37850000
1979-06-15,0.0,102.77999877929688,101.37999725341797,102.08999633789062,40740000
1979-06-18,0.0,102.4800033569336,101.05000305175781,101.55999755859375,30970000
1979-06-19,0.0,102.27999877929688,100.91000366210938,101.58000183105469,30780000
1979-06-20,0.0,102.19000244140625,100.93000030517578,101.62999725341797,33790000
1979-06-21,0.0,102.73999786376953,101.19999694824219,102.08999633789062,36490000
1979-06-22,0.0,103.16000366210938,101.91000366210938,102.63999938964844,36410000
1979-06-25,0.0,102.91000366210938,101.44999694824219,102.08999633789062,31330000
1979-06-26,0.0,102.08999633789062,101.22000122070312,101.66000366210938,34680000
1979-06-27,0.0,102.94999694824219,101.29000091552734,102.2699966430664,36720000
1979-06-28,0.0,103.45999908447266,101.91000366210938,102.80000305175781,38470000
1979-06-29,0.0,103.66999816894531,102.04000091552734,102.91000366210938,34690000
1979-07-02,0.0,103.0,101.44999694824219,101.98999786376953,32060000
1979-07-03,0.0,102.56999969482422,101.30999755859375,102.08999633789062,31670000
1979-07-05,0.0,102.87999725341797,101.58999633789062,102.43000030517578,30290000
1979-07-06,0.0,103.91000366210938,102.12000274658203,103.62000274658203,38570000
1979-07-09,0.0,105.06999969482422,103.36000061035156,104.47000122070312,42460000
1979-07-10,0.0,105.16999816894531,103.5199966430664,104.19999694824219,39730000
1979-07-11,0.0,104.33999633789062,102.87000274658203,103.63999938964844,36650000
1979-07-12,0.0,103.72000122070312,102.22000122070312,102.69000244140625,31780000
1979-07-13,0.0,102.98999786376953,101.48999786376953,102.31999969482422,33080000
1979-07-16,0.0,103.19999694824219,101.80999755859375,102.73999786376953,26620000
1979-07-17,0.0,103.05999755859375,101.2699966430664,101.83000183105469,34270000
1979-07-18,0.0,102.05999755859375,100.3499984741211,101.69000244140625,35950000
1979-07-19,0.0,102.41999816894531,101.04000091552734,101.61000061035156,26780000
1979-07-20,0.0,102.31999969482422,101.05999755859375,101.81999969482422,26360000
1979-07-23,0.0,102.12999725341797,100.83999633789062,101.58999633789062,26860000
1979-07-24,0.0,102.5,101.13999938964844,101.97000122070312,29690000
1979-07-25,0.0,103.44000244140625,101.8499984741211,103.08000183105469,34890000
1979-07-26,0.0,103.62999725341797,102.33999633789062,103.0999984741211,32270000
1979-07-27,0.0,103.5,102.29000091552734,103.0999984741211,27760000
1979-07-30,0.0,103.62999725341797,102.41999816894531,103.1500015258789,28640000
1979-07-31,0.0,104.26000213623047,102.88999938964844,103.80999755859375,34360000
1979-08-01,0.0,104.56999969482422,103.13999938964844,104.16999816894531,36570000
1979-08-02,0.0,105.0199966430664,103.58999633789062,104.0999984741211,37720000
1979-08-03,0.0,104.55999755859375,103.36000061035156,104.04000091552734,28160000
1979-08-06,0.0,104.66000366210938,103.2699966430664,104.30000305175781,27190000
1979-08-07,0.0,106.2300033569336,104.12000274658203,105.6500015258789,45410000
1979-08-08,0.0,106.83999633789062,105.19999694824219,105.9800033569336,44970000
1979-08-09,0.0,106.25,104.88999938964844,105.48999786376953,34630000
1979-08-10,0.0,106.79000091552734,104.80999755859375,106.4000015258789,36740000
1979-08-13,0.0,107.9000015258789,106.27999877929688,107.41999816894531,41980000
1979-08-14,0.0,108.02999877929688,106.5999984741211,107.5199966430664,40910000
1979-08-15,0.0,108.63999938964844,106.75,108.25,46130000
1979-08-16,0.0,109.18000030517578,107.37999725341797,108.08999633789062,47000000
1979-08-17,0.0,108.94000244140625,107.25,108.30000305175781,31630000
1979-08-20,0.0,109.31999969482422,107.69000244140625,108.83000183105469,32300000
1979-08-21,0.0,109.68000030517578,108.16999816894531,108.91000366210938,38860000
1979-08-22,0.0,109.55999755859375,108.08999633789062,108.98999786376953,38450000
1979-08-23,0.0,109.58999633789062,108.12000274658203,108.62999725341797,35710000
1979-08-24,0.0,109.11000061035156,107.6500015258789,108.5999984741211,32730000
1979-08-27,0.0,109.83999633789062,108.12000274658203,109.13999938964844,32050000
1979-08-28,0.0,109.6500015258789,108.47000122070312,109.0199966430664,29430000
1979-08-29,0.0,109.58999633789062,108.36000061035156,109.0199966430664,30810000
1979-08-30,0.0,109.58999633789062,108.4000015258789,109.0199966430664,29300000
1979-08-31,0.0,109.80000305175781,108.58000183105469,109.31999969482422,26370000
1979-09-04,0.0,109.41000366210938,107.22000122070312,107.44000244140625,33350000
1979-09-05,0.0,107.19000244140625,105.37999725341797,106.4000015258789,41650000
1979-09-06,0.0,107.61000061035156,105.97000122070312,106.8499984741211,30330000
1979-09-07,0.0,108.08999633789062,106.30000305175781,107.66000366210938,34360000
1979-09-10,0.0,108.70999908447266,107.20999908447266,108.16999816894531,32980000
1979-09-11,0.0,108.83000183105469,106.80000305175781,107.51000213623047,42530000
1979-09-12,0.0,108.41000366210938,106.72000122070312,107.81999969482422,39350000
1979-09-13,0.0,108.52999877929688,107.05999755859375,107.8499984741211,35240000
1979-09-14,0.0,109.4800033569336,107.41999816894531,108.76000213623047,41980000
1979-09-17,0.0,110.05999755859375,108.4000015258789,108.83999633789062,37610000
1979-09-18,0.0,109.0,107.31999969482422,108.0,38750000
1979-09-19,0.0,109.0199966430664,107.5199966430664,108.27999877929688,35370000
1979-09-20,0.0,110.69000244140625,107.58999633789062,110.51000213623047,45100000
1979-09-21,0.0,111.58000183105469,109.45999908447266,110.47000122070312,52380000
1979-09-24,0.0,110.9000015258789,109.16000366210938,109.61000061035156,33790000
1979-09-25,0.0,110.19000244140625,108.2699966430664,109.68000030517578,32410000
1979-09-26,0.0,111.25,109.37000274658203,109.95999908447266,37700000
1979-09-27,0.0,110.75,109.19000244140625,110.20999908447266,33110000
1979-09-28,0.0,110.66999816894531,108.69999694824219,109.31999969482422,35950000
1979-10-01,0.0,109.19000244140625,107.69999694824219,108.55999755859375,24980000
1979-10-02,0.0,110.08000183105469,108.02999877929688,109.58999633789062,38310000
1979-10-03,0.0,110.43000030517578,108.87999725341797,109.58999633789062,36470000
1979-10-04,0.0,110.80999755859375,109.13999938964844,110.16999816894531,38800000
1979-10-05,0.0,112.16000366210938,110.16000366210938,111.2699966430664,48250000
1979-10-08,0.0,111.83000183105469,109.6500015258789,109.87999725341797,32610000
1979-10-09,0.0,109.43000030517578,106.04000091552734,106.62999725341797,55560000
1979-10-10,0.0,106.2300033569336,102.30999755859375,105.30000305175781,81620000
1979-10-11,0.0,106.33000183105469,103.69999694824219,105.05000305175781,47530000
1979-10-12,0.0,106.19999694824219,104.01000213623047,104.48999786376953,36390000
1979-10-15,0.0,104.73999786376953,102.69000244140625,103.36000061035156,34850000
1979-10-16,0.0,104.37000274658203,102.5199966430664,103.19000244140625,33770000
1979-10-17,0.0,104.54000091552734,102.73999786376953,103.38999938964844,29650000
1979-10-18,0.0,104.62000274658203,102.91999816894531,103.61000061035156,29590000
1979-10-19,0.0,103.58000183105469,101.23999786376953,101.5999984741211,42430000
1979-10-22,0.0,101.37999725341797,99.05999755859375,100.70999908447266,45240000
1979-10-23,0.0,101.44000244140625,99.61000061035156,100.27999877929688,32910000
1979-10-24,0.0,101.44999694824219,99.66000366210938,100.44000244140625,31480000
1979-10-25,0.0,101.38999938964844,99.55999755859375,100.0,28440000
1979-10-26,0.0,101.30999755859375,99.58999633789062,100.56999969482422,29660000
1979-10-29,0.0,101.55999755859375,100.12999725341797,100.70999908447266,22720000
1979-10-30,0.0,102.83000183105469,100.41000366210938,102.66999816894531,28890000
1979-10-31,0.0,103.16000366210938,101.37999725341797,101.81999969482422,27780000
1979-11-01,0.0,103.06999969482422,101.0999984741211,102.56999969482422,25880000
1979-11-02,0.0,103.20999908447266,101.91999816894531,102.51000213623047,23670000
1979-11-05,0.0,102.66000366210938,101.23999786376953,101.81999969482422,20470000
1979-11-06,0.0,102.01000213623047,100.7699966430664,101.19999694824219,21960000
1979-11-07,0.0,100.97000122070312,99.41999816894531,99.87000274658203,30830000
1979-11-08,0.0,101.0,99.48999786376953,100.30000305175781,26270000
1979-11-09,0.0,102.18000030517578,100.58000183105469,101.51000213623047,30060000
1979-11-12,0.0,103.72000122070312,101.2699966430664,103.51000213623047,26640000
1979-11-13,0.0,104.20999908447266,102.41999816894531,102.94000244140625,29240000
1979-11-14,0.0,104.12999725341797,101.91000366210938,103.38999938964844,30970000
1979-11-15,0.0,104.94000244140625,103.0999984741211,104.12999725341797,32380000
1979-11-16,0.0,104.72000122070312,103.06999969482422,103.79000091552734,30060000
1979-11-19,0.0,105.08000183105469,103.16999816894531,104.2300033569336,33090000
1979-11-20,0.0,105.11000061035156,103.13999938964844,103.69000244140625,35010000
1979-11-21,0.0,104.2300033569336,102.04000091552734,103.88999938964844,37020000
1979-11-23,0.0,105.12999725341797,103.55999755859375,104.66999816894531,23300000
1979-11-26,0.0,107.44000244140625,104.83000183105469,106.80000305175781,47940000
1979-11-27,0.0,107.88999938964844,105.63999938964844,106.37999725341797,45140000
1979-11-28,0.0,107.55000305175781,105.29000091552734,106.7699966430664,39690000
1979-11-29,0.0,107.83999633789062,106.16999816894531,106.80999755859375,33550000
1979-11-30,0.0,107.16000366210938,105.55999755859375,106.16000366210938,30480000
1979-12-03,0.0,106.6500015258789,105.06999969482422,105.83000183105469,29030000
1979-12-04,0.0,107.25,105.66000366210938,106.79000091552734,33510000
1979-12-05,0.0,108.36000061035156,106.5999984741211,107.25,39300000
1979-12-06,0.0,108.47000122070312,106.70999908447266,108.0,37510000
1979-12-07,0.0,109.23999786376953,106.55000305175781,107.5199966430664,42370000
1979-12-10,0.0,108.2699966430664,106.6500015258789,107.66999816894531,32270000
1979-12-11,0.0,108.58000183105469,106.79000091552734,107.48999786376953,36160000
1979-12-12,0.0,108.31999969482422,106.77999877929688,107.5199966430664,34630000
1979-12-13,0.0,108.29000091552734,106.68000030517578,107.66999816894531,36690000
1979-12-14,0.0,109.48999786376953,107.37000274658203,108.91999816894531,41800000
1979-12-17,0.0,110.33000183105469,108.36000061035156,109.33000183105469,43830000
1979-12-18,0.0,109.83000183105469,107.83000183105469,108.30000305175781,43310000
1979-12-19,0.0,108.79000091552734,107.0199966430664,108.19999694824219,41780000
1979-12-20,0.0,109.23999786376953,107.4000015258789,108.26000213623047,40380000
1979-12-21,0.0,108.76000213623047,106.98999786376953,107.58999633789062,36160000
1979-12-24,0.0,108.08000183105469,106.80000305175781,107.66000366210938,19150000
1979-12-26,0.0,108.37000274658203,107.05999755859375,107.77999877929688,24960000
1979-12-27,0.0,108.5,107.13999938964844,107.95999908447266,31410000
1979-12-28,0.0,108.61000061035156,107.16000366210938,107.83999633789062,34430000
1979-12-31,0.0,108.52999877929688,107.26000213623047,107.94000244140625,31530000
1980-01-02,0.0,108.43000030517578,105.29000091552734,105.76000213623047,40610000
1980-01-03,0.0,106.08000183105469,103.26000213623047,105.22000122070312,50480000
1980-01-04,0.0,107.08000183105469,105.08999633789062,106.5199966430664,39130000
1980-01-07,0.0,107.80000305175781,105.80000305175781,106.80999755859375,44500000
1980-01-08,0.0,109.29000091552734,106.29000091552734,108.94999694824219,53390000
1980-01-09,0.0,111.08999633789062,108.41000366210938,109.05000305175781,65260000
1980-01-10,0.0,110.86000061035156,108.47000122070312,109.88999938964844,55980000
1980-01-11,0.0,111.16000366210938,108.88999938964844,109.91999816894531,52890000
1980-01-14,0.0,111.44000244140625,109.33999633789062,110.37999725341797,52930000
1980-01-15,0.0,111.93000030517578,109.44999694824219,111.13999938964844,52320000
1980-01-16,0.0,112.9000015258789,110.37999725341797,111.05000305175781,67700000
1980-01-17,0.0,112.01000213623047,109.80999755859375,110.69999694824219,54170000
1980-01-18,0.0,111.73999786376953,109.87999725341797,111.06999969482422,47150000
1980-01-21,0.0,112.9000015258789,110.66000366210938,112.0999984741211,48040000
1980-01-22,0.0,113.0999984741211,110.91999816894531,111.51000213623047,50620000
1980-01-23,0.0,113.93000030517578,110.93000030517578,113.44000244140625,50730000
1980-01-24,0.0,115.2699966430664,112.94999694824219,113.69999694824219,59070000
1980-01-25,0.0,114.44999694824219,112.36000061035156,113.61000061035156,47100000
1980-01-28,0.0,115.6500015258789,112.93000030517578,114.8499984741211,53620000
1980-01-29,0.0,115.7699966430664,113.02999877929688,114.06999969482422,55480000
1980-01-30,0.0,115.8499984741211,113.37000274658203,115.19999694824219,51170000
1980-01-31,0.0,117.16999816894531,113.77999877929688,114.16000366210938,65900000
1980-02-01,0.0,115.54000091552734,113.12999725341797,115.12000274658203,46610000
1980-02-04,0.0,116.01000213623047,113.83000183105469,114.37000274658203,43070000
1980-02-05,0.0,115.25,112.1500015258789,114.66000366210938,41880000
1980-02-06,0.0,116.56999969482422,113.6500015258789,115.72000122070312,51950000
1980-02-07,0.0,117.87000274658203,115.22000122070312,116.27999877929688,57690000
1980-02-08,0.0,118.66000366210938,115.72000122070312,117.94999694824219,57860000
1980-02-11,0.0,119.05000305175781,116.30999755859375,117.12000274658203,58660000
1980-02-12,0.0,118.41000366210938,115.75,117.9000015258789,48090000
1980-02-13,0.0,120.22000122070312,117.56999969482422,118.44000244140625,65230000
1980-02-14,0.0,119.30000305175781,116.04000091552734,116.72000122070312,50540000
1980-02-15,0.0,116.69999694824219,114.12000274658203,115.41000366210938,46680000
1980-02-19,0.0,115.66999816894531,113.3499984741211,114.5999984741211,39480000
1980-02-20,0.0,117.18000030517578,114.05999755859375,116.47000122070312,44340000
1980-02-21,0.0,117.9000015258789,114.44000244140625,115.27999877929688,51530000
1980-02-22,0.0,116.45999908447266,113.43000030517578,115.04000091552734,48210000
1980-02-25,0.0,114.93000030517578,112.62000274658203,113.33000183105469,39140000
1980-02-26,0.0,114.76000213623047,112.30000305175781,113.9800033569336,40000000
1980-02-27,0.0,115.12000274658203,111.91000366210938,112.37999725341797,46430000
1980-02-28,0.0,113.69999694824219,111.33000183105469,112.3499984741211,40330000
1980-02-29,0.0,114.12000274658203,111.7699966430664,113.66000366210938,38810000
1980-03-03,0.0,114.33999633789062,112.01000213623047,112.5,38690000
1980-03-04,0.0,113.41000366210938,110.83000183105469,112.77999877929688,44310000
1980-03-05,0.0,113.94000244140625,110.58000183105469,111.12999725341797,49240000
1980-03-06,0.0,111.29000091552734,107.8499984741211,108.6500015258789,49610000
1980-03-07,0.0,108.95999908447266,105.98999786376953,106.9000015258789,50950000
1980-03-10,0.0,107.86000061035156,104.91999816894531,106.51000213623047,43750000
1980-03-11,0.0,108.54000091552734,106.18000030517578,107.77999877929688,41350000
1980-03-12,0.0,108.4000015258789,105.41999816894531,106.87000274658203,37990000
1980-03-13,0.0,107.55000305175781,105.0999984741211,105.62000274658203,33070000
1980-03-14,0.0,106.48999786376953,104.01000213623047,105.43000030517578,35180000
1980-03-17,0.0,105.2300033569336,101.81999969482422,102.26000213623047,37020000
1980-03-18,0.0,104.70999908447266,101.13999938964844,104.0999984741211,47340000
1980-03-19,0.0,105.72000122070312,103.3499984741211,104.30999755859375,36520000
1980-03-20,0.0,105.16999816894531,102.5199966430664,103.12000274658203,32580000
1980-03-21,0.0,103.7300033569336,101.55000305175781,102.30999755859375,32220000
1980-03-24,0.0,102.18000030517578,98.87999725341797,99.27999877929688,39230000
1980-03-25,0.0,100.58000183105469,97.88999938964844,99.19000244140625,43790000
1980-03-26,0.0,101.22000122070312,98.0999984741211,98.68000030517578,37370000
1980-03-27,0.0,99.58000183105469,94.2300033569336,98.22000122070312,63680000
1980-03-28,0.0,101.43000030517578,97.72000122070312,100.68000030517578,46720000
1980-03-31,0.0,102.6500015258789,100.0199966430664,102.08999633789062,35840000
1980-04-01,0.0,103.27999877929688,100.8499984741211,102.18000030517578,32230000
1980-04-02,0.0,103.87000274658203,101.44999694824219,102.68000030517578,35210000
1980-04-03,0.0,103.33999633789062,101.30999755859375,102.1500015258789,27970000
1980-04-07,0.0,102.2699966430664,99.7300033569336,100.19000244140625,29130000
1980-04-08,0.0,101.87999725341797,99.2300033569336,101.19999694824219,31700000
1980-04-09,0.0,103.5999984741211,101.01000213623047,103.11000061035156,33020000
1980-04-10,0.0,105.0,102.80999755859375,104.08000183105469,33940000
1980-04-11,0.0,105.1500015258789,103.19999694824219,103.79000091552734,29960000
1980-04-14,0.0,103.91999816894531,102.08000183105469,102.83999633789062,23060000
1980-04-15,0.0,103.94000244140625,101.8499984741211,102.62999725341797,26670000
1980-04-16,0.0,104.41999816894531,101.12999725341797,101.54000091552734,39730000
1980-04-17,0.0,102.20999908447266,100.12000274658203,101.05000305175781,32770000
1980-04-18,0.0,102.06999969482422,99.97000122070312,100.55000305175781,26880000
1980-04-21,0.0,101.26000213623047,98.94999694824219,99.80000305175781,27560000
1980-04-22,0.0,104.0199966430664,100.80999755859375,103.43000030517578,47920000
1980-04-23,0.0,105.11000061035156,102.80999755859375,103.7300033569336,42620000
1980-04-24,0.0,105.43000030517578,102.93000030517578,104.4000015258789,35790000
1980-04-25,0.0,105.56999969482422,103.0199966430664,105.16000366210938,28590000
1980-04-28,0.0,106.79000091552734,104.63999938964844,105.63999938964844,30600000
1980-04-29,0.0,106.69999694824219,104.86000061035156,105.86000061035156,27940000
1980-04-30,0.0,106.72000122070312,104.5,106.29000091552734,30850000
1980-05-01,0.0,106.86000061035156,104.72000122070312,105.45999908447266,32480000
1980-05-02,0.0,106.25,104.61000061035156,105.58000183105469,28040000
1980-05-05,0.0,106.83000183105469,104.63999938964844,106.37999725341797,34090000
1980-05-06,0.0,107.83000183105469,105.36000061035156,106.25,40160000
1980-05-07,0.0,108.12000274658203,105.83000183105469,107.18000030517578,42600000
1980-05-08,0.0,108.0199966430664,105.5,106.12999725341797,39280000
1980-05-09,0.0,106.19999694824219,104.18000030517578,104.72000122070312,30280000
1980-05-12,0.0,105.4800033569336,103.5,104.77999877929688,28220000
1980-05-13,0.0,106.76000213623047,104.44000244140625,106.30000305175781,35460000
1980-05-14,0.0,107.88999938964844,106.0,106.8499984741211,40840000
1980-05-15,0.0,107.98999786376953,106.06999969482422,106.98999786376953,41120000
1980-05-16,0.0,107.88999938964844,106.25,107.3499984741211,31710000
1980-05-19,0.0,108.43000030517578,106.51000213623047,107.66999816894531,30970000
1980-05-20,0.0,108.38999938964844,106.75,107.62000274658203,31800000
1980-05-21,0.0,108.30999755859375,106.54000091552734,107.72000122070312,34830000
1980-05-22,0.0,109.7300033569336,107.33999633789062,109.01000213623047,41040000
1980-05-23,0.0,111.37000274658203,109.01000213623047,110.62000274658203,45790000
1980-05-27,0.0,112.30000305175781,110.3499984741211,111.4000015258789,40810000
1980-05-28,0.0,112.72000122070312,110.41999816894531,112.05999755859375,38580000
1980-05-29,0.0,112.63999938964844,109.86000061035156,110.2699966430664,42000000
1980-05-30,0.0,111.55000305175781,108.87000274658203,111.23999786376953,34820000
1980-06-02,0.0,112.1500015258789,110.05999755859375,110.76000213623047,32710000
1980-06-03,0.0,111.62999725341797,109.7699966430664,110.51000213623047,33150000
1980-06-04,0.0,113.44999694824219,110.22000122070312,112.61000061035156,44180000
1980-06-05,0.0,114.37999725341797,111.88999938964844,112.77999877929688,49070000
1980-06-06,0.0,114.01000213623047,112.11000061035156,113.19999694824219,37230000
1980-06-09,0.0,114.51000213623047,112.68000030517578,113.70999908447266,36820000
1980-06-10,0.0,115.5,113.16999816894531,114.66000366210938,42030000
1980-06-11,0.0,116.63999938964844,114.22000122070312,116.0199966430664,43800000
1980-06-12,0.0,117.01000213623047,114.27999877929688,115.5199966430664,47300000
1980-06-13,0.0,116.94000244140625,114.66999816894531,115.80999755859375,41880000
1980-06-16,0.0,116.80000305175781,114.77999877929688,116.08999633789062,36190000
1980-06-17,0.0,117.16000366210938,115.12999725341797,116.02999877929688,41990000
1980-06-18,0.0,116.83999633789062,114.7699966430664,116.26000213623047,41960000
1980-06-19,0.0,116.80999755859375,114.36000061035156,114.66000366210938,38280000
1980-06-20,0.0,114.9000015258789,113.12000274658203,114.05999755859375,36530000
1980-06-23,0.0,115.27999877929688,113.3499984741211,114.51000213623047,34180000
1980-06-24,0.0,115.75,113.76000213623047,115.13999938964844,37730000
1980-06-25,0.0,117.37000274658203,115.06999969482422,116.72000122070312,46500000
1980-06-26,0.0,117.9800033569336,115.58000183105469,116.19000244140625,45110000
1980-06-27,0.0,116.93000030517578,115.05999755859375,116.0,33110000
1980-06-30,0.0,116.04000091552734,113.55000305175781,114.23999786376953,29910000
1980-07-01,0.0,115.44999694824219,113.54000091552734,114.93000030517578,34340000
1980-07-02,0.0,116.44000244140625,114.36000061035156,115.68000030517578,42950000
1980-07-03,0.0,117.80000305175781,115.48999786376953,117.45999908447266,47230000
1980-07-07,0.0,118.8499984741211,116.95999908447266,118.29000091552734,42540000
1980-07-08,0.0,119.11000061035156,117.06999969482422,117.83999633789062,45830000
1980-07-09,0.0,119.5199966430664,117.0999984741211,117.9800033569336,52010000
1980-07-10,0.0,118.56999969482422,116.37999725341797,116.94999694824219,43730000
1980-07-11,0.0,118.37999725341797,116.29000091552734,117.83999633789062,38310000
1980-07-14,0.0,120.37000274658203,117.44999694824219,120.01000213623047,45500000
1980-07-15,0.0,121.55999755859375,118.8499984741211,119.30000305175781,60920000
1980-07-16,0.0,120.87000274658203,118.54000091552734,119.62999725341797,49140000
1980-07-17,0.0,121.83999633789062,119.43000030517578,121.44000244140625,48850000
1980-07-18,0.0,123.19000244140625,120.87999725341797,122.04000091552734,58040000
1980-07-21,0.0,123.1500015258789,120.8499984741211,122.51000213623047,42750000
1980-07-22,0.0,123.9000015258789,121.37999725341797,122.19000244140625,52230000
1980-07-23,0.0,123.26000213623047,120.93000030517578,121.93000030517578,45890000
1980-07-24,0.0,122.9800033569336,120.83000183105469,121.79000091552734,42420000
1980-07-25,0.0,121.95999908447266,119.94000244140625,120.77999877929688,36250000
1980-07-28,0.0,122.0199966430664,119.77999877929688,121.43000030517578,35330000
1980-07-29,0.0,122.98999786376953,120.76000213623047,122.4000015258789,44840000
1980-07-30,0.0,123.93000030517578,121.16000366210938,122.2300033569336,58060000
1980-07-31,0.0,122.33999633789062,119.4000015258789,121.66999816894531,54610000
1980-08-01,0.0,122.37999725341797,120.08000183105469,121.20999908447266,46440000
1980-08-04,0.0,121.62999725341797,119.41999816894531,120.9800033569336,41550000
1980-08-05,0.0,122.08999633789062,119.95999908447266,120.73999786376953,45510000
1980-08-06,0.0,122.01000213623047,119.94000244140625,121.55000305175781,45050000
1980-08-07,0.0,123.83999633789062,121.66000366210938,123.30000305175781,61820000
1980-08-08,0.0,125.2300033569336,122.81999969482422,123.61000061035156,58860000
1980-08-11,0.0,125.30999755859375,122.8499984741211,124.77999877929688,44690000
1980-08-12,0.0,125.77999877929688,123.29000091552734,123.79000091552734,52050000
1980-08-13,0.0,124.66999816894531,122.48999786376953,123.27999877929688,44350000
1980-08-14,0.0,125.62000274658203,122.68000030517578,125.25,47700000
1980-08-15,0.0,126.61000061035156,124.56999969482422,125.72000122070312,47780000
1980-08-18,0.0,125.27999877929688,122.81999969482422,123.38999938964844,41890000
1980-08-19,0.0,124.0,121.97000122070312,122.5999984741211,41930000
1980-08-20,0.0,124.2699966430664,121.91000366210938,123.7699966430664,42560000
1980-08-21,0.0,125.98999786376953,123.61000061035156,125.45999908447266,50770000
1980-08-22,0.0,127.77999877929688,125.18000030517578,126.0199966430664,58210000
1980-08-25,0.0,126.27999877929688,124.6500015258789,125.16000366210938,35400000
1980-08-26,0.0,126.29000091552734,124.01000213623047,124.83999633789062,41700000
1980-08-27,0.0,124.9800033569336,122.93000030517578,123.5199966430664,44000000
1980-08-28,0.0,123.91000366210938,121.61000061035156,122.08000183105469,39890000
1980-08-29,0.0,123.01000213623047,121.05999755859375,122.37999725341797,33510000
1980-09-02,0.0,124.36000061035156,121.79000091552734,123.73999786376953,35290000
1980-09-03,0.0,126.43000030517578,123.87000274658203,126.12000274658203,52370000
1980-09-04,0.0,127.69999694824219,124.41999816894531,125.41999816894531,59030000
1980-09-05,0.0,126.12000274658203,124.08000183105469,124.87999725341797,37990000
1980-09-08,0.0,125.66999816894531,122.77999877929688,123.30999755859375,42050000
1980-09-09,0.0,124.5199966430664,121.94000244140625,124.06999969482422,44460000
1980-09-10,0.0,125.94999694824219,123.5999984741211,124.80999755859375,51430000
1980-09-11,0.0,126.4800033569336,124.19000244140625,125.66000366210938,44770000
1980-09-12,0.0,126.75,124.72000122070312,125.54000091552734,47180000
1980-09-15,0.0,126.3499984741211,124.08999633789062,125.66999816894531,44630000
1980-09-16,0.0,127.77999877929688,125.1500015258789,126.73999786376953,57290000
1980-09-17,0.0,129.67999267578125,126.37000274658203,128.8699951171875,63990000
1980-09-18,0.0,130.3800048828125,127.62999725341797,128.39999389648438,63390000
1980-09-19,0.0,130.3300018310547,127.56999969482422,129.25,53780000
1980-09-22,0.0,130.99000549316406,127.88999938964844,130.39999389648438,53140000
1980-09-23,0.0,132.1699981689453,128.5500030517578,129.42999267578125,64390000
1980-09-24,0.0,131.33999633789062,128.4499969482422,130.3699951171875,56860000
1980-09-25,0.0,131.52999877929688,128.1300048828125,128.72000122070312,49510000
1980-09-26,0.0,128.1699981689453,125.29000091552734,126.3499984741211,49460000
1980-09-29,0.0,125.41000366210938,122.87000274658203,123.54000091552734,46410000
1980-09-30,0.0,126.08999633789062,123.54000091552734,125.45999908447266,40290000
1980-10-01,0.0,127.87999725341797,124.66000366210938,127.12999725341797,48720000
1980-10-02,0.0,128.82000732421875,126.04000091552734,128.08999633789062,46160000
1980-10-03,0.0,130.44000244140625,127.6500015258789,129.3300018310547,47510000
1980-10-06,0.0,132.3800048828125,129.35000610351562,131.72999572753906,50130000
1980-10-07,0.0,132.8800048828125,130.10000610351562,131.0,50310000
1980-10-08,0.0,132.77999877929688,130.27999877929688,131.64999389648438,46580000
1980-10-09,0.0,132.64999389648438,130.25,131.0399932861328,43980000
1980-10-10,0.0,132.14999389648438,129.5800018310547,130.2899932861328,44040000
1980-10-13,0.0,132.4600067138672,129.3699951171875,132.02999877929688,31360000
1980-10-14,0.0,133.57000732421875,131.16000366210938,132.02000427246094,48830000
1980-10-15,0.0,134.35000610351562,131.58999633789062,133.6999969482422,48260000
1980-10-16,0.0,135.8800048828125,131.63999938964844,132.22000122070312,65450000
1980-10-17,0.0,133.07000732421875,130.22000122070312,131.52000427246094,43920000
1980-10-20,0.0,133.2100067138672,130.0399932861328,132.61000061035156,40910000
1980-10-21,0.0,134.00999450683594,130.77999877929688,131.83999633789062,51220000
1980-10-22,0.0,132.97000122070312,130.6199951171875,131.9199981689453,43060000
1980-10-23,0.0,132.5399932861328,128.8699951171875,129.52999877929688,49200000
1980-10-24,0.0,130.5500030517578,128.0399932861328,129.85000610351562,41050000
1980-10-27,0.0,129.94000244140625,127.33999633789062,127.87999725341797,34430000
1980-10-28,0.0,128.86000061035156,126.36000061035156,128.0500030517578,40300000
1980-10-29,0.0,129.91000366210938,127.06999969482422,127.91000366210938,37200000
1980-10-30,0.0,128.7100067138672,125.77999877929688,126.29000091552734,39060000
1980-10-31,0.0,128.24000549316406,125.29000091552734,127.47000122070312,40110000
1980-11-03,0.0,129.85000610351562,127.2300033569336,129.0399932861328,35820000
1980-11-05,0.0,135.64999389648438,130.77000427246094,131.3300018310547,84080000
1980-11-06,0.0,131.3000030517578,128.22999572753906,128.91000366210938,48890000
1980-11-07,0.0,130.0800018310547,127.73999786376953,129.17999267578125,40070000
1980-11-10,0.0,130.50999450683594,128.19000244140625,129.47999572753906,35720000
1980-11-11,0.0,132.3000030517578,129.47999572753906,131.25999450683594,41520000
1980-11-12,0.0,135.1199951171875,131.3300018310547,134.58999633789062,58500000
1980-11-13,0.0,137.2100067138672,134.1199951171875,136.49000549316406,69340000
1980-11-14,0.0,138.9600067138672,135.1199951171875,137.14999389648438,71630000
1980-11-17,0.0,138.4600067138672,134.89999389648438,137.75,50260000
1980-11-18,0.0,140.9199981689453,137.91000366210938,139.6999969482422,70380000
1980-11-19,0.0,141.75999450683594,138.05999755859375,139.05999755859375,69230000
1980-11-20,0.0,141.24000549316406,137.7899932861328,140.39999389648438,60180000
1980-11-21,0.0,141.24000549316406,138.10000610351562,139.11000061035156,55950000
1980-11-24,0.0,139.36000061035156,136.36000061035156,138.30999755859375,51120000
1980-11-25,0.0,140.8300018310547,137.4199981689453,139.3300018310547,55840000
1980-11-26,0.0,141.9600067138672,138.60000610351562,140.1699981689453,55340000
1980-11-28,0.0,141.5399932861328,139.0,140.52000427246094,34240000
1980-12-01,0.0,140.66000366210938,136.75,137.2100067138672,48180000
1980-12-02,0.0,138.11000061035156,134.3699951171875,136.97000122070312,52340000
1980-12-03,0.0,138.08999633789062,135.42999267578125,136.7100067138672,43430000
1980-12-04,0.0,138.39999389648438,135.08999633789062,136.47999572753906,51170000
1980-12-05,0.0,136.3699951171875,132.91000366210938,134.02999877929688,51990000
1980-12-08,0.0,133.19000244140625,129.7100067138672,130.61000061035156,53390000
1980-12-09,0.0,131.9199981689453,128.77000427246094,130.47999572753906,53220000
1980-12-10,0.0,131.99000549316406,127.94000244140625,128.25999450683594,49860000
1980-12-11,0.0,128.72999572753906,125.31999969482422,127.36000061035156,60220000
1980-12-12,0.0,129.97999572753906,127.1500015258789,129.22999572753906,39530000
1980-12-15,0.0,131.3300018310547,128.63999938964844,129.4499969482422,39700000
1980-12-16,0.0,131.22000122070312,128.3300018310547,130.60000610351562,41630000
1980-12-17,0.0,133.58999633789062,130.22000122070312,132.88999938964844,50800000
1980-12-18,0.0,135.89999389648438,131.88999938964844,133.0,69570000
1980-12-19,0.0,134.0,131.8000030517578,133.6999969482422,50770000
1980-12-22,0.0,136.67999267578125,132.8800048828125,135.77999877929688,51950000
1980-12-23,0.0,137.47999572753906,134.00999450683594,135.3000030517578,55260000
1980-12-24,0.0,136.5500030517578,134.14999389648438,135.8800048828125,29490000
1980-12-26,0.0,137.02000427246094,135.1999969482422,136.57000732421875,16130000
1980-12-29,0.0,137.50999450683594,134.36000061035156,135.02999877929688,36060000
1980-12-30,0.0,136.50999450683594,134.0399932861328,135.3300018310547,39750000
1980-12-31,0.0,136.75999450683594,134.2899932861328,135.75999450683594,41210000
1981-01-02,0.0,137.10000610351562,134.61000061035156,136.33999633789062,28870000
1981-01-05,0.0,139.24000549316406,135.86000061035156,137.97000122070312,58710000
1981-01-06,0.0,140.32000732421875,135.77999877929688,138.1199951171875,67400000
1981-01-07,0.0,136.02000427246094,132.3000030517578,135.0800018310547,92890000
1981-01-08,0.0,136.10000610351562,131.9600067138672,133.05999755859375,55350000
1981-01-09,0.0,134.75999450683594,131.7100067138672,133.47999572753906,50190000
1981-01-12,0.0,135.8800048828125,132.7899932861328,133.52000427246094,48760000
1981-01-13,0.0,134.27000427246094,131.69000244140625,133.2899932861328,40890000
1981-01-14,0.0,135.25,132.64999389648438,133.47000122070312,41390000
1981-01-15,0.0,135.14999389648438,132.44000244140625,134.22000122070312,39640000
1981-01-16,0.0,135.91000366210938,133.35000610351562,134.77000427246094,43260000
1981-01-19,0.0,135.86000061035156,133.50999450683594,134.3699951171875,36470000
1981-01-20,0.0,135.3000030517578,131.25999450683594,131.64999389648438,41750000
1981-01-21,0.0,132.47999572753906,129.92999267578125,131.36000061035156,39190000
1981-01-22,0.0,132.0800018310547,129.22999572753906,130.25999450683594,39880000
1981-01-23,0.0,131.33999633789062,129.0,130.22999572753906,37220000
1981-01-26,0.0,131.17999267578125,128.57000732421875,129.83999633789062,35380000
1981-01-27,0.0,131.9499969482422,129.32000732421875,131.1199951171875,42260000
1981-01-28,0.0,132.41000366210938,129.82000732421875,130.33999633789062,36690000
1981-01-29,0.0,131.77999877929688,128.97000122070312,130.24000549316406,38170000
1981-01-30,0.0,131.64999389648438,128.61000061035156,129.5500030517578,41160000
1981-02-02,0.0,129.47999572753906,125.81999969482422,126.91000366210938,44070000
1981-02-03,0.0,128.9199981689453,125.88999938964844,128.4600067138672,45950000
1981-02-04,0.0,129.7100067138672,127.29000091552734,128.58999633789062,45520000
1981-02-05,0.0,130.49000549316406,127.98999786376953,129.6300048828125,45320000
1981-02-06,0.0,131.80999755859375,129.02999877929688,130.60000610351562,45820000
1981-02-09,0.0,131.38999938964844,128.61000061035156,129.27000427246094,38330000
1981-02-10,0.0,130.19000244140625,128.0500030517578,129.24000549316406,40820000
1981-02-11,0.0,129.9199981689453,127.5999984741211,128.24000549316406,37770000
1981-02-12,0.0,128.9499969482422,126.77999877929688,127.4800033569336,34700000
1981-02-13,0.0,128.33999633789062,126.04000091552734,126.9800033569336,33360000
1981-02-17,0.0,128.75,126.43000030517578,127.80999755859375,37940000
1981-02-18,0.0,129.25,127.08999633789062,128.47999572753906,40410000
1981-02-19,0.0,129.07000732421875,125.9800033569336,126.61000061035156,41630000
1981-02-20,0.0,127.6500015258789,124.66000366210938,126.58000183105469,41900000
1981-02-23,0.0,128.27999877929688,125.69000244140625,127.3499984741211,39590000
1981-02-24,0.0,128.75999450683594,126.48999786376953,127.38999938964844,43960000
1981-02-25,0.0,129.2100067138672,125.7699966430664,128.52000427246094,45710000
1981-02-26,0.0,130.92999267578125,128.02000427246094,130.10000610351562,60300000
1981-02-27,0.0,132.02000427246094,129.35000610351562,131.27000427246094,53210000
1981-03-02,0.0,132.9600067138672,130.14999389648438,132.00999450683594,47710000
1981-03-03,0.0,132.72000122070312,129.66000366210938,130.55999755859375,48730000
1981-03-04,0.0,132.07000732421875,129.57000732421875,130.86000061035156,47260000
1981-03-05,0.0,131.82000732421875,129.25,129.92999267578125,45380000
1981-03-06,0.0,131.17999267578125,128.55999755859375,129.85000610351562,43940000
1981-03-09,0.0,131.94000244140625,129.38999938964844,131.1199951171875,46180000
1981-03-10,0.0,132.63999938964844,129.72000122070312,130.4600067138672,56610000
1981-03-11,0.0,131.1999969482422,128.72000122070312,129.9499969482422,47390000
1981-03-12,0.0,133.55999755859375,129.75999450683594,133.19000244140625,54640000
1981-03-13,0.0,135.52999877929688,132.38999938964844,133.11000061035156,68290000
1981-03-16,0.0,135.35000610351562,132.10000610351562,134.67999267578125,49940000
1981-03-17,0.0,136.08999633789062,132.8000030517578,133.9199981689453,65920000
1981-03-18,0.0,135.66000366210938,132.8000030517578,134.22000122070312,55740000
1981-03-19,0.0,135.3699951171875,132.3699951171875,133.4600067138672,62440000
1981-03-20,0.0,135.2899932861328,132.5,134.0800018310547,61980000
1981-03-23,0.0,136.5,133.41000366210938,135.69000244140625,57880000
1981-03-24,0.0,137.39999389648438,134.10000610351562,134.6699981689453,66400000
1981-03-25,0.0,137.32000732421875,133.9199981689453,137.11000061035156,56320000
1981-03-26,0.0,138.3800048828125,135.2899932861328,136.27000427246094,60370000
1981-03-27,0.0,136.88999938964844,133.91000366210938,134.64999389648438,46930000
1981-03-30,0.0,135.8699951171875,133.50999450683594,134.27999877929688,33500000
1981-03-31,0.0,137.14999389648438,134.67999267578125,136.0,50980000
1981-04-01,0.0,137.55999755859375,135.0399932861328,136.57000732421875,54880000
1981-04-02,0.0,137.72000122070312,135.16000366210938,136.32000732421875,52570000
1981-04-03,0.0,137.0399932861328,134.6699981689453,135.49000549316406,48680000
1981-04-06,0.0,135.61000061035156,132.91000366210938,133.92999267578125,43190000
1981-04-07,0.0,135.27000427246094,132.9600067138672,133.91000366210938,44540000
1981-04-08,0.0,135.33999633789062,133.25999450683594,134.30999755859375,48000000
1981-04-09,0.0,135.8000030517578,132.58999633789062,134.6699981689453,59520000
1981-04-10,0.0,136.22999572753906,133.17999267578125,134.50999450683594,58130000
1981-04-13,0.0,134.91000366210938,132.24000549316406,133.14999389648438,49860000
1981-04-14,0.0,134.02999877929688,131.5800018310547,132.67999267578125,48350000
1981-04-15,0.0,134.7899932861328,132.1999969482422,134.1699981689453,56040000
1981-04-16,0.0,135.82000732421875,133.42999267578125,134.6999969482422,52950000
1981-04-20,0.0,136.25,133.19000244140625,135.4499969482422,51020000
1981-04-21,0.0,136.3800048828125,133.49000549316406,134.22999572753906,60280000
1981-04-22,0.0,135.5399932861328,132.72000122070312,134.13999938964844,60660000
1981-04-23,0.0,135.89999389648438,132.89999389648438,133.94000244140625,64200000
1981-04-24,0.0,136.0,132.8800048828125,135.13999938964844,60000000
1981-04-27,0.0,136.55999755859375,134.1300048828125,135.47999572753906,51080000
1981-04-28,0.0,136.08999633789062,133.10000610351562,134.3300018310547,58210000
1981-04-29,0.0,134.69000244140625,131.82000732421875,133.0500030517578,53340000
1981-04-30,0.0,134.44000244140625,131.85000610351562,132.80999755859375,47970000
1981-05-01,0.0,134.1699981689453,131.42999267578125,132.72000122070312,48360000
1981-05-04,0.0,131.77999877929688,129.61000061035156,130.6699981689453,40430000
1981-05-05,0.0,131.3300018310547,128.92999267578125,130.32000732421875,49000000
1981-05-06,0.0,132.3800048828125,130.08999633789062,130.77999877929688,47100000
1981-05-07,0.0,132.41000366210938,130.2100067138672,131.6699981689453,42590000
1981-05-08,0.0,132.69000244140625,130.83999633789062,131.66000366210938,41860000
1981-05-11,0.0,132.22999572753906,129.11000061035156,129.7100067138672,37640000
1981-05-12,0.0,131.1699981689453,128.77999877929688,130.72000122070312,40440000
1981-05-13,0.0,131.9600067138672,129.52999877929688,130.5500030517578,42600000
1981-05-14,0.0,132.14999389648438,129.91000366210938,131.27999877929688,42750000
1981-05-15,0.0,133.2100067138672,130.75,132.1699981689453,45460000
1981-05-18,0.0,133.64999389648438,131.49000549316406,132.5399932861328,42510000
1981-05-19,0.0,133.22000122070312,130.77999877929688,132.08999633789062,42220000
1981-05-20,0.0,133.02999877929688,130.58999633789062,132.0,42370000
1981-05-21,0.0,133.02999877929688,130.6999969482422,131.75,46820000
1981-05-22,0.0,132.64999389648438,130.4199981689453,131.3300018310547,40710000
1981-05-26,0.0,133.3000030517578,130.63999938964844,132.77000427246094,42760000
1981-05-27,0.0,134.64999389648438,131.85000610351562,133.77000427246094,58730000
1981-05-28,0.0,134.9199981689453,132.0,133.4499969482422,59500000
1981-05-29,0.0,134.36000061035156,131.52000427246094,132.58999633789062,51580000
1981-06-01,0.0,134.6199951171875,131.49000549316406,132.41000366210938,62170000
1981-06-02,0.0,132.9600067138672,129.83999633789062,130.6199951171875,53930000
1981-06-03,0.0,131.3699951171875,128.77000427246094,130.7100067138672,54700000
1981-06-04,0.0,132.2100067138672,129.72000122070312,130.9600067138672,48940000
1981-06-05,0.0,132.97999572753906,130.1699981689453,132.22000122070312,47180000
1981-06-08,0.0,133.67999267578125,131.2899932861328,132.24000549316406,41580000
1981-06-09,0.0,133.3000030517578,130.94000244140625,131.97000122070312,44600000
1981-06-10,0.0,133.49000549316406,131.0399932861328,132.32000732421875,53200000
1981-06-11,0.0,134.30999755859375,131.5800018310547,133.75,59530000
1981-06-12,0.0,135.08999633789062,132.39999389648438,133.49000549316406,60790000
1981-06-15,0.0,135.6699981689453,132.77999877929688,133.61000061035156,63350000
1981-06-16,0.0,134.0,131.2899932861328,132.14999389648438,57780000
1981-06-17,0.0,133.97999572753906,130.80999755859375,133.32000732421875,55470000
1981-06-18,0.0,133.97999572753906,130.94000244140625,131.63999938964844,48400000
1981-06-19,0.0,133.27000427246094,130.49000549316406,132.27000427246094,46430000
1981-06-22,0.0,133.5399932861328,131.10000610351562,131.9499969482422,41790000
1981-06-23,0.0,133.97999572753906,131.16000366210938,133.35000610351562,51840000
1981-06-24,0.0,133.89999389648438,131.64999389648438,132.66000366210938,46650000
1981-06-25,0.0,134.3000030517578,131.77999877929688,132.80999755859375,43920000
1981-06-26,0.0,133.75,131.7100067138672,132.55999755859375,39240000
1981-06-29,0.0,133.5,131.1999969482422,131.88999938964844,37930000
1981-06-30,0.0,132.6699981689453,130.30999755859375,131.2100067138672,41550000
1981-07-01,0.0,131.69000244140625,129.0399932861328,129.77000427246094,49080000
1981-07-02,0.0,130.47999572753906,127.83999633789062,128.63999938964844,45100000
1981-07-06,0.0,128.99000549316406,126.44000244140625,127.37000274658203,44590000
1981-07-07,0.0,129.60000610351562,126.38999938964844,128.24000549316406,53560000
1981-07-08,0.0,129.57000732421875,126.94999694824219,128.32000732421875,46000000
1981-07-09,0.0,130.0800018310547,127.56999969482422,129.3000030517578,45510000
1981-07-10,0.0,130.42999267578125,128.3800048828125,129.3699951171875,39950000
1981-07-13,0.0,130.82000732421875,128.7899932861328,129.63999938964844,38100000
1981-07-14,0.0,130.77999877929688,128.13999938964844,129.64999389648438,45230000
1981-07-15,0.0,131.58999633789062,128.88999938964844,130.22999572753906,48950000
1981-07-16,0.0,131.41000366210938,129.3000030517578,130.33999633789062,39010000
1981-07-17,0.0,131.60000610351562,129.49000549316406,130.75999450683594,42780000
1981-07-20,0.0,130.60000610351562,127.9800033569336,128.72000122070312,40240000
1981-07-21,0.0,129.60000610351562,127.08000183105469,128.33999633789062,47280000
1981-07-22,0.0,129.72000122070312,126.69999694824219,127.12999725341797,47500000
1981-07-23,0.0,128.25999450683594,125.95999908447266,127.4000015258789,41790000
1981-07-24,0.0,129.30999755859375,127.11000061035156,128.4600067138672,38880000
1981-07-27,0.0,130.61000061035156,128.42999267578125,129.89999389648438,39610000
1981-07-28,0.0,130.44000244140625,128.27999877929688,129.13999938964844,38160000
1981-07-29,0.0,130.08999633789062,128.3699951171875,129.16000366210938,37610000
1981-07-30,0.0,130.67999267578125,128.55999755859375,130.00999450683594,41560000
1981-07-31,0.0,131.77999877929688,129.60000610351562,130.9199981689453,43480000
1981-08-03,0.0,131.74000549316406,129.4199981689453,130.47999572753906,39650000
1981-08-04,0.0,131.66000366210938,129.42999267578125,131.17999267578125,39460000
1981-08-05,0.0,133.38999938964844,130.75999450683594,132.6699981689453,54290000
1981-08-06,0.0,134.0399932861328,131.74000549316406,132.63999938964844,52070000
1981-08-07,0.0,133.0399932861328,130.9600067138672,131.75,38370000
1981-08-10,0.0,133.32000732421875,130.8300018310547,132.5399932861328,38370000
1981-08-11,0.0,134.6300048828125,132.08999633789062,133.85000610351562,52600000
1981-08-12,0.0,135.17999267578125,132.72999572753906,133.39999389648438,53650000
1981-08-13,0.0,134.5800018310547,132.52999877929688,133.50999450683594,42460000
1981-08-14,0.0,134.3300018310547,131.91000366210938,132.49000549316406,42580000
1981-08-17,0.0,133.02000427246094,130.75,131.22000122070312,40840000
1981-08-18,0.0,131.72999572753906,129.10000610351562,130.11000061035156,47270000
1981-08-19,0.0,131.1999969482422,128.99000549316406,130.49000549316406,39390000
1981-08-20,0.0,131.74000549316406,129.83999633789062,130.69000244140625,38270000
1981-08-21,0.0,131.05999755859375,128.6999969482422,129.22999572753906,37670000
1981-08-24,0.0,128.58999633789062,125.0199966430664,125.5,46750000
1981-08-25,0.0,125.7699966430664,123.0,125.12999725341797,54600000
1981-08-26,0.0,126.16999816894531,123.98999786376953,124.95999908447266,39980000
1981-08-27,0.0,125.30999755859375,122.9000015258789,123.51000213623047,43900000
1981-08-28,0.0,125.08999633789062,122.8499984741211,124.08000183105469,38020000
1981-08-31,0.0,125.58000183105469,122.29000091552734,122.79000091552734,40360000
1981-09-01,0.0,123.91999816894531,121.58999633789062,123.0199966430664,45110000
1981-09-02,0.0,124.58000183105469,122.54000091552734,123.48999786376953,37570000
1981-09-03,0.0,124.16000366210938,120.81999969482422,121.23999786376953,41730000
1981-09-04,0.0,121.54000091552734,119.23999786376953,120.06999969482422,42760000
1981-09-08,0.0,120.12000274658203,116.8499984741211,117.9800033569336,47340000
1981-09-09,0.0,119.48999786376953,116.87000274658203,118.4000015258789,43910000
1981-09-10,0.0,122.18000030517578,118.33000183105469,120.13999938964844,47430000
1981-09-11,0.0,122.12999725341797,119.29000091552734,121.61000061035156,42170000
1981-09-14,0.0,122.0,119.66999816894531,120.66000366210938,34040000
1981-09-15,0.0,121.7699966430664,119.2699966430664,119.7699966430664,38580000
1981-09-16,0.0,120.0,117.88999938964844,118.87000274658203,43660000
1981-09-17,0.0,119.87000274658203,116.62999725341797,117.1500015258789,48300000
1981-09-18,0.0,117.69000244140625,115.18000030517578,116.26000213623047,47350000
1981-09-21,0.0,118.06999969482422,115.04000091552734,117.23999786376953,44570000
1981-09-22,0.0,118.19000244140625,115.93000030517578,116.68000030517578,46830000
1981-09-23,0.0,116.68000030517578,113.5999984741211,115.6500015258789,52700000
1981-09-24,0.0,117.47000122070312,114.31999969482422,115.01000213623047,48880000
1981-09-25,0.0,114.69000244140625,111.63999938964844,112.7699966430664,54390000
1981-09-28,0.0,115.83000183105469,110.19000244140625,115.52999877929688,61320000
1981-09-29,0.0,117.75,114.75,115.94000244140625,49800000
1981-09-30,0.0,117.05000305175781,114.5999984741211,116.18000030517578,40700000
1981-10-01,0.0,117.66000366210938,115.0,117.08000183105469,41600000
1981-10-02,0.0,120.16000366210938,117.06999969482422,119.36000061035156,54540000
1981-10-05,0.0,121.54000091552734,118.61000061035156,119.51000213623047,51290000
1981-10-06,0.0,121.38999938964844,118.08000183105469,119.38999938964844,45460000
1981-10-07,0.0,121.87000274658203,119.08999633789062,121.30999755859375,50030000
1981-10-08,0.0,123.08000183105469,120.2300033569336,122.30999755859375,47090000
1981-10-09,0.0,123.27999877929688,120.62999725341797,121.44999694824219,50060000
1981-10-12,0.0,122.37000274658203,120.16999816894531,121.20999908447266,30030000
1981-10-13,0.0,122.37000274658203,119.95999908447266,120.77999877929688,43360000
1981-10-14,0.0,120.97000122070312,118.37999725341797,118.80000305175781,40260000
1981-10-15,0.0,120.58000183105469,118.01000213623047,119.70999908447266,42830000
1981-10-16,0.0,120.45999908447266,118.37999725341797,119.19000244140625,37800000
1981-10-19,0.0,119.8499984741211,117.58000183105469,118.9800033569336,41590000
1981-10-20,0.0,121.29000091552734,118.77999877929688,120.27999877929688,51530000
1981-10-21,0.0,121.94000244140625,119.3499984741211,120.0999984741211,48490000
1981-10-22,0.0,120.77999877929688,118.4800033569336,119.63999938964844,40630000
1981-10-23,0.0,119.91999816894531,117.77999877929688,118.5999984741211,41990000
1981-10-26,0.0,119.0,116.80999755859375,118.16000366210938,38210000
1981-10-27,0.0,120.43000030517578,117.80000305175781,119.29000091552734,53030000
1981-10-28,0.0,120.95999908447266,118.38999938964844,119.44999694824219,48100000
1981-10-29,0.0,120.37000274658203,118.13999938964844,119.05999755859375,40070000
1981-10-30,0.0,122.52999877929688,118.43000030517578,121.88999938964844,59570000
1981-11-02,0.0,125.13999938964844,122.3499984741211,124.19999694824219,65100000
1981-11-03,0.0,125.5199966430664,123.13999938964844,124.80000305175781,54620000
1981-11-04,0.0,126.0,123.63999938964844,124.73999786376953,53450000
1981-11-05,0.0,125.80000305175781,122.9800033569336,123.54000091552734,50860000
1981-11-06,0.0,124.02999877929688,121.8499984741211,122.66999816894531,43270000
1981-11-09,0.0,124.12999725341797,121.58999633789062,123.29000091552734,48310000
1981-11-10,0.0,124.69000244140625,122.01000213623047,122.69999694824219,53940000
1981-11-11,0.0,123.81999969482422,121.51000213623047,122.91999816894531,41920000
1981-11-12,0.0,124.70999908447266,122.19000244140625,123.19000244140625,55720000
1981-11-13,0.0,123.61000061035156,121.05999755859375,121.66999816894531,45550000
1981-11-16,0.0,121.63999938964844,119.12999725341797,120.23999786376953,43740000
1981-11-17,0.0,121.77999877929688,119.5,121.1500015258789,43190000
1981-11-18,0.0,121.66000366210938,119.61000061035156,120.26000213623047,49980000
1981-11-19,0.0,121.66999816894531,119.41999816894531,120.70999908447266,48890000
1981-11-20,0.0,122.58999633789062,120.12999725341797,121.70999908447266,52010000
1981-11-23,0.0,123.08999633789062,120.76000213623047,121.5999984741211,45250000
1981-11-24,0.0,124.04000091552734,121.22000122070312,123.51000213623047,53200000
1981-11-25,0.0,125.29000091552734,123.06999969482422,124.05000305175781,58570000
1981-11-27,0.0,125.70999908447266,123.62999725341797,125.08999633789062,32770000
1981-11-30,0.0,126.97000122070312,124.18000030517578,126.3499984741211,47580000
1981-12-01,0.0,127.30000305175781,124.83999633789062,126.0999984741211,53980000
1981-12-02,0.0,126.44999694824219,124.18000030517578,124.69000244140625,44510000
1981-12-03,0.0,125.83999633789062,123.62999725341797,125.12000274658203,43770000
1981-12-04,0.0,127.31999969482422,125.12000274658203,126.26000213623047,55040000
1981-12-07,0.0,126.91000366210938,124.66999816894531,125.19000244140625,45720000
1981-12-08,0.0,125.75,123.5199966430664,124.81999969482422,45140000
1981-12-09,0.0,126.08000183105469,124.08999633789062,125.4800033569336,44810000
1981-12-10,0.0,126.54000091552734,124.5999984741211,125.70999908447266,47020000
1981-12-11,0.0,126.26000213623047,124.31999969482422,124.93000030517578,45850000
1981-12-14,0.0,124.37000274658203,122.16999816894531,122.77999877929688,44740000
1981-12-15,0.0,123.77999877929688,121.83000183105469,122.98999786376953,44130000
1981-12-16,0.0,123.66000366210938,121.7300033569336,122.41999816894531,42770000
1981-12-17,0.0,123.79000091552734,121.81999969482422,123.12000274658203,47230000
1981-12-18,0.0,124.87000274658203,122.55999755859375,124.0,50940000
1981-12-21,0.0,124.70999908447266,122.66999816894531,123.33999633789062,41290000
1981-12-22,0.0,124.16999816894531,122.19000244140625,122.87999725341797,48320000
1981-12-23,0.0,123.58999633789062,121.58000183105469,122.30999755859375,42910000
1981-12-24,0.0,123.05999755859375,121.56999969482422,122.54000091552734,23940000
1981-12-28,0.0,123.36000061035156,121.7300033569336,122.2699966430664,28320000
1981-12-29,0.0,122.9000015258789,121.12000274658203,121.66999816894531,35300000
1981-12-30,0.0,123.11000061035156,121.04000091552734,122.30000305175781,42960000
1981-12-31,0.0,123.41999816894531,121.56999969482422,122.55000305175781,40780000
1982-01-04,0.0,123.72000122070312,121.4800033569336,122.73999786376953,36760000
1982-01-05,0.0,122.61000061035156,119.56999969482422,120.05000305175781,47510000
1982-01-06,0.0,120.44999694824219,117.98999786376953,119.18000030517578,51510000
1982-01-07,0.0,119.87999725341797,117.69999694824219,118.93000030517578,43410000
1982-01-08,0.0,120.58999633789062,118.55000305175781,119.55000305175781,42050000
1982-01-11,0.0,120.33999633789062,116.47000122070312,116.77999877929688,51900000
1982-01-12,0.0,117.48999786376953,115.18000030517578,116.30000305175781,49800000
1982-01-13,0.0,117.45999908447266,114.23999786376953,114.87999725341797,49130000
1982-01-14,0.0,116.30000305175781,114.06999969482422,115.54000091552734,42940000
1982-01-15,0.0,117.13999938964844,115.0999984741211,116.33000183105469,43310000
1982-01-18,0.0,117.69000244140625,114.8499984741211,117.22000122070312,44920000
1982-01-19,0.0,118.1500015258789,115.5199966430664,115.97000122070312,45070000
1982-01-20,0.0,116.63999938964844,114.29000091552734,115.2699966430664,48860000
1982-01-21,0.0,116.91999816894531,114.5999984741211,115.75,48610000
1982-01-22,0.0,116.52999877929688,114.58000183105469,115.37999725341797,44370000
1982-01-25,0.0,115.93000030517578,113.62999725341797,115.41000366210938,43170000
1982-01-26,0.0,116.5999984741211,114.48999786376953,115.19000244140625,44870000
1982-01-27,0.0,116.5999984741211,114.37999725341797,115.73999786376953,50060000
1982-01-28,0.0,119.3499984741211,116.0999984741211,118.91999816894531,66690000
1982-01-29,0.0,121.37999725341797,118.63999938964844,120.4000015258789,73400000
1982-02-01,0.0,119.80999755859375,117.13999938964844,117.77999877929688,47720000
1982-02-02,0.0,119.1500015258789,116.91000366210938,118.01000213623047,45020000
1982-02-03,0.0,118.66999816894531,116.04000091552734,116.4800033569336,49560000
1982-02-04,0.0,117.48999786376953,114.87999725341797,116.41999816894531,53300000
1982-02-05,0.0,118.26000213623047,115.73999786376953,117.26000213623047,53350000
1982-02-08,0.0,117.04000091552734,114.19999694824219,114.62999725341797,48500000
1982-02-09,0.0,115.1500015258789,112.81999969482422,113.68000030517578,54420000
1982-02-10,0.0,115.62000274658203,113.44999694824219,114.66000366210938,46620000
1982-02-11,0.0,115.58999633789062,113.41000366210938,114.43000030517578,46730000
1982-02-12,0.0,115.38999938964844,113.69999694824219,114.37999725341797,37070000
1982-02-16,0.0,114.62999725341797,112.05999755859375,114.05999755859375,48880000
1982-02-17,0.0,115.08999633789062,112.97000122070312,113.69000244140625,47660000
1982-02-18,0.0,115.04000091552734,112.97000122070312,113.81999969482422,60810000
1982-02-19,0.0,114.58000183105469,112.33000183105469,113.22000122070312,51340000
1982-02-22,0.0,114.9000015258789,111.19999694824219,111.58999633789062,58310000
1982-02-23,0.0,112.45999908447266,110.02999877929688,111.51000213623047,60100000
1982-02-24,0.0,113.87999725341797,110.70999908447266,113.47000122070312,64800000
1982-02-25,0.0,114.86000061035156,112.44000244140625,113.20999908447266,54160000
1982-02-26,0.0,114.01000213623047,112.04000091552734,113.11000061035156,43840000
1982-03-01,0.0,114.31999969482422,111.86000061035156,113.30999755859375,53010000
1982-03-02,0.0,114.80000305175781,112.02999877929688,112.68000030517578,63800000
1982-03-03,0.0,112.51000213623047,109.9800033569336,110.91999816894531,70230000
1982-03-04,0.0,111.77999877929688,108.7699966430664,109.87999725341797,74340000
1982-03-05,0.0,110.9000015258789,108.30999755859375,109.33999633789062,67440000
1982-03-08,0.0,111.05999755859375,107.02999877929688,107.33999633789062,67330000
1982-03-09,0.0,109.87999725341797,106.16999816894531,108.83000183105469,76060000
1982-03-10,0.0,110.9800033569336,108.08999633789062,109.41000366210938,59440000
1982-03-11,0.0,110.87000274658203,108.37999725341797,109.36000061035156,52960000
1982-03-12,0.0,109.72000122070312,104.45999908447266,108.61000061035156,49600000
1982-03-15,0.0,109.98999786376953,107.47000122070312,109.44999694824219,43370000
1982-03-16,0.0,110.91999816894531,108.56999969482422,109.27999877929688,48900000
1982-03-17,0.0,110.0999984741211,108.11000061035156,109.08000183105469,48900000
1982-03-18,0.0,111.0199966430664,108.8499984741211,110.30000305175781,54270000
1982-03-19,0.0,111.58999633789062,109.63999938964844,110.61000061035156,46250000
1982-03-22,0.0,113.3499984741211,110.70999908447266,112.7699966430664,57610000
1982-03-23,0.0,114.51000213623047,112.29000091552734,113.55000305175781,67130000
1982-03-24,0.0,114.30999755859375,112.2300033569336,112.97000122070312,49380000
1982-03-25,0.0,114.26000213623047,112.0199966430664,113.20999908447266,51970000
1982-03-26,0.0,113.43000030517578,111.26000213623047,111.94000244140625,42400000
1982-03-29,0.0,112.81999969482422,110.9000015258789,112.30000305175781,37100000
1982-03-30,0.0,113.08999633789062,111.30000305175781,112.2699966430664,43900000
1982-03-31,0.0,113.16999816894531,111.31999969482422,111.95999908447266,43300000
1982-04-01,0.0,114.22000122070312,111.4800033569336,113.79000091552734,57100000
1982-04-02,0.0,115.79000091552734,113.6500015258789,115.12000274658203,59800000
1982-04-05,0.0,115.9000015258789,113.94000244140625,114.7300033569336,46900000
1982-04-06,0.0,115.91999816894531,113.69999694824219,115.36000061035156,43200000
1982-04-07,0.0,116.44999694824219,114.58000183105469,115.45999908447266,53130000
1982-04-08,0.0,116.94000244140625,114.94000244140625,116.22000122070312,60190000
1982-04-12,0.0,117.0199966430664,115.16000366210938,116.0,46520000
1982-04-13,0.0,117.12000274658203,115.16000366210938,115.98999786376953,48660000
1982-04-14,0.0,116.69000244140625,114.80000305175781,115.83000183105469,45150000
1982-04-15,0.0,116.86000061035156,115.0199966430664,116.3499984741211,45700000
1982-04-16,0.0,117.69999694824219,115.68000030517578,116.80999755859375,55890000
1982-04-19,0.0,118.16000366210938,115.83000183105469,116.69999694824219,58470000
1982-04-20,115.80000305175781,117.13999938964844,114.83000183105469,115.44000244140625,54610000
1982-04-21,115.4800033569336,115.87000274658203,115.30000305175781,115.72000122070312,57820000
1982-04-22,115.72000122070312,117.25,115.72000122070312,117.19000244140625,64470000
1982-04-23,118.0199966430664,118.63999938964844,117.19000244140625,118.63999938964844,71840000
1982-04-26,118.94000244140625,119.33000183105469,118.25,119.26000213623047,60500000
1982-04-27,119.06999969482422,119.26000213623047,117.7300033569336,118.0,56480000
1982-04-28,117.83000183105469,118.05000305175781,116.94000244140625,117.26000213623047,50530000
1982-04-29,116.4000015258789,117.23999786376953,116.11000061035156,116.13999938964844,51330000
1982-04-30,116.20999908447266,116.77999877929688,116.06999969482422,116.44000244140625,48200000
1982-05-03,115.95999908447266,116.81999969482422,115.91000366210938,116.81999969482422,46490000
1982-05-04,117.41000366210938,117.63999938964844,116.8499984741211,117.45999908447266,58720000
1982-05-05,117.8499984741211,118.05000305175781,117.30999755859375,117.66999816894531,58860000
1982-05-06,118.81999969482422,118.83000183105469,117.68000030517578,118.68000030517578,67540000
1982-05-07,119.08000183105469,119.88999938964844,118.70999908447266,119.47000122070312,67130000
1982-05-10,119.08000183105469,119.48999786376953,118.37000274658203,118.37999725341797,46300000
1982-05-11,118.54000091552734,119.58999633789062,118.31999969482422,119.41999816894531,54680000
1982-05-12,119.88999938964844,119.91999816894531,118.76000213623047,119.16999816894531,59210000
1982-05-13,119.08000183105469,119.19999694824219,118.12999725341797,118.22000122070312,58230000
1982-05-14,118.19999694824219,118.4000015258789,118.01000213623047,118.01000213623047,49900000
1982-05-17,117.62000274658203,118.0199966430664,116.66000366210938,116.70999908447266,45600000
1982-05-18,116.3499984741211,116.69999694824219,115.70999908447266,115.83999633789062,48970000
1982-05-19,115.61000061035156,115.95999908447266,114.81999969482422,114.88999938964844,48840000
1982-05-20,114.8499984741211,115.06999969482422,114.37000274658203,114.58999633789062,48330000
1982-05-21,115.02999877929688,115.12999725341797,114.5999984741211,114.88999938964844,45260000
1982-05-24,114.45999908447266,114.86000061035156,114.23999786376953,114.79000091552734,38510000
1982-05-25,115.5,115.51000213623047,114.4000015258789,114.4000015258789,44010000
1982-05-26,113.68000030517578,114.4000015258789,112.87999725341797,113.11000061035156,51250000
1982-05-27,113.11000061035156,113.12000274658203,112.58000183105469,112.66000366210938,44730000
1982-05-28,112.79000091552734,112.80000305175781,111.66000366210938,111.87999725341797,43900000
1982-06-01,111.97000122070312,112.06999969482422,111.66000366210938,111.68000030517578,41650000
1982-06-02,111.73999786376953,112.19000244140625,111.55000305175781,112.04000091552734,49220000
1982-06-03,112.04000091552734,112.4800033569336,111.44999694824219,111.86000061035156,48450000
1982-06-04,111.66000366210938,111.8499984741211,110.0199966430664,110.08999633789062,44110000
1982-06-07,109.58999633789062,110.58999633789062,109.41999816894531,110.12000274658203,44630000
1982-06-08,110.33000183105469,110.33000183105469,109.5999984741211,109.62999725341797,46820000
1982-06-09,109.45999908447266,109.62999725341797,108.52999877929688,108.98999786376953,55770000
1982-06-10,109.3499984741211,109.69999694824219,108.95999908447266,109.61000061035156,50950000
1982-06-11,111.11000061035156,111.4800033569336,109.6500015258789,111.23999786376953,68610000
1982-06-14,110.5,111.22000122070312,109.9000015258789,109.95999908447266,40100000
1982-06-15,109.62999725341797,109.95999908447266,108.9800033569336,109.69000244140625,44970000
1982-06-16,110.0999984741211,110.12999725341797,108.81999969482422,108.87000274658203,56280000
1982-06-17,108.01000213623047,108.8499984741211,107.4800033569336,107.5999984741211,49230000
1982-06-18,107.5999984741211,107.5999984741211,107.06999969482422,107.27999877929688,53800000
1982-06-21,107.27999877929688,107.87999725341797,107.01000213623047,107.19999694824219,50370000
1982-06-22,107.25,108.30000305175781,107.16999816894531,108.30000305175781,55290000
1982-06-23,108.58999633789062,110.13999938964844,108.08999633789062,110.13999938964844,62710000
1982-06-24,110.25,110.91999816894531,109.79000091552734,109.83000183105469,55860000
1982-06-25,109.55999755859375,109.83000183105469,109.08999633789062,109.13999938964844,38740000
1982-06-28,109.30000305175781,110.44999694824219,109.16999816894531,110.26000213623047,40700000
1982-06-29,110.26000213623047,110.56999969482422,109.68000030517578,110.20999908447266,46990000
1982-06-30,110.94999694824219,111.0,109.5,109.61000061035156,65280000
1982-07-01,109.5199966430664,109.62999725341797,108.62000274658203,108.70999908447266,47900000
1982-07-02,108.0999984741211,108.70999908447266,107.5999984741211,107.6500015258789,43760000
1982-07-06,107.2699966430664,107.66999816894531,106.73999786376953,107.29000091552734,44350000
1982-07-07,107.08000183105469,107.61000061035156,106.98999786376953,107.22000122070312,46920000
1982-07-08,106.8499984741211,107.52999877929688,105.56999969482422,107.52999877929688,63270000
1982-07-09,108.2300033569336,108.97000122070312,107.55999755859375,108.83000183105469,65870000
1982-07-12,109.4800033569336,109.62000274658203,108.88999938964844,109.56999969482422,74690000
1982-07-13,109.19000244140625,110.06999969482422,109.19000244140625,109.44999694824219,66170000
1982-07-14,109.68000030517578,110.44000244140625,109.08000183105469,110.44000244140625,58160000
1982-07-15,110.83000183105469,110.94999694824219,110.2699966430664,110.47000122070312,61090000
1982-07-16,110.16000366210938,111.4800033569336,110.16000366210938,111.06999969482422,58740000
1982-07-19,111.75,111.77999877929688,110.66000366210938,110.7300033569336,53030000
1982-07-20,111.11000061035156,111.55999755859375,110.3499984741211,111.54000091552734,61060000
1982-07-21,112.1500015258789,112.38999938964844,111.37999725341797,111.41999816894531,66770000
1982-07-22,110.94999694824219,112.0199966430664,110.94000244140625,111.4800033569336,53870000
1982-07-23,111.45999908447266,111.58000183105469,111.05000305175781,111.16999816894531,47280000
1982-07-26,110.66000366210938,111.16000366210938,110.29000091552734,110.36000061035156,37740000
1982-07-27,110.26000213623047,110.3499984741211,109.36000061035156,109.43000030517578,45740000
1982-07-28,109.41999816894531,109.41999816894531,107.52999877929688,107.73999786376953,53830000
1982-07-29,107.41999816894531,107.91999816894531,106.62000274658203,107.72000122070312,55680000
1982-07-30,107.3499984741211,107.94999694824219,107.01000213623047,107.08999633789062,39270000
1982-08-02,107.70999908447266,109.08999633789062,107.11000061035156,108.9800033569336,53460000
1982-08-03,108.9800033569336,109.43000030517578,107.80999755859375,107.83000183105469,60480000
1982-08-04,107.83000183105469,107.83000183105469,106.11000061035156,106.13999938964844,53440000
1982-08-05,106.0999984741211,106.0999984741211,104.76000213623047,105.16000366210938,54700000
1982-08-06,105.16000366210938,105.16000366210938,103.66999816894531,103.70999908447266,48660000
1982-08-09,103.69000244140625,103.69000244140625,102.19999694824219,103.08000183105469,54560000
1982-08-10,103.11000061035156,103.83999633789062,102.81999969482422,102.83999633789062,52680000
1982-08-11,102.83000183105469,103.01000213623047,102.4800033569336,102.5999984741211,49040000
1982-08-12,102.5999984741211,103.22000122070312,102.38999938964844,102.41999816894531,50080000
1982-08-13,102.41999816894531,103.8499984741211,102.4000015258789,103.8499984741211,44720000
1982-08-16,103.86000061035156,105.5199966430664,103.86000061035156,104.08999633789062,55420000
1982-08-17,105.4000015258789,109.04000091552734,104.08999633789062,109.04000091552734,92860000
1982-08-18,109.04000091552734,111.58000183105469,108.45999908447266,108.54000091552734,132690000
1982-08-19,108.52999877929688,109.86000061035156,108.33999633789062,109.16000366210938,78270000
1982-08-20,109.19000244140625,113.0199966430664,109.19000244140625,113.0199966430664,95890000
1982-08-23,113.0199966430664,116.11000061035156,112.6500015258789,116.11000061035156,110310000
1982-08-24,116.11000061035156,116.38999938964844,115.08000183105469,115.3499984741211,121650000
1982-08-25,115.3499984741211,118.12000274658203,115.11000061035156,117.58000183105469,106200000
1982-08-26,117.56999969482422,120.26000213623047,117.56999969482422,118.55000305175781,137330000
1982-08-27,117.37999725341797,118.55999755859375,116.62999725341797,117.11000061035156,74410000
1982-08-30,117.05000305175781,117.66000366210938,115.79000091552734,117.66000366210938,59560000
1982-08-31,117.6500015258789,119.5999984741211,117.6500015258789,119.51000213623047,86360000
1982-09-01,119.5199966430664,120.05000305175781,117.9800033569336,118.25,82830000
1982-09-02,118.23999786376953,120.31999969482422,117.83999633789062,120.29000091552734,74740000
1982-09-03,120.30999755859375,123.63999938964844,120.30999755859375,122.68000030517578,130910000
1982-09-07,122.68000030517578,122.68000030517578,121.19000244140625,121.37000274658203,68960000
1982-09-08,121.33000183105469,123.11000061035156,121.19000244140625,122.19999694824219,77960000
1982-09-09,122.19000244140625,123.22000122070312,121.9000015258789,121.97000122070312,73090000
1982-09-10,121.97000122070312,121.9800033569336,120.2699966430664,120.97000122070312,71080000
1982-09-13,120.94000244140625,122.23999786376953,120.25,122.23999786376953,59520000
1982-09-14,122.2699966430664,123.69000244140625,122.2699966430664,123.0999984741211,83070000
1982-09-15,123.08999633789062,124.80999755859375,122.72000122070312,124.29000091552734,69680000
1982-09-16,124.27999877929688,124.87999725341797,123.6500015258789,123.7699966430664,78900000
1982-09-17,123.76000213623047,123.76000213623047,122.33999633789062,122.55000305175781,63950000
1982-09-20,122.54000091552734,122.54000091552734,121.4800033569336,122.51000213623047,58520000
1982-09-21,122.51000213623047,124.91000366210938,122.51000213623047,124.87999725341797,82920000
1982-09-22,124.9000015258789,126.43000030517578,123.98999786376953,123.98999786376953,113150000
1982-09-23,123.98999786376953,124.19000244140625,122.95999908447266,123.80999755859375,68260000
1982-09-24,123.79000091552734,123.80000305175781,123.11000061035156,123.31999969482422,54600000
1982-09-27,123.31999969482422,123.62000274658203,122.75,123.62000274658203,44840000
1982-09-28,123.62000274658203,124.16000366210938,123.20999908447266,123.23999786376953,65900000
1982-09-29,123.23999786376953,123.23999786376953,121.27999877929688,121.62999725341797,62550000
1982-09-30,121.62000274658203,121.62000274658203,120.13999938964844,120.41999816894531,62610000
1982-10-01,120.4000015258789,121.97000122070312,120.1500015258789,121.97000122070312,65000000
1982-10-04,121.97000122070312,121.97000122070312,120.55999755859375,121.51000213623047,55650000
1982-10-05,121.5999984741211,122.7300033569336,121.5999984741211,121.9800033569336,69770000
1982-10-06,122.0,125.97000122070312,122.0,125.97000122070312,93570000
1982-10-07,125.98999786376953,128.9600067138672,125.98999786376953,128.8000030517578,147070000
1982-10-08,128.7899932861328,131.11000061035156,128.7899932861328,131.0500030517578,122250000
1982-10-11,131.05999755859375,135.52999877929688,131.05999755859375,134.47000122070312,138530000
1982-10-12,134.47999572753906,135.85000610351562,133.58999633789062,134.44000244140625,126310000
1982-10-13,134.4199981689453,137.97000122070312,134.13999938964844,136.7100067138672,139800000
1982-10-14,136.7100067138672,136.88999938964844,134.5500030517578,134.57000732421875,107530000
1982-10-15,134.5500030517578,134.61000061035156,133.27999877929688,133.57000732421875,80290000
1982-10-18,133.58999633789062,136.72999572753906,133.58999633789062,136.72999572753906,83790000
1982-10-19,136.72999572753906,137.9600067138672,135.72000122070312,136.5800018310547,100850000
1982-10-20,136.5800018310547,139.22999572753906,136.3699951171875,139.22999572753906,98680000
1982-10-21,139.22999572753906,140.27000427246094,137.6300048828125,139.05999755859375,122460000
1982-10-22,139.05999755859375,140.39999389648438,138.75,138.8300018310547,101120000
1982-10-25,138.80999755859375,138.80999755859375,133.32000732421875,133.32000732421875,83720000
1982-10-26,133.2899932861328,134.47999572753906,131.5,134.47999572753906,102080000
1982-10-27,134.47999572753906,135.9199981689453,134.47999572753906,135.2899932861328,81670000
1982-10-28,135.27999877929688,135.4199981689453,133.58999633789062,133.58999633789062,73590000
1982-10-29,133.5399932861328,134.02000427246094,132.63999938964844,133.72000122070312,74830000
1982-11-01,133.72000122070312,136.02999877929688,133.22000122070312,135.47000122070312,73530000
1982-11-02,135.47999572753906,138.50999450683594,135.47999572753906,137.49000549316406,104770000
1982-11-03,137.52999877929688,142.8800048828125,137.52999877929688,142.8699951171875,137010000
1982-11-04,142.85000610351562,143.99000549316406,141.64999389648438,141.85000610351562,149350000
1982-11-05,141.85000610351562,142.42999267578125,141.32000732421875,142.16000366210938,96550000
1982-11-08,142.1199951171875,142.1199951171875,139.97999572753906,140.44000244140625,75240000
1982-11-09,140.47999572753906,143.16000366210938,140.4600067138672,143.02000427246094,111220000
1982-11-10,143.0399932861328,144.36000061035156,140.8000030517578,141.16000366210938,113240000
1982-11-11,141.14999389648438,141.75,139.8800048828125,141.75,78410000
1982-11-12,141.75,141.85000610351562,139.52999877929688,139.52999877929688,95080000
1982-11-15,139.5399932861328,139.5399932861328,137.0,137.02999877929688,78900000
1982-11-16,136.97000122070312,136.97000122070312,134.0500030517578,135.4199981689453,102910000
1982-11-17,135.47000122070312,137.92999267578125,135.47000122070312,137.92999267578125,84440000
1982-11-18,137.92999267578125,138.77999877929688,137.47000122070312,138.33999633789062,77620000
1982-11-19,138.35000610351562,138.92999267578125,137.0,137.02000427246094,70310000
1982-11-22,137.02999877929688,137.10000610351562,134.2100067138672,134.22000122070312,74960000
1982-11-23,134.2100067138672,134.27999877929688,132.88999938964844,132.92999267578125,72920000
1982-11-24,132.9199981689453,133.8800048828125,132.9199981689453,133.8800048828125,67220000
1982-11-26,133.88999938964844,134.8800048828125,133.88999938964844,134.8800048828125,38810000
1982-11-29,134.88999938964844,135.2899932861328,133.69000244140625,134.1999969482422,61080000
1982-11-30,134.1999969482422,138.52999877929688,134.19000244140625,138.52999877929688,93470000
1982-12-01,138.55999755859375,140.3699951171875,138.35000610351562,138.72000122070312,107850000
1982-12-02,138.72000122070312,139.6300048828125,138.66000366210938,138.82000732421875,77600000
1982-12-03,138.8699951171875,139.58999633789062,138.58999633789062,138.69000244140625,71540000
1982-12-06,138.6999969482422,141.77000427246094,138.00999450683594,141.77000427246094,83880000
1982-12-07,141.7899932861328,143.67999267578125,141.7899932861328,142.72000122070312,111620000
1982-12-08,142.7100067138672,143.5800018310547,141.82000732421875,141.82000732421875,97430000
1982-12-09,141.8000030517578,141.8000030517578,139.9199981689453,140.0,90320000
1982-12-10,139.99000549316406,141.14999389648438,139.35000610351562,139.57000732421875,86430000
1982-12-13,139.57000732421875,140.1199951171875,139.5,139.9499969482422,63140000
1982-12-14,139.99000549316406,142.5,137.33999633789062,137.39999389648438,98380000
1982-12-15,137.39999389648438,137.39999389648438,135.1199951171875,135.24000549316406,81030000
1982-12-16,135.22000122070312,135.77999877929688,134.7899932861328,135.3000030517578,73680000
1982-12-17,135.35000610351562,137.7100067138672,135.35000610351562,137.49000549316406,76010000
1982-12-20,137.49000549316406,137.83999633789062,136.19000244140625,136.25,62210000
1982-12-21,136.24000549316406,139.27000427246094,136.07000732421875,138.61000061035156,78010000
1982-12-22,138.6300048828125,139.69000244140625,138.60000610351562,138.8300018310547,83470000
1982-12-23,138.83999633789062,139.94000244140625,138.83999633789062,139.72000122070312,62880000
1982-12-27,139.72999572753906,142.32000732421875,139.72000122070312,142.1699981689453,64690000
1982-12-28,142.17999267578125,142.33999633789062,140.75,140.77000427246094,58610000
1982-12-29,140.77000427246094,141.72999572753906,140.67999267578125,141.24000549316406,54810000
1982-12-30,141.24000549316406,141.67999267578125,140.22000122070312,140.3300018310547,56380000
1982-12-31,140.33999633789062,140.77999877929688,140.27000427246094,140.63999938964844,42110000
1983-01-03,140.64999389648438,141.3300018310547,138.1999969482422,138.33999633789062,59080000
1983-01-04,138.3300018310547,141.36000061035156,138.0800018310547,141.36000061035156,75530000
1983-01-05,141.35000610351562,142.60000610351562,141.14999389648438,141.9600067138672,95390000
1983-01-06,142.00999450683594,145.77000427246094,142.00999450683594,145.27000427246094,129410000
1983-01-07,145.27000427246094,146.4600067138672,145.14999389648438,145.17999267578125,127290000
1983-01-10,145.19000244140625,147.25,144.5800018310547,146.77999877929688,101890000
1983-01-11,146.7899932861328,146.8300018310547,145.3800048828125,145.77999877929688,98250000
1983-01-12,145.75999450683594,148.36000061035156,145.75999450683594,146.69000244140625,109850000
1983-01-13,146.6699981689453,146.94000244140625,145.6699981689453,145.72999572753906,77030000
1983-01-14,145.72000122070312,147.1199951171875,145.72000122070312,146.64999389648438,86480000
1983-01-17,146.64999389648438,147.89999389648438,146.63999938964844,146.72000122070312,89210000
1983-01-18,146.7100067138672,146.74000549316406,145.52000427246094,146.39999389648438,78380000
1983-01-19,146.39999389648438,146.4499969482422,144.50999450683594,145.27000427246094,80900000
1983-01-20,145.2899932861328,146.6199951171875,145.2899932861328,146.2899932861328,82790000
1983-01-21,146.3000030517578,146.3000030517578,143.25,143.85000610351562,77110000
1983-01-24,143.83999633789062,143.83999633789062,139.10000610351562,139.97000122070312,90800000
1983-01-25,139.97999572753906,141.75,139.97999572753906,141.75,79740000
1983-01-26,141.77000427246094,142.16000366210938,141.16000366210938,141.5399932861328,73720000
1983-01-27,141.5399932861328,144.3000030517578,141.5399932861328,144.27000427246094,88120000
1983-01-28,144.30999755859375,145.47000122070312,144.25,144.50999450683594,89490000
1983-01-31,144.50999450683594,145.3000030517578,143.92999267578125,145.3000030517578,67140000
1983-02-01,145.2899932861328,145.2899932861328,142.9600067138672,142.9600067138672,82750000
1983-02-02,142.9499969482422,143.52000427246094,141.89999389648438,143.22999572753906,77220000
1983-02-03,143.25,144.42999267578125,143.25,144.25999450683594,78890000
1983-02-04,144.25999450683594,146.13999938964844,144.13999938964844,146.13999938964844,87000000
1983-02-07,146.13999938964844,147.4199981689453,146.13999938964844,146.92999267578125,86030000
1983-02-08,146.92999267578125,147.2100067138672,145.52000427246094,145.6999969482422,76580000
1983-02-09,145.6999969482422,145.8300018310547,144.08999633789062,145.0,84520000
1983-02-10,145.0399932861328,147.75,145.0399932861328,147.5,93510000
1983-02-11,147.50999450683594,148.80999755859375,147.17999267578125,147.64999389648438,86700000
1983-02-14,147.7100067138672,149.13999938964844,147.39999389648438,148.92999267578125,72640000
1983-02-15,148.94000244140625,149.41000366210938,148.1300048828125,148.3000030517578,89040000
1983-02-16,148.30999755859375,148.66000366210938,147.41000366210938,147.42999267578125,82100000
1983-02-17,147.42999267578125,147.57000732421875,143.83999633789062,147.44000244140625,74930000
1983-02-18,147.44000244140625,148.2899932861328,147.2100067138672,148.0,77420000
1983-02-22,148.00999450683594,148.11000061035156,145.4199981689453,145.47999572753906,84080000
1983-02-23,145.47000122070312,146.7899932861328,145.39999389648438,146.7899932861328,84100000
1983-02-24,146.8000030517578,149.6699981689453,146.8000030517578,149.60000610351562,113220000
1983-02-25,149.60000610351562,150.8800048828125,149.60000610351562,149.74000549316406,100970000
1983-02-28,149.74000549316406,149.74000549316406,147.80999755859375,148.05999755859375,83750000
1983-03-01,148.07000732421875,150.8800048828125,148.07000732421875,150.8800048828125,103750000
1983-03-02,150.91000366210938,152.6300048828125,150.91000366210938,152.3000030517578,112600000
1983-03-03,152.30999755859375,154.16000366210938,152.30999755859375,153.47999572753906,114440000
1983-03-04,153.47000122070312,153.6699981689453,152.52999877929688,153.6699981689453,90930000
1983-03-07,153.6699981689453,154.0,152.64999389648438,153.6699981689453,84020000
1983-03-08,153.6300048828125,153.6300048828125,151.25999450683594,151.25999450683594,79410000
1983-03-09,151.25,152.8699951171875,150.83999633789062,152.8699951171875,84250000
1983-03-10,152.8699951171875,154.00999450683594,151.75,151.8000030517578,95410000
1983-03-11,151.75,151.75,150.64999389648438,151.24000549316406,67240000
1983-03-14,151.27999877929688,151.3000030517578,150.24000549316406,150.8300018310547,61890000
1983-03-15,150.8300018310547,151.3699951171875,150.39999389648438,151.3699951171875,62410000
1983-03-16,151.36000061035156,151.6199951171875,149.77999877929688,149.80999755859375,83570000
1983-03-17,149.8000030517578,149.8000030517578,149.1199951171875,149.58999633789062,70290000
1983-03-18,149.58999633789062,150.2899932861328,149.55999755859375,149.89999389648438,75110000
1983-03-21,149.82000732421875,151.1999969482422,149.32000732421875,151.19000244140625,72160000
1983-03-22,151.2100067138672,151.58999633789062,150.60000610351562,150.66000366210938,79610000
1983-03-23,150.64999389648438,152.97999572753906,150.64999389648438,152.80999755859375,94980000
1983-03-24,152.82000732421875,153.77999877929688,152.82000732421875,153.3699951171875,92340000
1983-03-25,153.3699951171875,153.7100067138672,152.3000030517578,152.6699981689453,77330000
1983-03-28,152.6699981689453,152.6699981689453,151.55999755859375,151.85000610351562,58510000
1983-03-29,151.85000610351562,152.4600067138672,151.4199981689453,151.58999633789062,65300000
1983-03-30,151.60000610351562,153.38999938964844,151.60000610351562,153.38999938964844,75800000
1983-03-31,153.41000366210938,155.02000427246094,152.86000061035156,152.9600067138672,100570000
1983-04-04,152.9199981689453,153.02000427246094,152.22999572753906,153.02000427246094,66010000
1983-04-05,153.0399932861328,153.9199981689453,151.80999755859375,151.89999389648438,76810000
1983-04-06,151.89999389648438,151.89999389648438,150.1699981689453,151.0399932861328,77140000
1983-04-07,151.0399932861328,151.75999450683594,150.80999755859375,151.75999450683594,69480000
1983-04-08,151.77000427246094,152.85000610351562,151.38999938964844,152.85000610351562,67710000
1983-04-11,152.8699951171875,155.13999938964844,152.8699951171875,155.13999938964844,81440000
1983-04-12,155.14999389648438,155.82000732421875,154.77999877929688,155.82000732421875,79900000
1983-04-13,155.82000732421875,157.22000122070312,155.82000732421875,156.77000427246094,100520000
1983-04-14,156.8000030517578,158.1199951171875,156.5500030517578,158.1199951171875,90160000
1983-04-15,158.11000061035156,158.75,158.11000061035156,158.75,89590000
1983-04-18,158.75,159.75,158.41000366210938,159.74000549316406,88560000
1983-04-19,159.74000549316406,159.74000549316406,158.5399932861328,158.7100067138672,91210000
1983-04-20,158.7100067138672,160.8300018310547,158.7100067138672,160.7100067138672,110240000
1983-04-21,160.72999572753906,161.0800018310547,159.9600067138672,160.0500030517578,106170000
1983-04-22,160.0399932861328,160.75999450683594,160.02000427246094,160.4199981689453,92270000
1983-04-25,160.42999267578125,160.8300018310547,158.72000122070312,158.80999755859375,90150000
1983-04-26,158.80999755859375,161.80999755859375,158.07000732421875,161.80999755859375,91210000
1983-04-27,161.85000610351562,162.77000427246094,160.75999450683594,161.44000244140625,118140000
1983-04-28,161.44000244140625,162.9600067138672,161.44000244140625,162.9499969482422,94410000
1983-04-29,162.97000122070312,164.42999267578125,162.72000122070312,164.42999267578125,105750000
1983-05-02,164.41000366210938,164.4199981689453,161.99000549316406,162.11000061035156,88170000
1983-05-03,162.10000610351562,162.35000610351562,160.8000030517578,162.33999633789062,89550000
1983-05-04,162.3800048828125,163.63999938964844,162.3800048828125,163.30999755859375,101690000
1983-05-05,163.35000610351562,164.3000030517578,163.35000610351562,164.27999877929688,107860000
1983-05-06,164.3000030517578,166.99000549316406,164.3000030517578,166.10000610351562,128200000
1983-05-09,166.10000610351562,166.4600067138672,164.89999389648438,165.80999755859375,93670000
1983-05-10,165.82000732421875,166.39999389648438,165.74000549316406,165.9499969482422,104010000
1983-05-11,165.9499969482422,166.3000030517578,164.52999877929688,164.9600067138672,99820000
1983-05-12,164.97999572753906,165.35000610351562,163.82000732421875,164.25,84060000
1983-05-13,164.25999450683594,165.22999572753906,164.25999450683594,164.91000366210938,83110000
1983-05-16,164.89999389648438,164.89999389648438,162.3300018310547,163.39999389648438,76250000
1983-05-17,163.39999389648438,163.7100067138672,162.5500030517578,163.7100067138672,79510000
1983-05-18,163.72999572753906,165.17999267578125,163.16000366210938,163.27000427246094,99780000
1983-05-19,163.27000427246094,163.61000061035156,161.97999572753906,161.99000549316406,83260000
1983-05-20,161.97000122070312,162.13999938964844,161.25,162.13999938964844,73150000
1983-05-23,162.05999755859375,163.5,160.2899932861328,163.42999267578125,84960000
1983-05-24,163.4499969482422,165.58999633789062,163.4499969482422,165.5399932861328,109850000
1983-05-25,165.5399932861328,166.2100067138672,164.7899932861328,166.2100067138672,121050000
1983-05-26,166.22000122070312,166.38999938964844,165.27000427246094,165.47999572753906,94980000
1983-05-27,165.49000549316406,165.49000549316406,164.3300018310547,164.4600067138672,76290000
1983-05-31,164.44000244140625,164.44000244140625,162.1199951171875,162.38999938964844,73910000
1983-06-01,162.3800048828125,162.63999938964844,161.3300018310547,162.5500030517578,84460000
1983-06-02,162.55999755859375,164.0,162.55999755859375,163.97999572753906,89750000
1983-06-03,163.9600067138672,164.7899932861328,163.9600067138672,164.4199981689453,83110000
1983-06-06,164.42999267578125,165.08999633789062,163.75,164.8300018310547,87670000
1983-06-07,164.83999633789062,164.92999267578125,162.77000427246094,162.77000427246094,88550000
1983-06-08,162.77999877929688,162.77999877929688,161.35000610351562,161.36000061035156,96600000
1983-06-09,161.3699951171875,161.9199981689453,160.8000030517578,161.8300018310547,87440000
1983-06-10,161.86000061035156,162.75999450683594,161.86000061035156,162.67999267578125,78470000
1983-06-13,162.6999969482422,164.83999633789062,162.6999969482422,164.83999633789062,90700000
1983-06-14,164.8699951171875,165.92999267578125,164.8699951171875,165.52999877929688,97710000
1983-06-15,165.52000427246094,167.1199951171875,165.07000732421875,167.1199951171875,93410000
1983-06-16,167.11000061035156,169.3800048828125,167.11000061035156,169.13999938964844,124560000
1983-06-17,169.11000061035156,169.63999938964844,168.60000610351562,169.1300048828125,93630000
1983-06-20,169.1300048828125,170.10000610351562,168.58999633789062,169.02000427246094,84270000
1983-06-21,169.02999877929688,170.60000610351562,168.25,170.52999877929688,102880000
1983-06-22,170.52999877929688,171.60000610351562,170.4199981689453,170.99000549316406,110270000
1983-06-23,170.99000549316406,171.0,170.1300048828125,170.57000732421875,89590000
1983-06-24,170.57000732421875,170.69000244140625,170.02999877929688,170.41000366210938,80810000
1983-06-27,170.39999389648438,170.4600067138672,168.32000732421875,168.4600067138672,69360000
1983-06-28,168.4499969482422,168.80999755859375,165.6699981689453,165.67999267578125,82730000
1983-06-29,165.77999877929688,166.63999938964844,165.42999267578125,166.63999938964844,81580000
1983-06-30,167.63999938964844,167.63999938964844,167.63999938964844,167.63999938964844,76310000
1983-07-01,168.11000061035156,168.63999938964844,167.77000427246094,168.63999938964844,65110000
1983-07-05,166.5500030517578,168.8000030517578,165.8000030517578,166.60000610351562,67320000
1983-07-06,166.7100067138672,168.8800048828125,166.49000549316406,168.47999572753906,85670000
1983-07-07,168.47999572753906,169.14999389648438,167.0800018310547,167.55999755859375,97130000
1983-07-08,167.55999755859375,167.97999572753906,166.9499969482422,167.0800018310547,66520000
1983-07-11,167.08999633789062,168.11000061035156,167.08999633789062,168.11000061035156,61610000
1983-07-12,168.0500030517578,168.0500030517578,165.50999450683594,165.52999877929688,70220000
1983-07-13,165.0,165.67999267578125,164.77000427246094,165.4600067138672,68900000
1983-07-14,165.61000061035156,166.9600067138672,165.61000061035156,166.00999450683594,83500000
1983-07-15,166.00999450683594,166.0399932861328,164.02999877929688,164.2899932861328,63160000
1983-07-18,164.27999877929688,164.2899932861328,163.3000030517578,163.9499969482422,69110000
1983-07-19,163.9499969482422,165.17999267578125,163.9499969482422,164.82000732421875,74030000
1983-07-20,164.88999938964844,169.2899932861328,164.88999938964844,169.2899932861328,109310000
1983-07-21,169.2899932861328,169.8000030517578,168.3300018310547,169.05999755859375,101830000
1983-07-22,168.50999450683594,169.0800018310547,168.39999389648438,168.88999938964844,68850000
1983-07-25,167.6699981689453,169.74000549316406,167.6300048828125,169.52999877929688,73680000
1983-07-26,169.6199951171875,170.6300048828125,169.25999450683594,170.52999877929688,91280000
1983-07-27,170.67999267578125,170.72000122070312,167.49000549316406,167.58999633789062,99290000
1983-07-28,167.32000732421875,167.7899932861328,164.99000549316406,165.0399932861328,78410000
1983-07-29,165.02999877929688,165.02999877929688,161.5,162.55999755859375,95240000
1983-08-01,162.33999633789062,162.77999877929688,161.5500030517578,162.0399932861328,77210000
1983-08-02,162.05999755859375,163.0399932861328,161.97000122070312,162.00999450683594,74460000
1983-08-03,162.00999450683594,163.44000244140625,161.52000427246094,163.44000244140625,80370000
1983-08-04,163.27999877929688,163.4199981689453,159.6300048828125,161.3300018310547,100870000
1983-08-05,161.3300018310547,161.8800048828125,160.88999938964844,161.74000549316406,67850000
1983-08-08,161.72999572753906,161.72999572753906,159.17999267578125,159.17999267578125,71460000
1983-08-09,159.1999969482422,160.13999938964844,158.5,160.1300048828125,81420000
1983-08-10,160.11000061035156,161.77000427246094,159.47000122070312,161.5399932861328,82900000
1983-08-11,161.5500030517578,162.13999938964844,161.41000366210938,161.5399932861328,70630000
1983-08-12,161.5500030517578,162.60000610351562,161.5500030517578,162.16000366210938,71840000
1983-08-15,162.22000122070312,164.75999450683594,162.22000122070312,163.6999969482422,83200000
1983-08-16,163.74000549316406,163.83999633789062,162.72000122070312,163.41000366210938,71780000
1983-08-17,163.5800018310547,165.39999389648438,163.42999267578125,165.2899932861328,87800000
1983-08-18,165.2899932861328,165.91000366210938,163.5500030517578,163.5500030517578,82280000
1983-08-19,163.5800018310547,164.27000427246094,163.22000122070312,163.97999572753906,58950000
1983-08-22,164.17999267578125,165.63999938964844,163.77000427246094,164.33999633789062,76420000
1983-08-23,164.3300018310547,164.3300018310547,162.5399932861328,162.77000427246094,66800000
1983-08-24,162.77000427246094,162.77000427246094,161.1999969482422,161.25,72200000
1983-08-25,161.27000427246094,161.27999877929688,159.9600067138672,160.83999633789062,70140000
1983-08-26,160.85000610351562,162.16000366210938,160.25,162.13999938964844,61650000
1983-08-29,162.13999938964844,162.32000732421875,160.97000122070312,162.25,53030000
1983-08-30,162.25,163.1300048828125,162.11000061035156,162.5800018310547,62370000
1983-08-31,162.5500030517578,164.39999389648438,162.32000732421875,164.39999389648438,80800000
1983-09-01,164.39999389648438,164.66000366210938,163.9499969482422,164.22999572753906,76120000
1983-09-02,164.25,165.07000732421875,164.2100067138672,165.0,59300000
1983-09-06,165.1999969482422,167.89999389648438,165.02999877929688,167.88999938964844,87500000
1983-09-07,167.89999389648438,168.47999572753906,167.4600067138672,167.9600067138672,94240000
1983-09-08,167.9600067138672,168.13999938964844,167.1199951171875,167.77000427246094,79250000
1983-09-09,167.77000427246094,167.77000427246094,166.91000366210938,166.9199981689453,77990000
1983-09-12,166.9499969482422,169.1999969482422,165.27000427246094,165.47999572753906,114020000
1983-09-13,165.47999572753906,165.47999572753906,164.1699981689453,164.8000030517578,73970000
1983-09-14,164.8000030517578,165.4199981689453,164.6300048828125,165.35000610351562,73370000
1983-09-15,165.38999938964844,165.5800018310547,164.3800048828125,164.3800048828125,70420000
1983-09-16,164.4199981689453,166.57000732421875,164.38999938964844,166.25,75530000
1983-09-19,166.27000427246094,168.08999633789062,166.25999450683594,167.6199951171875,85630000
1983-09-20,167.63999938964844,169.3800048828125,167.63999938964844,169.24000549316406,103050000
1983-09-21,169.27000427246094,169.3000030517578,168.2100067138672,168.41000366210938,91280000
1983-09-22,168.39999389648438,169.77999877929688,168.22000122070312,169.75999450683594,97050000
1983-09-23,169.75999450683594,170.1699981689453,168.8800048828125,169.50999450683594,93180000
1983-09-26,169.52999877929688,170.41000366210938,169.16000366210938,170.07000732421875,86400000
1983-09-27,170.02000427246094,170.02000427246094,167.9499969482422,168.42999267578125,81100000
1983-09-28,168.4199981689453,168.52999877929688,167.52000427246094,168.0,75820000
1983-09-29,168.02000427246094,168.35000610351562,167.22999572753906,167.22999572753906,73730000
1983-09-30,167.22999572753906,167.22999572753906,165.6300048828125,166.07000732421875,70860000
1983-10-03,165.99000549316406,166.07000732421875,164.92999267578125,165.80999755859375,77230000
1983-10-04,165.80999755859375,166.8000030517578,165.80999755859375,166.27000427246094,90270000
1983-10-05,166.2899932861328,167.74000549316406,165.9199981689453,167.74000549316406,101710000
1983-10-06,167.75999450683594,170.27999877929688,167.75999450683594,170.27999877929688,118270000
1983-10-07,170.32000732421875,171.10000610351562,170.30999755859375,170.8000030517578,103630000
1983-10-10,170.77000427246094,172.64999389648438,170.0500030517578,172.64999389648438,67050000
1983-10-11,172.58999633789062,172.58999633789062,170.33999633789062,170.33999633789062,79510000
1983-10-12,170.33999633789062,170.83999633789062,169.33999633789062,169.6199951171875,75630000
1983-10-13,169.6300048828125,170.1199951171875,169.1300048828125,169.8699951171875,67750000
1983-10-14,169.8800048828125,169.99000549316406,169.17999267578125,169.86000061035156,71600000
1983-10-17,169.85000610351562,171.17999267578125,169.6300048828125,170.42999267578125,77730000
1983-10-18,170.41000366210938,170.41000366210938,167.6699981689453,167.80999755859375,91080000
1983-10-19,167.80999755859375,167.80999755859375,165.6699981689453,166.72999572753906,107790000
1983-10-20,166.77000427246094,167.35000610351562,166.44000244140625,166.97999572753906,86000000
1983-10-21,166.97000122070312,167.22999572753906,164.97999572753906,165.9499969482422,91640000
1983-10-24,165.85000610351562,165.99000549316406,163.85000610351562,165.99000549316406,85420000
1983-10-25,166.0,167.14999389648438,166.0,166.47000122070312,82530000
1983-10-26,166.49000549316406,166.64999389648438,165.36000061035156,165.3800048828125,79570000
1983-10-27,165.30999755859375,165.3800048828125,164.41000366210938,164.83999633789062,79570000
1983-10-28,164.88999938964844,165.19000244140625,163.22999572753906,163.3699951171875,81180000
1983-10-31,163.3699951171875,164.5800018310547,162.86000061035156,163.5500030517578,79460000
1983-11-01,163.5500030517578,163.66000366210938,162.3699951171875,163.66000366210938,84460000
1983-11-02,165.2100067138672,165.2100067138672,163.5500030517578,164.83999633789062,95210000
1983-11-03,164.83999633789062,164.85000610351562,163.4199981689453,163.4499969482422,85350000
1983-11-04,162.67999267578125,163.4499969482422,162.22000122070312,162.44000244140625,72080000
1983-11-07,162.4199981689453,162.55999755859375,161.83999633789062,161.91000366210938,69400000
1983-11-08,161.91000366210938,162.14999389648438,161.6300048828125,161.75999450683594,64900000
1983-11-09,161.74000549316406,163.97000122070312,161.74000549316406,163.97000122070312,83100000
1983-11-10,163.99000549316406,164.7100067138672,163.97000122070312,164.41000366210938,88730000
1983-11-11,164.41000366210938,166.3000030517578,164.33999633789062,166.2899932861328,74270000
1983-11-14,166.2899932861328,167.5800018310547,166.27000427246094,166.5800018310547,86880000
1983-11-15,166.5800018310547,166.58999633789062,165.27999877929688,165.36000061035156,77840000
1983-11-16,165.36000061035156,166.41000366210938,165.33999633789062,166.0800018310547,83380000
1983-11-17,166.0800018310547,166.49000549316406,165.50999450683594,166.1300048828125,80740000
1983-11-18,166.0800018310547,166.1300048828125,164.5,165.08999633789062,88280000
1983-11-21,165.0399932861328,166.0500030517578,165.0,166.0500030517578,97740000
1983-11-22,166.0500030517578,167.25999450683594,166.0500030517578,166.83999633789062,117550000
1983-11-23,166.8800048828125,167.2100067138672,166.25999450683594,166.9600067138672,108080000
1983-11-25,167.02000427246094,167.1999969482422,166.72999572753906,167.17999267578125,57820000
1983-11-28,167.1999969482422,167.22000122070312,166.2100067138672,166.5399932861328,78210000
1983-11-29,166.5399932861328,167.9199981689453,166.1699981689453,167.91000366210938,100460000
1983-11-30,167.91000366210938,168.07000732421875,166.3300018310547,166.39999389648438,120130000
1983-12-01,166.3699951171875,166.77000427246094,166.0800018310547,166.49000549316406,106970000
1983-12-02,166.49000549316406,166.6999969482422,165.25,165.44000244140625,93960000
1983-12-05,165.44000244140625,165.7899932861328,164.7100067138672,165.75999450683594,88330000
1983-12-06,165.77000427246094,165.92999267578125,165.33999633789062,165.47000122070312,89690000
1983-12-07,165.47000122070312,166.33999633789062,165.35000610351562,165.91000366210938,105670000
1983-12-08,165.91000366210938,166.00999450683594,164.86000061035156,165.1999969482422,96530000
1983-12-09,165.1999969482422,165.2899932861328,164.5,165.0800018310547,98280000
1983-12-12,165.1300048828125,165.6199951171875,164.99000549316406,165.6199951171875,77340000
1983-12-13,165.6199951171875,165.6300048828125,164.85000610351562,164.92999267578125,93500000
1983-12-14,164.92999267578125,164.92999267578125,163.25,163.3300018310547,85430000
1983-12-15,163.3300018310547,163.3300018310547,161.66000366210938,161.66000366210938,88300000
1983-12-16,161.69000244140625,162.38999938964844,161.5800018310547,162.38999938964844,81030000
1983-12-19,162.33999633789062,162.8800048828125,162.27000427246094,162.32000732421875,75180000
1983-12-20,162.3300018310547,162.8000030517578,161.63999938964844,162.0,83740000
1983-12-21,162.0,163.57000732421875,161.99000549316406,163.55999755859375,108080000
1983-12-22,163.55999755859375,164.17999267578125,163.1699981689453,163.52999877929688,106260000
1983-12-23,163.27000427246094,163.30999755859375,162.89999389648438,163.22000122070312,62710000
1983-12-27,163.22000122070312,164.75999450683594,163.22000122070312,164.75999450683594,63800000
1983-12-28,164.69000244140625,165.33999633789062,164.3000030517578,165.33999633789062,85660000
1983-12-29,165.3300018310547,165.83999633789062,164.8300018310547,164.86000061035156,86560000
1983-12-30,164.86000061035156,165.0500030517578,164.5800018310547,164.92999267578125,71840000
1984-01-03,164.92999267578125,164.92999267578125,163.97999572753906,164.0399932861328,71340000
1984-01-04,164.08999633789062,166.77999877929688,164.0399932861328,166.77999877929688,112980000
1984-01-05,166.77999877929688,169.10000610351562,166.77999877929688,168.80999755859375,159990000
1984-01-06,168.80999755859375,169.30999755859375,168.49000549316406,169.27999877929688,137590000
1984-01-09,169.17999267578125,169.4600067138672,168.47999572753906,168.89999389648438,107100000
1984-01-10,168.89999389648438,169.5399932861328,167.8699951171875,167.9499969482422,109570000
1984-01-11,167.9499969482422,168.07000732421875,167.27000427246094,167.8000030517578,98660000
1984-01-12,167.7899932861328,168.39999389648438,167.67999267578125,167.75,99410000
1984-01-13,167.75,168.58999633789062,166.63999938964844,167.02000427246094,101790000
1984-01-16,167.02000427246094,167.5500030517578,166.77000427246094,167.17999267578125,93790000
1984-01-17,167.17999267578125,167.83999633789062,167.00999450683594,167.8300018310547,92750000
1984-01-18,167.8300018310547,168.33999633789062,167.02000427246094,167.5500030517578,109010000
1984-01-19,167.5500030517578,167.64999389648438,166.6699981689453,167.0399932861328,98340000
1984-01-20,167.0399932861328,167.05999755859375,165.8699951171875,166.2100067138672,93360000
1984-01-23,166.2100067138672,166.2100067138672,164.8300018310547,164.8699951171875,82010000
1984-01-24,164.8699951171875,166.35000610351562,164.83999633789062,165.94000244140625,103050000
1984-01-25,165.94000244140625,167.1199951171875,164.74000549316406,164.83999633789062,113470000
1984-01-26,164.83999633789062,165.5500030517578,164.1199951171875,164.24000549316406,111100000
1984-01-27,164.24000549316406,164.3300018310547,163.07000732421875,163.94000244140625,103720000
1984-01-30,164.39999389648438,164.6699981689453,162.39999389648438,162.8699951171875,103120000
1984-01-31,162.8699951171875,163.60000610351562,162.02999877929688,163.41000366210938,113510000
1984-02-01,163.41000366210938,164.0,162.27000427246094,162.74000549316406,107100000
1984-02-02,162.74000549316406,163.36000061035156,162.24000549316406,163.36000061035156,111330000
1984-02-03,163.44000244140625,163.97999572753906,160.82000732421875,160.91000366210938,109100000
1984-02-06,160.91000366210938,160.91000366210938,158.02000427246094,158.0800018310547,109090000
1984-02-07,157.91000366210938,158.80999755859375,157.00999450683594,158.74000549316406,107640000
1984-02-08,158.74000549316406,159.07000732421875,155.6699981689453,155.85000610351562,96890000
1984-02-09,155.85000610351562,156.1699981689453,154.3000030517578,155.4199981689453,128190000
1984-02-10,155.4199981689453,156.52000427246094,155.4199981689453,156.3000030517578,92220000
1984-02-13,156.3000030517578,156.32000732421875,154.1300048828125,154.9499969482422,78460000
1984-02-14,154.9499969482422,156.61000061035156,154.9499969482422,156.61000061035156,91800000
1984-02-15,156.61000061035156,157.47999572753906,156.10000610351562,156.25,94870000
1984-02-16,155.94000244140625,156.44000244140625,155.44000244140625,156.1300048828125,81750000
1984-02-17,156.1300048828125,156.8000030517578,155.50999450683594,155.74000549316406,76600000
1984-02-21,155.7100067138672,155.74000549316406,154.47000122070312,154.63999938964844,71890000
1984-02-22,154.52000427246094,155.10000610351562,153.94000244140625,154.30999755859375,90080000
1984-02-23,154.02000427246094,154.4499969482422,152.1300048828125,154.2899932861328,100220000
1984-02-24,154.30999755859375,157.50999450683594,154.2899932861328,157.50999450683594,102620000
1984-02-27,157.50999450683594,159.5800018310547,157.0800018310547,159.3000030517578,99140000
1984-02-28,159.3000030517578,159.3000030517578,156.58999633789062,156.82000732421875,91010000
1984-02-29,156.82000732421875,158.27000427246094,156.41000366210938,157.05999755859375,92810000
1984-03-01,157.05999755859375,158.19000244140625,156.77000427246094,158.19000244140625,82010000
1984-03-02,158.19000244140625,159.89999389648438,158.19000244140625,159.24000549316406,108270000
1984-03-05,159.24000549316406,159.24000549316406,157.58999633789062,157.88999938964844,69870000
1984-03-06,157.88999938964844,158.3699951171875,156.2100067138672,156.25,83590000
1984-03-07,156.25,156.25,153.80999755859375,154.57000732421875,90080000
1984-03-08,154.57000732421875,155.8000030517578,154.35000610351562,155.19000244140625,80630000
1984-03-09,155.1199951171875,155.19000244140625,153.77000427246094,154.35000610351562,73170000
1984-03-12,154.35000610351562,156.35000610351562,154.35000610351562,156.33999633789062,84470000
1984-03-13,156.33999633789062,157.92999267578125,156.33999633789062,156.77999877929688,102600000
1984-03-14,156.77999877929688,157.1699981689453,156.22000122070312,156.77000427246094,77250000
1984-03-15,156.77999877929688,158.0500030517578,156.72999572753906,157.41000366210938,79520000
1984-03-16,157.41000366210938,160.4499969482422,157.41000366210938,159.27000427246094,118000000
1984-03-19,159.27000427246094,159.27000427246094,157.27999877929688,157.77999877929688,64060000
1984-03-20,157.77999877929688,159.1699981689453,157.77999877929688,158.86000061035156,86460000
1984-03-21,158.86000061035156,159.25999450683594,158.58999633789062,158.66000366210938,87170000
1984-03-22,158.66000366210938,158.6699981689453,156.61000061035156,156.69000244140625,87340000
1984-03-23,156.69000244140625,156.9199981689453,156.02000427246094,156.86000061035156,79760000
1984-03-26,156.86000061035156,157.17999267578125,156.30999755859375,156.6699981689453,69070000
1984-03-27,156.6699981689453,157.3000030517578,156.61000061035156,157.3000030517578,73670000
1984-03-28,157.3000030517578,159.89999389648438,157.3000030517578,159.8800048828125,104870000
1984-03-29,159.8800048828125,160.4600067138672,159.52000427246094,159.52000427246094,81470000
1984-03-30,159.52000427246094,159.52000427246094,158.9199981689453,159.17999267578125,71590000
1984-04-02,159.17999267578125,159.8699951171875,157.6300048828125,157.97999572753906,85680000
1984-04-03,157.99000549316406,158.27000427246094,157.1699981689453,157.66000366210938,87980000
1984-04-04,157.66000366210938,158.11000061035156,157.2899932861328,157.5399932861328,92860000
1984-04-05,157.5399932861328,158.10000610351562,154.9600067138672,155.0399932861328,101750000
1984-04-06,155.0399932861328,155.47999572753906,154.1199951171875,155.47999572753906,86620000
1984-04-09,155.47999572753906,155.86000061035156,154.7100067138672,155.4499969482422,71570000
1984-04-10,155.4499969482422,156.57000732421875,155.4499969482422,155.8699951171875,78990000
1984-04-11,155.92999267578125,156.30999755859375,154.89999389648438,155.0,80280000
1984-04-12,155.0,157.74000549316406,154.1699981689453,157.72999572753906,96330000
1984-04-13,157.72999572753906,158.8699951171875,157.1300048828125,157.30999755859375,99620000
1984-04-16,157.30999755859375,158.35000610351562,156.49000549316406,158.32000732421875,73870000
1984-04-17,158.32000732421875,159.58999633789062,158.32000732421875,158.97000122070312,98150000
1984-04-18,158.97000122070312,158.97000122070312,157.63999938964844,157.89999389648438,85040000
1984-04-19,157.89999389648438,158.02000427246094,157.10000610351562,158.02000427246094,75860000
1984-04-23,158.02000427246094,158.0500030517578,156.7899932861328,156.8000030517578,73080000
1984-04-24,156.8000030517578,158.3800048828125,156.61000061035156,158.07000732421875,87060000
1984-04-25,158.07000732421875,158.77000427246094,157.8000030517578,158.64999389648438,83520000
1984-04-26,158.64999389648438,160.5,158.64999389648438,160.3000030517578,98000000
1984-04-27,160.3000030517578,160.69000244140625,159.77000427246094,159.88999938964844,88530000
1984-04-30,159.88999938964844,160.42999267578125,159.3000030517578,160.0500030517578,72740000
1984-05-01,160.0500030517578,161.69000244140625,160.0500030517578,161.67999267578125,110550000
1984-05-02,161.67999267578125,162.11000061035156,161.41000366210938,161.89999389648438,107080000
1984-05-03,161.89999389648438,161.89999389648438,160.9499969482422,161.1999969482422,91910000
1984-05-04,161.1999969482422,161.1999969482422,158.92999267578125,159.11000061035156,98580000
1984-05-07,159.11000061035156,159.47999572753906,158.6300048828125,159.47000122070312,72760000
1984-05-08,159.47000122070312,160.52000427246094,159.13999938964844,160.52000427246094,81610000
1984-05-09,160.52000427246094,161.30999755859375,159.38999938964844,160.11000061035156,100590000
1984-05-10,160.11000061035156,160.4499969482422,159.61000061035156,160.0,101810000
1984-05-11,160.0,160.0,157.4199981689453,158.49000549316406,82780000
1984-05-14,158.49000549316406,158.49000549316406,157.1999969482422,157.5,64900000
1984-05-15,157.5,158.27000427246094,157.2899932861328,158.0,88250000
1984-05-16,158.0,158.41000366210938,157.8300018310547,157.99000549316406,89210000
1984-05-17,157.99000549316406,157.99000549316406,156.14999389648438,156.57000732421875,90310000
1984-05-18,156.57000732421875,156.77000427246094,155.24000549316406,155.77999877929688,81270000
1984-05-21,155.77999877929688,156.11000061035156,154.6300048828125,154.72999572753906,73380000
1984-05-22,154.72999572753906,154.72999572753906,152.99000549316406,153.8800048828125,88030000
1984-05-23,153.8800048828125,154.02000427246094,153.10000610351562,153.14999389648438,82690000
1984-05-24,153.14999389648438,153.14999389648438,150.8000030517578,151.22999572753906,99040000
1984-05-25,151.22999572753906,152.02000427246094,150.85000610351562,151.6199951171875,78190000
1984-05-29,151.6199951171875,151.86000061035156,149.9499969482422,150.2899932861328,69060000
1984-05-30,150.2899932861328,151.42999267578125,148.67999267578125,150.35000610351562,105660000
1984-05-31,150.35000610351562,150.69000244140625,149.75999450683594,150.5500030517578,81890000
1984-06-01,150.5500030517578,153.24000549316406,150.5500030517578,153.24000549316406,96040000
1984-06-04,153.24000549316406,155.10000610351562,153.24000549316406,154.33999633789062,96740000
1984-06-05,154.33999633789062,154.33999633789062,153.27999877929688,153.64999389648438,84840000
1984-06-06,153.64999389648438,155.02999877929688,153.3800048828125,155.00999450683594,83440000
1984-06-07,155.00999450683594,155.11000061035156,154.36000061035156,154.9199981689453,82120000
1984-06-08,154.9199981689453,155.39999389648438,154.57000732421875,155.1699981689453,67840000
1984-06-11,155.1699981689453,155.1699981689453,153.0,153.05999755859375,69050000
1984-06-12,153.05999755859375,153.07000732421875,151.61000061035156,152.19000244140625,84660000
1984-06-13,152.19000244140625,152.85000610351562,151.86000061035156,152.1300048828125,67510000
1984-06-14,152.1199951171875,152.13999938964844,150.30999755859375,150.38999938964844,79120000
1984-06-15,150.49000549316406,150.7100067138672,149.02000427246094,149.02999877929688,85460000
1984-06-18,149.02999877929688,151.9199981689453,148.52999877929688,151.72999572753906,94900000
1984-06-19,151.72999572753906,153.0,151.72999572753906,152.61000061035156,98000000
1984-06-20,151.88999938964844,154.83999633789062,150.9600067138672,154.83999633789062,99090000
1984-06-21,154.83999633789062,155.63999938964844,154.0500030517578,154.50999450683594,123380000
1984-06-22,154.50999450683594,154.9199981689453,153.88999938964844,154.4600067138672,98400000
1984-06-25,154.4600067138672,154.6699981689453,153.86000061035156,153.97000122070312,72850000
1984-06-26,153.97000122070312,153.97000122070312,152.47000122070312,152.7100067138672,82600000
1984-06-27,152.7100067138672,152.8800048828125,151.3000030517578,151.63999938964844,78400000
1984-06-28,151.63999938964844,153.07000732421875,151.6199951171875,152.83999633789062,77660000
1984-06-29,152.83999633789062,154.0800018310547,152.82000732421875,153.17999267578125,90770000
1984-07-02,153.16000366210938,153.22000122070312,152.44000244140625,153.1999969482422,69230000
1984-07-03,153.1999969482422,153.86000061035156,153.10000610351562,153.6999969482422,69960000
1984-07-05,153.6999969482422,153.8699951171875,152.7100067138672,152.75999450683594,66100000
1984-07-06,152.75999450683594,152.75999450683594,151.6300048828125,152.24000549316406,65850000
1984-07-09,152.24000549316406,153.52999877929688,151.44000244140625,153.36000061035156,74830000
1984-07-10,153.36000061035156,153.52999877929688,152.57000732421875,152.88999938964844,74010000
1984-07-11,152.88999938964844,152.88999938964844,150.5500030517578,150.55999755859375,89540000
1984-07-12,150.55999755859375,151.05999755859375,149.6300048828125,150.02999877929688,86050000
1984-07-13,150.02999877929688,151.16000366210938,150.02999877929688,150.8800048828125,75480000
1984-07-16,150.8800048828125,151.60000610351562,150.00999450683594,151.60000610351562,73420000
1984-07-17,151.60000610351562,152.60000610351562,151.25999450683594,152.3800048828125,82890000
1984-07-18,152.3800048828125,152.3800048828125,151.11000061035156,151.39999389648438,76640000
1984-07-19,151.39999389648438,151.39999389648438,150.27000427246094,150.3699951171875,85230000
1984-07-20,150.3699951171875,150.5800018310547,149.07000732421875,149.5500030517578,79090000
1984-07-23,149.5500030517578,149.5500030517578,147.85000610351562,148.9499969482422,77990000
1984-07-24,148.9499969482422,149.27999877929688,147.77999877929688,147.82000732421875,74370000
1984-07-25,147.82000732421875,149.3000030517578,147.25999450683594,148.8300018310547,90520000
1984-07-26,148.8300018310547,150.16000366210938,148.8300018310547,150.0800018310547,90410000
1984-07-27,150.0800018310547,151.3800048828125,149.99000549316406,151.19000244140625,101350000
1984-07-30,151.19000244140625,151.19000244140625,150.13999938964844,150.19000244140625,72330000
1984-07-31,150.19000244140625,150.77000427246094,149.64999389648438,150.66000366210938,86910000
1984-08-01,150.66000366210938,154.0800018310547,150.66000366210938,154.0800018310547,127500000
1984-08-02,154.0800018310547,157.99000549316406,154.0800018310547,157.99000549316406,172800000
1984-08-03,160.27999877929688,162.55999755859375,158.0,162.35000610351562,236500000
1984-08-06,162.35000610351562,165.27000427246094,162.08999633789062,162.60000610351562,203000000
1984-08-07,162.60000610351562,163.5800018310547,160.80999755859375,162.72000122070312,127900000
1984-08-08,162.7100067138672,163.8699951171875,161.75,161.75,121200000
1984-08-09,161.75,165.8800048828125,161.47000122070312,165.5399932861328,131100000
1984-08-10,165.5399932861328,168.58999633789062,165.24000549316406,165.4199981689453,171000000
1984-08-13,164.83999633789062,165.49000549316406,163.97999572753906,165.42999267578125,77960000
1984-08-14,165.42999267578125,166.08999633789062,164.27999877929688,164.4199981689453,81470000
1984-08-15,164.4199981689453,164.4199981689453,162.75,162.8000030517578,91880000
1984-08-16,162.8000030517578,164.4199981689453,162.75,163.77000427246094,93610000
1984-08-17,164.3000030517578,164.61000061035156,163.77999877929688,164.13999938964844,71500000
1984-08-20,164.13999938964844,164.94000244140625,163.75999450683594,164.94000244140625,75450000
1984-08-21,164.94000244140625,168.22000122070312,164.92999267578125,167.8300018310547,128100000
1984-08-22,167.8300018310547,168.8000030517578,166.9199981689453,167.05999755859375,116000000
1984-08-23,167.05999755859375,167.77999877929688,166.61000061035156,167.1199951171875,83130000
1984-08-24,167.1199951171875,167.52000427246094,167.1199951171875,167.50999450683594,69640000
1984-08-27,167.50999450683594,167.50999450683594,165.80999755859375,166.44000244140625,57660000
1984-08-28,166.44000244140625,167.42999267578125,166.2100067138672,167.39999389648438,70560000
1984-08-29,167.39999389648438,168.2100067138672,167.02999877929688,167.08999633789062,90660000
1984-08-30,167.10000610351562,167.19000244140625,166.5500030517578,166.60000610351562,70840000
1984-08-31,166.60000610351562,166.67999267578125,165.77999877929688,166.67999267578125,57460000
1984-09-04,166.67999267578125,166.67999267578125,164.72999572753906,164.8800048828125,62110000
1984-09-05,164.8800048828125,164.8800048828125,163.83999633789062,164.2899932861328,69250000
1984-09-06,164.2899932861328,165.9499969482422,164.2899932861328,165.64999389648438,91920000
1984-09-07,165.64999389648438,166.30999755859375,164.22000122070312,164.3699951171875,84110000
1984-09-10,164.3699951171875,165.0500030517578,163.05999755859375,164.25999450683594,74410000
1984-09-11,165.22000122070312,166.1699981689453,164.27999877929688,164.4499969482422,101300000
1984-09-12,164.4499969482422,164.80999755859375,164.13999938964844,164.67999267578125,77980000
1984-09-13,164.67999267578125,167.94000244140625,164.67999267578125,167.94000244140625,110500000
1984-09-14,167.94000244140625,169.64999389648438,167.94000244140625,168.77999877929688,137400000
1984-09-17,168.77999877929688,169.3699951171875,167.99000549316406,168.8699951171875,88790000
1984-09-18,168.8699951171875,168.8699951171875,167.63999938964844,167.64999389648438,107700000
1984-09-19,167.64999389648438,168.75999450683594,166.88999938964844,166.94000244140625,119900000
1984-09-20,166.94000244140625,167.47000122070312,166.6999969482422,167.47000122070312,92030000
1984-09-21,167.47000122070312,168.6699981689453,165.66000366210938,165.6699981689453,120600000
1984-09-24,165.6699981689453,166.1199951171875,164.97999572753906,165.27999877929688,76380000
1984-09-25,165.27999877929688,165.97000122070312,164.4499969482422,165.6199951171875,86250000
1984-09-26,165.6199951171875,167.1999969482422,165.61000061035156,166.27999877929688,100200000
1984-09-27,166.75,167.17999267578125,166.3300018310547,166.9600067138672,88880000
1984-09-28,166.9600067138672,166.9600067138672,165.77000427246094,166.10000610351562,78950000
1984-10-01,166.10000610351562,166.10000610351562,164.47999572753906,164.6199951171875,73630000
1984-10-02,164.6199951171875,165.24000549316406,163.5500030517578,163.58999633789062,89360000
1984-10-03,163.58999633789062,163.58999633789062,162.1999969482422,162.44000244140625,92400000
1984-10-04,162.44000244140625,163.22000122070312,162.44000244140625,162.9199981689453,76700000
1984-10-05,162.9199981689453,163.32000732421875,162.50999450683594,162.67999267578125,82950000
1984-10-08,162.67999267578125,162.67999267578125,161.8000030517578,162.1300048828125,46360000
1984-10-09,162.1300048828125,162.83999633789062,161.6199951171875,161.6699981689453,76840000
1984-10-10,161.6699981689453,162.1199951171875,160.02000427246094,162.11000061035156,94270000
1984-10-11,162.11000061035156,162.8699951171875,162.0,162.77999877929688,87020000
1984-10-12,162.77999877929688,164.47000122070312,162.77999877929688,164.17999267578125,92190000
1984-10-15,164.17999267578125,166.14999389648438,164.08999633789062,165.77000427246094,87590000
1984-10-16,165.77999877929688,165.77999877929688,164.66000366210938,164.77999877929688,82930000
1984-10-17,164.77999877929688,165.0399932861328,163.7100067138672,164.13999938964844,99740000
1984-10-18,164.13999938964844,168.10000610351562,163.8000030517578,168.10000610351562,149500000
1984-10-19,168.0800018310547,169.6199951171875,167.30999755859375,167.9600067138672,186900000
1984-10-22,167.9600067138672,168.36000061035156,167.25999450683594,167.36000061035156,81020000
1984-10-23,167.36000061035156,168.27000427246094,166.8300018310547,167.08999633789062,92260000
1984-10-24,167.08999633789062,167.5399932861328,166.82000732421875,167.1999969482422,91620000
1984-10-25,167.1999969482422,167.6199951171875,166.1699981689453,166.30999755859375,92760000
1984-10-26,166.30999755859375,166.30999755859375,164.92999267578125,165.2899932861328,83900000
1984-10-29,165.2899932861328,165.2899932861328,164.6699981689453,164.77999877929688,63200000
1984-10-30,164.77999877929688,167.3300018310547,164.77999877929688,166.83999633789062,95200000
1984-10-31,166.74000549316406,166.9499969482422,165.99000549316406,166.08999633789062,91890000
1984-11-01,166.08999633789062,167.8300018310547,166.08999633789062,167.49000549316406,107300000
1984-11-02,167.49000549316406,167.9499969482422,167.24000549316406,167.4199981689453,96810000
1984-11-05,167.4199981689453,168.64999389648438,167.3300018310547,168.5800018310547,84730000
1984-11-06,168.5800018310547,170.41000366210938,168.5800018310547,170.41000366210938,101200000
1984-11-07,170.41000366210938,170.41000366210938,168.44000244140625,169.1699981689453,110800000
1984-11-08,169.19000244140625,169.27000427246094,168.27000427246094,168.67999267578125,88580000
1984-11-09,168.67999267578125,169.4600067138672,167.44000244140625,167.60000610351562,83620000
1984-11-12,167.64999389648438,167.64999389648438,166.6699981689453,167.36000061035156,55610000
1984-11-13,167.36000061035156,167.3800048828125,165.7899932861328,165.97000122070312,69790000
1984-11-14,165.97000122070312,166.42999267578125,165.38999938964844,165.99000549316406,73940000
1984-11-15,165.99000549316406,166.49000549316406,165.61000061035156,165.88999938964844,81530000
1984-11-16,165.88999938964844,166.24000549316406,164.08999633789062,164.10000610351562,83140000
1984-11-19,164.10000610351562,164.33999633789062,163.02999877929688,163.08999633789062,69730000
1984-11-20,163.10000610351562,164.47000122070312,163.10000610351562,164.17999267578125,83240000
1984-11-21,164.17999267578125,164.67999267578125,163.2899932861328,164.50999450683594,81620000
1984-11-23,164.52000427246094,166.9199981689453,164.52000427246094,166.9199981689453,73910000
1984-11-26,166.9199981689453,166.9199981689453,165.3699951171875,165.5500030517578,76520000
1984-11-27,165.5500030517578,166.85000610351562,165.07000732421875,166.2899932861328,95470000
1984-11-28,166.2899932861328,166.89999389648438,164.97000122070312,165.02000427246094,86300000
1984-11-29,165.02000427246094,165.02000427246094,163.77999877929688,163.91000366210938,75860000
1984-11-30,163.91000366210938,163.91000366210938,162.99000549316406,163.5800018310547,77580000
1984-12-03,163.5800018310547,163.5800018310547,162.2899932861328,162.82000732421875,95300000
1984-12-04,162.82000732421875,163.91000366210938,162.82000732421875,163.3800048828125,81250000
1984-12-05,163.3800048828125,163.39999389648438,161.92999267578125,162.10000610351562,88700000
1984-12-06,162.10000610351562,163.11000061035156,161.75999450683594,162.75999450683594,96560000
1984-12-07,162.75999450683594,163.30999755859375,162.25999450683594,162.25999450683594,81000000
1984-12-10,162.25999450683594,163.32000732421875,161.5399932861328,162.8300018310547,81140000
1984-12-11,162.8300018310547,163.17999267578125,162.55999755859375,163.07000732421875,80240000
1984-12-12,163.07000732421875,163.17999267578125,162.5500030517578,162.6300048828125,78710000
1984-12-13,162.6300048828125,162.9199981689453,161.5399932861328,161.80999755859375,80850000
1984-12-14,161.80999755859375,163.52999877929688,161.6300048828125,162.69000244140625,95060000
1984-12-17,162.69000244140625,163.6300048828125,162.44000244140625,163.61000061035156,89490000
1984-12-18,163.61000061035156,168.11000061035156,163.61000061035156,168.11000061035156,169000000
1984-12-19,168.11000061035156,169.02999877929688,166.83999633789062,167.16000366210938,139600000
1984-12-20,167.16000366210938,167.5800018310547,166.2899932861328,166.3800048828125,93220000
1984-12-21,166.33999633789062,166.3800048828125,164.6199951171875,165.50999450683594,101200000
1984-12-24,165.50999450683594,166.92999267578125,165.5,166.75999450683594,55550000
1984-12-26,166.75999450683594,166.75999450683594,166.2899932861328,166.47000122070312,46700000
1984-12-27,166.47000122070312,166.5,165.6199951171875,165.75,70100000
1984-12-28,165.75,166.32000732421875,165.6699981689453,166.25999450683594,77070000
1984-12-31,166.25999450683594,167.33999633789062,166.05999755859375,167.24000549316406,80260000
1985-01-02,167.1999969482422,167.1999969482422,165.19000244140625,165.3699951171875,67820000
1985-01-03,165.3699951171875,166.11000061035156,164.3800048828125,164.57000732421875,88880000
1985-01-04,164.5500030517578,164.5500030517578,163.36000061035156,163.67999267578125,77480000
1985-01-07,163.67999267578125,164.7100067138672,163.67999267578125,164.24000549316406,86190000
1985-01-08,164.24000549316406,164.58999633789062,163.91000366210938,163.99000549316406,92110000
1985-01-09,163.99000549316406,165.57000732421875,163.99000549316406,165.17999267578125,99230000
1985-01-10,165.17999267578125,168.30999755859375,164.99000549316406,168.30999755859375,124700000
1985-01-11,168.30999755859375,168.72000122070312,167.5800018310547,167.91000366210938,107600000
1985-01-14,167.91000366210938,170.5500030517578,167.5800018310547,170.50999450683594,124900000
1985-01-15,170.50999450683594,171.82000732421875,170.39999389648438,170.80999755859375,155300000
1985-01-16,170.80999755859375,171.94000244140625,170.41000366210938,171.19000244140625,135500000
1985-01-17,171.19000244140625,171.33999633789062,170.22000122070312,170.72999572753906,113600000
1985-01-18,170.72999572753906,171.4199981689453,170.66000366210938,171.32000732421875,104700000
1985-01-21,171.32000732421875,175.4499969482422,171.30999755859375,175.22999572753906,146800000
1985-01-22,175.22999572753906,176.6300048828125,175.13999938964844,175.47999572753906,174800000
1985-01-23,175.47999572753906,177.3000030517578,175.14999389648438,177.3000030517578,144400000
1985-01-24,177.3000030517578,178.16000366210938,176.55999755859375,176.7100067138672,160700000
1985-01-25,176.7100067138672,177.75,176.5399932861328,177.35000610351562,122400000
1985-01-28,177.35000610351562,178.19000244140625,176.55999755859375,177.39999389648438,128400000
1985-01-29,177.39999389648438,179.19000244140625,176.5800018310547,179.17999267578125,115700000
1985-01-30,179.17999267578125,180.27000427246094,179.0500030517578,179.38999938964844,170000000
1985-01-31,179.38999938964844,179.8300018310547,178.55999755859375,179.6300048828125,132500000
1985-02-01,179.6300048828125,179.6300048828125,178.44000244140625,178.6300048828125,105400000
1985-02-04,178.6300048828125,180.35000610351562,177.75,180.35000610351562,113700000
1985-02-05,180.35000610351562,181.52999877929688,180.07000732421875,180.61000061035156,143900000
1985-02-06,180.61000061035156,181.5,180.32000732421875,180.42999267578125,141000000
1985-02-07,180.42999267578125,181.9600067138672,180.42999267578125,181.82000732421875,151700000
1985-02-08,181.82000732421875,182.38999938964844,181.6699981689453,182.19000244140625,116500000
1985-02-11,182.19000244140625,182.19000244140625,180.11000061035156,180.50999450683594,104000000
1985-02-12,180.50999450683594,180.75,179.4499969482422,180.55999755859375,111100000
1985-02-13,180.55999755859375,183.86000061035156,180.5,183.35000610351562,142500000
1985-02-14,183.35000610351562,183.9499969482422,182.38999938964844,182.41000366210938,139700000
1985-02-15,182.41000366210938,182.64999389648438,181.22999572753906,181.60000610351562,106500000
1985-02-19,181.60000610351562,181.61000061035156,180.9499969482422,181.3300018310547,90400000
1985-02-20,181.3300018310547,182.10000610351562,180.63999938964844,181.17999267578125,118200000
1985-02-21,181.17999267578125,181.17999267578125,180.02000427246094,180.19000244140625,104000000
1985-02-22,180.19000244140625,180.41000366210938,179.22999572753906,179.36000061035156,93680000
1985-02-25,179.36000061035156,179.36000061035156,178.1300048828125,179.22999572753906,89740000
1985-02-26,179.22999572753906,181.5800018310547,179.16000366210938,181.1699981689453,114200000
1985-02-27,181.1699981689453,181.8699951171875,180.5,180.7100067138672,107700000
1985-02-28,180.7100067138672,181.2100067138672,180.3300018310547,181.17999267578125,100700000
1985-03-01,181.17999267578125,183.88999938964844,181.16000366210938,183.22999572753906,139900000
1985-03-04,183.22999572753906,183.41000366210938,181.39999389648438,182.05999755859375,102100000
1985-03-05,182.05999755859375,182.64999389648438,181.4199981689453,182.22999572753906,116400000
1985-03-06,182.22999572753906,182.25,180.58999633789062,180.64999389648438,116900000
1985-03-07,180.64999389648438,180.64999389648438,179.44000244140625,179.50999450683594,112100000
1985-03-08,179.50999450683594,179.97000122070312,179.07000732421875,179.10000610351562,96390000
1985-03-11,179.10000610351562,179.4600067138672,178.14999389648438,178.7899932861328,84110000
1985-03-12,178.7899932861328,180.13999938964844,178.6999969482422,179.66000366210938,92840000
1985-03-13,179.66000366210938,179.9600067138672,178.02000427246094,178.19000244140625,101700000
1985-03-14,178.19000244140625,178.52999877929688,177.61000061035156,177.83999633789062,103400000
1985-03-15,177.83999633789062,178.41000366210938,176.52999877929688,176.52999877929688,105200000
1985-03-18,176.52999877929688,177.66000366210938,176.52999877929688,176.8800048828125,94020000
1985-03-19,176.8800048828125,179.55999755859375,176.8699951171875,179.5399932861328,119200000
1985-03-20,179.5399932861328,179.77999877929688,178.7899932861328,179.0800018310547,107500000
1985-03-21,179.0800018310547,180.22000122070312,178.88999938964844,179.35000610351562,95930000
1985-03-22,179.35000610351562,179.9199981689453,178.86000061035156,179.0399932861328,99250000
1985-03-25,179.0399932861328,179.0399932861328,177.85000610351562,177.97000122070312,74040000
1985-03-26,177.97000122070312,178.86000061035156,177.8800048828125,178.42999267578125,89930000
1985-03-27,178.42999267578125,179.8000030517578,178.42999267578125,179.5399932861328,101000000
1985-03-28,179.5399932861328,180.60000610351562,179.42999267578125,179.5399932861328,99780000
1985-03-29,179.5399932861328,180.66000366210938,179.5399932861328,180.66000366210938,101400000
1985-04-01,180.66000366210938,181.27000427246094,180.42999267578125,181.27000427246094,89900000
1985-04-02,181.27000427246094,181.86000061035156,180.27999877929688,180.52999877929688,101700000
1985-04-03,180.52999877929688,180.52999877929688,178.63999938964844,179.11000061035156,95480000
1985-04-04,179.11000061035156,179.1300048828125,178.2899932861328,179.02999877929688,86910000
1985-04-08,179.02999877929688,179.4600067138672,177.86000061035156,178.02999877929688,79960000
1985-04-09,178.02999877929688,178.6699981689453,177.97000122070312,178.2100067138672,83980000
1985-04-10,178.2100067138672,179.89999389648438,178.2100067138672,179.4199981689453,108200000
1985-04-11,179.4199981689453,180.91000366210938,179.4199981689453,180.19000244140625,108400000
1985-04-12,180.19000244140625,180.5500030517578,180.05999755859375,180.5399932861328,86220000
1985-04-15,180.5399932861328,181.14999389648438,180.4499969482422,180.9199981689453,80660000
1985-04-16,180.9199981689453,181.77999877929688,180.19000244140625,181.1999969482422,98480000
1985-04-17,181.1999969482422,181.91000366210938,181.13999938964844,181.67999267578125,96020000
1985-04-18,181.67999267578125,182.55999755859375,180.75,180.83999633789062,100600000
1985-04-19,180.83999633789062,181.25,180.4199981689453,181.11000061035156,81110000
1985-04-22,181.11000061035156,181.22999572753906,180.25,180.6999969482422,79930000
1985-04-23,180.6999969482422,181.97000122070312,180.33999633789062,181.8800048828125,108900000
1985-04-24,181.8800048828125,182.27000427246094,181.74000549316406,182.25999450683594,99600000
1985-04-25,182.25999450683594,183.42999267578125,182.1199951171875,183.42999267578125,108600000
1985-04-26,183.42999267578125,183.61000061035156,182.11000061035156,182.17999267578125,86570000
1985-04-29,182.17999267578125,182.33999633789062,180.6199951171875,180.6300048828125,88860000
1985-04-30,180.6300048828125,180.6300048828125,178.86000061035156,179.8300018310547,111800000
1985-05-01,179.8300018310547,180.0399932861328,178.35000610351562,178.3699951171875,101600000
1985-05-02,178.3699951171875,179.00999450683594,178.3699951171875,179.00999450683594,107700000
1985-05-03,179.00999450683594,180.3000030517578,179.00999450683594,180.0800018310547,94870000
1985-05-06,180.0800018310547,180.55999755859375,179.82000732421875,179.99000549316406,85650000
1985-05-07,179.99000549316406,181.08999633789062,179.8699951171875,180.75999450683594,100200000
1985-05-08,180.75999450683594,180.75999450683594,179.9600067138672,180.6199951171875,101300000
1985-05-09,180.6199951171875,181.97000122070312,180.6199951171875,181.9199981689453,111000000
1985-05-10,181.9199981689453,184.74000549316406,181.9199981689453,184.27999877929688,140300000
1985-05-13,184.27999877929688,184.61000061035156,184.19000244140625,184.61000061035156,85830000
1985-05-14,184.61000061035156,185.1699981689453,183.64999389648438,183.8699951171875,97360000
1985-05-15,183.8699951171875,185.42999267578125,183.86000061035156,184.5399932861328,106100000
1985-05-16,184.5399932861328,185.74000549316406,184.5399932861328,185.66000366210938,99420000
1985-05-17,185.66000366210938,187.94000244140625,185.47000122070312,187.4199981689453,124600000
1985-05-20,187.4199981689453,189.97999572753906,187.4199981689453,189.72000122070312,146300000
1985-05-21,189.72000122070312,189.80999755859375,188.77999877929688,189.63999938964844,130200000
1985-05-22,189.63999938964844,189.63999938964844,187.7100067138672,188.55999755859375,101400000
1985-05-23,188.55999755859375,188.55999755859375,187.4499969482422,187.60000610351562,101000000
1985-05-24,187.60000610351562,188.2899932861328,187.2899932861328,188.2899932861328,85970000
1985-05-28,188.2899932861328,188.94000244140625,187.3800048828125,187.86000061035156,90600000
1985-05-29,187.86000061035156,187.86000061035156,187.11000061035156,187.67999267578125,96540000
1985-05-30,187.67999267578125,188.0399932861328,187.08999633789062,187.75,108300000
1985-05-31,187.75,189.58999633789062,187.4499969482422,189.5500030517578,134100000
1985-06-03,189.5500030517578,190.36000061035156,188.92999267578125,189.32000732421875,125000000
1985-06-04,189.32000732421875,190.27000427246094,188.8800048828125,190.0399932861328,115400000
1985-06-05,190.0399932861328,191.02000427246094,190.0399932861328,190.16000366210938,143900000
1985-06-06,189.75,191.05999755859375,189.1300048828125,191.05999755859375,117200000
1985-06-07,191.05999755859375,191.2899932861328,189.5500030517578,189.67999267578125,99630000
1985-06-10,189.67999267578125,189.67999267578125,188.82000732421875,189.50999450683594,87940000
1985-06-11,189.50999450683594,189.61000061035156,188.77999877929688,189.0399932861328,102100000
1985-06-12,189.0399932861328,189.0399932861328,187.58999633789062,187.61000061035156,97700000
1985-06-13,187.61000061035156,187.61000061035156,185.02999877929688,185.3300018310547,107000000
1985-06-14,185.3300018310547,187.10000610351562,185.3300018310547,187.10000610351562,93090000
1985-06-17,187.10000610351562,187.10000610351562,185.97999572753906,186.52999877929688,82170000
1985-06-18,186.52999877929688,187.64999389648438,186.50999450683594,187.33999633789062,106900000
1985-06-19,187.33999633789062,187.97999572753906,186.6300048828125,186.6300048828125,108300000
1985-06-20,186.6300048828125,186.74000549316406,185.97000122070312,186.72999572753906,87500000
1985-06-21,186.72999572753906,189.66000366210938,186.42999267578125,189.61000061035156,125400000
1985-06-24,188.77000427246094,189.61000061035156,187.83999633789062,189.14999389648438,96040000
1985-06-25,189.14999389648438,190.9600067138672,189.14999389648438,189.74000549316406,115700000
1985-06-26,189.74000549316406,190.25999450683594,189.44000244140625,190.05999755859375,94130000
1985-06-27,190.05999755859375,191.36000061035156,190.05999755859375,191.22999572753906,106700000
1985-06-28,191.22999572753906,191.85000610351562,191.0399932861328,191.85000610351562,105200000
1985-07-01,191.85000610351562,192.42999267578125,191.1699981689453,192.42999267578125,96080000
1985-07-02,192.42999267578125,192.6300048828125,191.83999633789062,192.00999450683594,111100000
1985-07-03,192.00999450683594,192.0800018310547,191.3699951171875,191.4499969482422,98410000
1985-07-05,191.4499969482422,192.6699981689453,191.4499969482422,192.52000427246094,62450000
1985-07-08,192.47000122070312,192.52000427246094,191.25999450683594,191.92999267578125,83670000
1985-07-09,191.92999267578125,191.92999267578125,190.80999755859375,191.0500030517578,99060000
1985-07-10,191.0500030517578,192.3699951171875,190.99000549316406,192.3699951171875,108200000
1985-07-11,192.3699951171875,192.9499969482422,192.27999877929688,192.94000244140625,122800000
1985-07-12,192.94000244140625,193.32000732421875,192.63999938964844,193.2899932861328,120300000
1985-07-15,193.2899932861328,193.83999633789062,192.5500030517578,192.72000122070312,103900000
1985-07-16,192.72000122070312,194.72000122070312,192.72000122070312,194.72000122070312,132500000
1985-07-17,194.86000061035156,196.07000732421875,194.72000122070312,195.64999389648438,159900000
1985-07-18,195.64999389648438,195.64999389648438,194.33999633789062,194.3800048828125,131400000
1985-07-19,194.3800048828125,195.1300048828125,194.27999877929688,195.1300048828125,114800000
1985-07-22,195.1300048828125,195.1300048828125,193.5800018310547,194.35000610351562,93540000
1985-07-23,194.35000610351562,194.97999572753906,192.27999877929688,192.5500030517578,143600000
1985-07-24,192.5500030517578,192.5500030517578,190.66000366210938,191.5800018310547,128600000
1985-07-25,191.5800018310547,192.22999572753906,191.1699981689453,192.05999755859375,123300000
1985-07-26,192.05999755859375,192.77999877929688,191.5800018310547,192.39999389648438,107000000
1985-07-29,192.39999389648438,192.4199981689453,189.52999877929688,189.60000610351562,95960000
1985-07-30,189.6199951171875,190.0500030517578,189.3000030517578,189.92999267578125,102300000
1985-07-31,189.92999267578125,191.3300018310547,189.92999267578125,190.9199981689453,124200000
1985-08-01,190.9199981689453,192.1699981689453,190.91000366210938,192.11000061035156,121500000
1985-08-02,192.11000061035156,192.11000061035156,191.27000427246094,191.47999572753906,87860000
1985-08-05,191.47999572753906,191.47999572753906,189.9499969482422,190.6199951171875,79610000
1985-08-06,190.6199951171875,190.72000122070312,187.8699951171875,187.92999267578125,104000000
1985-08-07,187.92999267578125,187.92999267578125,187.38999938964844,187.67999267578125,100000000
1985-08-08,187.67999267578125,188.9600067138672,187.67999267578125,188.9499969482422,102900000
1985-08-09,188.9499969482422,189.0500030517578,188.11000061035156,188.32000732421875,81750000
1985-08-12,188.32000732421875,188.32000732421875,187.42999267578125,187.6300048828125,77340000
1985-08-13,187.6300048828125,188.14999389648438,186.50999450683594,187.3000030517578,80300000
1985-08-14,187.3000030517578,187.8699951171875,187.3000030517578,187.41000366210938,85780000
1985-08-15,187.41000366210938,187.74000549316406,186.6199951171875,187.25999450683594,86100000
1985-08-16,187.25999450683594,187.25999450683594,186.10000610351562,186.10000610351562,87910000
1985-08-19,186.10000610351562,186.82000732421875,186.10000610351562,186.3800048828125,67930000
1985-08-20,186.3800048828125,188.27000427246094,186.3800048828125,188.0800018310547,91230000
1985-08-21,188.0800018310547,189.16000366210938,188.0800018310547,189.16000366210938,94880000
1985-08-22,189.11000061035156,189.22999572753906,187.1999969482422,187.36000061035156,90600000
1985-08-23,187.22000122070312,187.35000610351562,186.58999633789062,187.1699981689453,75270000
1985-08-26,187.1699981689453,187.44000244140625,186.4600067138672,187.30999755859375,70290000
1985-08-27,187.30999755859375,188.10000610351562,187.30999755859375,188.10000610351562,82140000
1985-08-28,188.10000610351562,188.8300018310547,187.89999389648438,188.8300018310547,88530000
1985-08-29,188.72999572753906,188.94000244140625,188.3800048828125,188.92999267578125,85660000
1985-08-30,188.92999267578125,189.1300048828125,188.0,188.6300048828125,81620000
1985-09-03,188.6300048828125,188.6300048828125,187.3800048828125,187.91000366210938,81190000
1985-09-04,187.91000366210938,187.9199981689453,186.97000122070312,187.3699951171875,85510000
1985-09-05,187.3699951171875,187.52000427246094,186.88999938964844,187.27000427246094,94480000
1985-09-06,187.27000427246094,188.42999267578125,187.27000427246094,188.24000549316406,95040000
1985-09-09,188.24000549316406,188.8000030517578,187.89999389648438,188.25,89850000
1985-09-10,188.25,188.25999450683594,186.5,186.89999389648438,104700000
1985-09-11,186.89999389648438,186.89999389648438,184.7899932861328,185.02999877929688,100400000
1985-09-12,185.02999877929688,185.2100067138672,183.49000549316406,183.69000244140625,107100000
1985-09-13,183.69000244140625,184.19000244140625,182.0500030517578,182.91000366210938,111400000
1985-09-16,182.91000366210938,182.91000366210938,182.4499969482422,182.8800048828125,66700000
1985-09-17,182.8800048828125,182.8800048828125,180.77999877929688,181.36000061035156,111900000
1985-09-18,181.36000061035156,181.8300018310547,180.80999755859375,181.7100067138672,105700000
1985-09-19,181.7100067138672,183.39999389648438,181.7100067138672,183.38999938964844,100300000
1985-09-20,183.38999938964844,183.99000549316406,182.0399932861328,182.0500030517578,101400000
1985-09-23,182.0500030517578,184.64999389648438,182.0500030517578,184.3000030517578,104800000
1985-09-24,184.3000030517578,184.3000030517578,182.4199981689453,182.6199951171875,97870000
1985-09-25,182.6199951171875,182.6199951171875,180.6199951171875,180.66000366210938,92120000
1985-09-26,180.66000366210938,181.2899932861328,179.4499969482422,181.2899932861328,106100000
1985-09-30,181.3000030517578,182.0800018310547,181.22000122070312,182.0800018310547,103600000
1985-10-01,182.05999755859375,185.0800018310547,182.02000427246094,185.07000732421875,130200000
1985-10-02,185.07000732421875,185.94000244140625,184.05999755859375,184.05999755859375,147300000
1985-10-03,184.05999755859375,185.1699981689453,183.58999633789062,184.36000061035156,127500000
1985-10-04,184.36000061035156,184.36000061035156,182.64999389648438,183.22000122070312,101200000
1985-10-07,183.22000122070312,183.22000122070312,181.3000030517578,181.8699951171875,95550000
1985-10-08,181.8699951171875,182.3000030517578,181.16000366210938,181.8699951171875,97170000
1985-10-09,181.8699951171875,183.27000427246094,181.8699951171875,182.52000427246094,99140000
1985-10-10,182.52000427246094,182.7899932861328,182.0500030517578,182.77999877929688,90910000
1985-10-11,182.77999877929688,184.27999877929688,182.61000061035156,184.27999877929688,96370000
1985-10-14,184.30999755859375,186.3699951171875,184.27999877929688,186.3699951171875,78540000
1985-10-15,186.3699951171875,187.16000366210938,185.66000366210938,186.0800018310547,110400000
1985-10-16,186.0800018310547,187.97999572753906,186.0800018310547,187.97999572753906,117400000
1985-10-17,187.97999572753906,188.52000427246094,187.4199981689453,187.66000366210938,140500000
1985-10-18,187.66000366210938,188.11000061035156,186.88999938964844,187.0399932861328,107100000
1985-10-21,187.0399932861328,187.3000030517578,186.7899932861328,186.9600067138672,95680000
1985-10-22,186.9600067138672,188.55999755859375,186.9600067138672,188.0399932861328,111300000
1985-10-23,188.0399932861328,189.08999633789062,188.0399932861328,189.08999633789062,121700000
1985-10-24,189.08999633789062,189.4499969482422,188.41000366210938,188.5,123100000
1985-10-25,188.5,188.50999450683594,187.32000732421875,187.52000427246094,101800000
1985-10-28,187.52000427246094,187.75999450683594,186.92999267578125,187.75999450683594,97880000
1985-10-29,187.75999450683594,189.77999877929688,187.75999450683594,189.22999572753906,110600000
1985-10-30,189.22999572753906,190.08999633789062,189.13999938964844,190.07000732421875,120400000
1985-10-31,190.07000732421875,190.14999389648438,189.35000610351562,189.82000732421875,121500000
1985-11-01,189.82000732421875,191.52999877929688,189.3699951171875,191.52999877929688,129400000
1985-11-04,191.4499969482422,191.9600067138672,190.66000366210938,191.25,104900000
1985-11-05,191.25,192.42999267578125,190.99000549316406,192.3699951171875,119200000
1985-11-06,192.3699951171875,193.00999450683594,191.8300018310547,192.75999450683594,129500000
1985-11-07,192.77999877929688,192.9600067138672,192.16000366210938,192.6199951171875,119000000
1985-11-08,192.6199951171875,193.97000122070312,192.52999877929688,193.72000122070312,115000000
1985-11-11,193.72000122070312,197.2899932861328,193.6999969482422,197.27999877929688,126500000
1985-11-12,197.27999877929688,198.66000366210938,196.97000122070312,198.0800018310547,170800000
1985-11-13,198.0800018310547,198.11000061035156,196.91000366210938,197.10000610351562,109700000
1985-11-14,197.10000610351562,199.19000244140625,196.8800048828125,199.05999755859375,124900000
1985-11-15,199.05999755859375,199.5800018310547,197.89999389648438,198.11000061035156,130200000
1985-11-18,198.11000061035156,198.7100067138672,197.50999450683594,198.7100067138672,108400000
1985-11-19,198.7100067138672,199.52000427246094,198.00999450683594,198.6699981689453,126100000
1985-11-20,198.6699981689453,199.1999969482422,198.52000427246094,198.99000549316406,105100000
1985-11-21,198.99000549316406,201.42999267578125,198.99000549316406,201.41000366210938,150300000
1985-11-22,201.41000366210938,202.00999450683594,201.0500030517578,201.52000427246094,133800000
1985-11-25,201.52000427246094,201.52000427246094,200.0800018310547,200.35000610351562,91710000
1985-11-26,200.35000610351562,201.16000366210938,200.11000061035156,200.6699981689453,123100000
1985-11-27,200.6699981689453,202.64999389648438,200.6699981689453,202.5399932861328,143700000
1985-11-29,202.5399932861328,203.39999389648438,201.9199981689453,202.1699981689453,84060000
1985-12-02,202.1699981689453,202.19000244140625,200.1999969482422,200.4600067138672,103500000
1985-12-03,200.4600067138672,200.97999572753906,200.10000610351562,200.86000061035156,109700000
1985-12-04,200.86000061035156,204.22999572753906,200.86000061035156,204.22999572753906,153200000
1985-12-05,204.22999572753906,205.86000061035156,203.7899932861328,203.8800048828125,181000000
1985-12-06,203.8800048828125,203.8800048828125,202.4499969482422,202.99000549316406,125500000
1985-12-09,202.99000549316406,204.64999389648438,202.97999572753906,204.25,144000000
1985-12-10,204.25,205.16000366210938,203.67999267578125,204.38999938964844,156500000
1985-12-11,204.38999938964844,206.67999267578125,204.1699981689453,206.30999755859375,178500000
1985-12-12,206.30999755859375,207.64999389648438,205.8300018310547,206.72999572753906,170500000
1985-12-13,206.72999572753906,210.30999755859375,206.72999572753906,209.94000244140625,177900000
1985-12-16,209.94000244140625,213.0800018310547,209.91000366210938,212.02000427246094,176000000
1985-12-17,212.02000427246094,212.4499969482422,210.5800018310547,210.64999389648438,155200000
1985-12-18,210.64999389648438,211.22999572753906,209.24000549316406,209.80999755859375,137900000
1985-12-19,209.80999755859375,210.1300048828125,209.25,210.02000427246094,130200000
1985-12-20,210.02000427246094,211.77000427246094,210.02000427246094,210.94000244140625,170300000
1985-12-23,210.57000732421875,210.94000244140625,208.44000244140625,208.57000732421875,107900000
1985-12-24,208.57000732421875,208.57000732421875,206.44000244140625,207.13999938964844,78300000
1985-12-26,207.13999938964844,207.75999450683594,207.0500030517578,207.64999389648438,62050000
1985-12-27,207.64999389648438,209.6199951171875,207.64999389648438,209.61000061035156,81560000
1985-12-30,209.61000061035156,210.6999969482422,209.1699981689453,210.67999267578125,91970000
1985-12-31,210.67999267578125,211.61000061035156,210.67999267578125,211.27999877929688,112700000
1986-01-02,211.27999877929688,211.27999877929688,208.92999267578125,209.58999633789062,98960000
1986-01-03,209.58999633789062,210.8800048828125,209.50999450683594,210.8800048828125,105000000
1986-01-06,210.8800048828125,210.97999572753906,209.92999267578125,210.64999389648438,99610000
1986-01-07,210.64999389648438,213.8000030517578,210.64999389648438,213.8000030517578,153000000
1986-01-08,213.8000030517578,214.57000732421875,207.49000549316406,207.97000122070312,180300000
1986-01-09,207.97000122070312,207.97000122070312,204.50999450683594,206.11000061035156,176500000
1986-01-10,206.11000061035156,207.3300018310547,205.52000427246094,205.9600067138672,122800000
1986-01-13,205.9600067138672,206.8300018310547,205.52000427246094,206.72000122070312,108700000
1986-01-14,206.72000122070312,207.3699951171875,206.05999755859375,206.63999938964844,113900000
1986-01-15,206.63999938964844,208.27000427246094,206.63999938964844,208.25999450683594,122400000
1986-01-16,208.25999450683594,209.17999267578125,207.61000061035156,209.1699981689453,130500000
1986-01-17,209.1699981689453,209.39999389648438,207.58999633789062,208.42999267578125,132100000
1986-01-20,208.42999267578125,208.42999267578125,206.6199951171875,207.52999877929688,85340000
1986-01-21,207.52999877929688,207.77999877929688,205.0500030517578,205.7899932861328,128300000
1986-01-22,205.7899932861328,206.02999877929688,203.41000366210938,203.49000549316406,131200000
1986-01-23,203.49000549316406,204.42999267578125,202.60000610351562,204.25,130300000
1986-01-24,204.25,206.42999267578125,204.25,206.42999267578125,128900000
1986-01-27,206.42999267578125,207.69000244140625,206.42999267578125,207.38999938964844,122900000
1986-01-28,207.4199981689453,209.82000732421875,207.39999389648438,209.80999755859375,145700000
1986-01-29,209.80999755859375,212.36000061035156,209.80999755859375,210.2899932861328,193800000
1986-01-30,210.2899932861328,211.5399932861328,209.14999389648438,209.3300018310547,125300000
1986-01-31,209.3300018310547,212.4199981689453,209.19000244140625,211.77999877929688,143500000
1986-02-03,211.77999877929688,214.17999267578125,211.60000610351562,213.9600067138672,145300000
1986-02-04,213.9600067138672,214.57000732421875,210.82000732421875,212.7899932861328,175700000
1986-02-05,212.83999633789062,213.02999877929688,211.2100067138672,212.9600067138672,134300000
1986-02-06,212.9600067138672,214.50999450683594,212.60000610351562,213.47000122070312,146100000
1986-02-07,213.47000122070312,215.27000427246094,211.1300048828125,214.55999755859375,144400000
1986-02-10,214.55999755859375,216.24000549316406,214.47000122070312,216.24000549316406,129900000
1986-02-11,216.24000549316406,216.6699981689453,215.5399932861328,215.9199981689453,141300000
1986-02-12,215.9199981689453,216.27999877929688,215.1300048828125,215.97000122070312,136400000
1986-02-13,215.97000122070312,217.41000366210938,215.3800048828125,217.39999389648438,136500000
1986-02-14,217.39999389648438,219.75999450683594,217.22000122070312,219.75999450683594,155600000
1986-02-18,219.75999450683594,222.4499969482422,219.25999450683594,222.4499969482422,160200000
1986-02-19,222.4499969482422,222.9600067138672,219.72999572753906,219.75999450683594,152000000
1986-02-20,219.75999450683594,222.22000122070312,219.22000122070312,222.22000122070312,139700000
1986-02-21,222.22000122070312,224.6199951171875,222.22000122070312,224.6199951171875,177600000
1986-02-24,224.5800018310547,225.2899932861328,223.30999755859375,224.33999633789062,144700000
1986-02-25,224.33999633789062,224.39999389648438,222.6300048828125,223.7899932861328,148000000
1986-02-26,223.72000122070312,224.58999633789062,223.14999389648438,224.0399932861328,158000000
1986-02-27,224.0399932861328,226.8800048828125,223.41000366210938,226.77000427246094,181700000
1986-02-28,226.77000427246094,227.9199981689453,225.4199981689453,226.9199981689453,191700000
1986-03-03,226.9199981689453,226.9199981689453,224.41000366210938,225.4199981689453,142700000
1986-03-04,225.4199981689453,227.3300018310547,223.94000244140625,224.3800048828125,174500000
1986-03-05,224.13999938964844,224.3699951171875,222.17999267578125,224.33999633789062,154600000
1986-03-06,224.38999938964844,225.5,224.1300048828125,225.1300048828125,159000000
1986-03-07,225.1300048828125,226.3300018310547,224.44000244140625,225.57000732421875,163200000
1986-03-10,225.57000732421875,226.97999572753906,225.36000061035156,226.5800018310547,129900000
1986-03-11,226.5800018310547,231.80999755859375,226.5800018310547,231.69000244140625,187300000
1986-03-12,231.69000244140625,234.6999969482422,231.67999267578125,232.5399932861328,210300000
1986-03-13,232.5399932861328,233.88999938964844,231.27000427246094,233.19000244140625,171500000
1986-03-14,233.19000244140625,236.5500030517578,232.5800018310547,236.5500030517578,181900000
1986-03-17,236.5500030517578,236.5500030517578,233.69000244140625,234.6699981689453,137500000
1986-03-18,234.6699981689453,236.52000427246094,234.13999938964844,235.77999877929688,148000000
1986-03-19,235.77999877929688,236.52000427246094,235.1300048828125,235.60000610351562,150000000
1986-03-20,235.60000610351562,237.08999633789062,235.60000610351562,236.5399932861328,148000000
1986-03-21,236.5399932861328,237.35000610351562,233.2899932861328,233.33999633789062,199100000
1986-03-24,233.33999633789062,235.3300018310547,232.9199981689453,235.3300018310547,143800000
1986-03-25,235.3300018310547,235.3300018310547,233.6199951171875,234.72000122070312,139300000
1986-03-26,234.72000122070312,237.7899932861328,234.7100067138672,237.3000030517578,161500000
1986-03-27,237.3000030517578,240.11000061035156,237.3000030517578,238.97000122070312,178100000
1986-03-31,238.97000122070312,239.86000061035156,238.0800018310547,238.89999389648438,134400000
1986-04-01,238.89999389648438,239.10000610351562,234.57000732421875,235.13999938964844,167400000
1986-04-02,235.13999938964844,235.7100067138672,233.39999389648438,235.7100067138672,145300000
1986-04-03,235.7100067138672,236.4199981689453,232.07000732421875,232.47000122070312,148200000
1986-04-04,232.47000122070312,232.55999755859375,228.32000732421875,228.69000244140625,147300000
1986-04-07,228.69000244140625,228.8300018310547,226.3000030517578,228.6300048828125,129800000
1986-04-08,228.6300048828125,233.6999969482422,228.6300048828125,233.52000427246094,146300000
1986-04-09,233.52000427246094,235.57000732421875,232.1300048828125,233.75,156300000
1986-04-10,233.75,236.5399932861328,233.75,236.44000244140625,184800000
1986-04-11,236.44000244140625,237.85000610351562,235.1300048828125,235.97000122070312,139400000
1986-04-14,235.97000122070312,237.47999572753906,235.42999267578125,237.27999877929688,106700000
1986-04-15,237.27999877929688,238.08999633789062,236.63999938964844,237.72999572753906,123700000
1986-04-16,237.72999572753906,242.57000732421875,237.72999572753906,242.22000122070312,173800000
1986-04-17,242.22000122070312,243.36000061035156,241.88999938964844,243.02999877929688,161400000
1986-04-18,243.02999877929688,243.47000122070312,241.74000549316406,242.3800048828125,153600000
1986-04-21,242.3800048828125,244.77999877929688,241.8800048828125,244.74000549316406,136100000
1986-04-22,244.74000549316406,245.47000122070312,241.3000030517578,242.4199981689453,161500000
1986-04-23,242.4199981689453,242.4199981689453,240.0800018310547,241.75,149700000
1986-04-24,241.75,243.1300048828125,241.64999389648438,242.02000427246094,146600000
1986-04-25,242.02000427246094,242.8000030517578,240.91000366210938,242.2899932861328,142300000
1986-04-28,242.2899932861328,243.0800018310547,241.22999572753906,243.0800018310547,123900000
1986-04-29,243.0800018310547,243.57000732421875,239.22999572753906,240.50999450683594,148800000
1986-04-30,240.52000427246094,240.52000427246094,235.25999450683594,235.52000427246094,147500000
1986-05-01,235.52000427246094,236.00999450683594,234.2100067138672,235.16000366210938,146500000
1986-05-02,235.16000366210938,236.52000427246094,234.14999389648438,234.7899932861328,126300000
1986-05-05,234.7899932861328,237.72999572753906,234.7899932861328,237.72999572753906,102400000
1986-05-06,237.72999572753906,238.27999877929688,236.25999450683594,237.24000549316406,121200000
1986-05-07,236.55999755859375,237.24000549316406,233.97999572753906,236.0800018310547,129900000
1986-05-08,236.0800018310547,237.9600067138672,236.0800018310547,237.1300048828125,136000000
1986-05-09,237.1300048828125,238.00999450683594,235.85000610351562,237.85000610351562,137400000
1986-05-12,237.85000610351562,238.52999877929688,237.02000427246094,237.5800018310547,125400000
1986-05-13,237.5800018310547,237.8699951171875,236.02000427246094,236.41000366210938,119200000
1986-05-14,236.41000366210938,237.5399932861328,235.85000610351562,237.5399932861328,132100000
1986-05-15,237.5399932861328,237.5399932861328,233.92999267578125,234.42999267578125,131600000
1986-05-16,234.42999267578125,234.42999267578125,232.25999450683594,232.75999450683594,113500000
1986-05-19,232.75999450683594,233.5399932861328,232.41000366210938,233.1999969482422,85840000
1986-05-20,233.1999969482422,236.1199951171875,232.5800018310547,236.11000061035156,113000000
1986-05-21,236.11000061035156,236.8300018310547,235.4499969482422,235.4499969482422,117100000
1986-05-22,235.4499969482422,240.25,235.4499969482422,240.1199951171875,144900000
1986-05-23,240.1199951171875,242.16000366210938,240.1199951171875,241.35000610351562,130200000
1986-05-27,241.35000610351562,244.75999450683594,241.35000610351562,244.75,121200000
1986-05-28,244.75,247.39999389648438,244.75,246.6300048828125,159600000
1986-05-29,246.6300048828125,248.32000732421875,245.2899932861328,247.97999572753906,135700000
1986-05-30,247.97999572753906,249.19000244140625,246.42999267578125,247.35000610351562,151200000
1986-06-02,246.0399932861328,247.74000549316406,243.8300018310547,245.0399932861328,120600000
1986-06-03,245.0399932861328,245.50999450683594,243.6699981689453,245.50999450683594,114700000
1986-06-04,245.50999450683594,246.3000030517578,242.58999633789062,243.94000244140625,117000000
1986-06-05,243.94000244140625,245.66000366210938,243.41000366210938,245.64999389648438,110900000
1986-06-06,245.64999389648438,246.07000732421875,244.42999267578125,245.6699981689453,110900000
1986-06-09,245.6699981689453,245.6699981689453,239.67999267578125,239.9600067138672,123300000
1986-06-10,239.9600067138672,240.0800018310547,238.22999572753906,239.5800018310547,125000000
1986-06-11,239.5800018310547,241.1300048828125,239.2100067138672,241.1300048828125,127400000
1986-06-12,241.24000549316406,241.63999938964844,240.6999969482422,241.49000549316406,109100000
1986-06-13,241.7100067138672,245.91000366210938,241.7100067138672,245.72999572753906,141200000
1986-06-16,245.72999572753906,246.5,245.1699981689453,246.1300048828125,112100000
1986-06-17,246.1300048828125,246.25999450683594,243.60000610351562,244.35000610351562,123100000
1986-06-18,244.35000610351562,245.25,242.57000732421875,244.99000549316406,117000000
1986-06-19,244.99000549316406,245.8000030517578,244.0500030517578,244.05999755859375,129000000
1986-06-20,244.05999755859375,247.60000610351562,243.97999572753906,247.5800018310547,149100000
1986-06-23,247.5800018310547,247.5800018310547,244.4499969482422,245.25999450683594,123800000
1986-06-24,245.25999450683594,248.25999450683594,244.52999877929688,247.02999877929688,140600000
1986-06-25,247.02999877929688,250.1300048828125,247.02999877929688,248.92999267578125,161800000
1986-06-26,248.92999267578125,249.42999267578125,247.72000122070312,248.74000549316406,134100000
1986-06-27,248.74000549316406,249.74000549316406,248.74000549316406,249.60000610351562,123800000
1986-06-30,249.60000610351562,251.80999755859375,249.60000610351562,250.83999633789062,135100000
1986-07-01,250.6699981689453,252.0399932861328,250.52999877929688,252.0399932861328,147700000
1986-07-02,252.0399932861328,253.1999969482422,251.7899932861328,252.6999969482422,150000000
1986-07-03,252.6999969482422,252.94000244140625,251.22999572753906,251.7899932861328,108300000
1986-07-07,251.7899932861328,251.80999755859375,243.6300048828125,244.0500030517578,138200000
1986-07-08,244.0500030517578,244.05999755859375,239.07000732421875,241.58999633789062,174100000
1986-07-09,241.58999633789062,243.07000732421875,241.4600067138672,242.82000732421875,142900000
1986-07-10,242.82000732421875,243.44000244140625,239.66000366210938,243.00999450683594,146200000
1986-07-11,243.00999450683594,243.47999572753906,241.67999267578125,242.22000122070312,124500000
1986-07-14,242.22000122070312,242.22000122070312,238.0399932861328,238.11000061035156,123200000
1986-07-15,238.08999633789062,238.1199951171875,233.60000610351562,233.66000366210938,184000000
1986-07-16,233.66000366210938,236.19000244140625,233.66000366210938,235.00999450683594,160800000
1986-07-17,235.00999450683594,236.64999389648438,235.00999450683594,236.07000732421875,132400000
1986-07-18,236.07000732421875,238.22000122070312,233.94000244140625,236.36000061035156,149700000
1986-07-21,236.36000061035156,236.4499969482422,235.52999877929688,236.24000549316406,106300000
1986-07-22,236.24000549316406,238.4199981689453,235.9199981689453,238.17999267578125,138500000
1986-07-23,238.19000244140625,239.25,238.1699981689453,238.6699981689453,133300000
1986-07-24,238.69000244140625,239.0500030517578,237.32000732421875,237.9499969482422,134700000
1986-07-25,237.99000549316406,240.36000061035156,237.9499969482422,240.22000122070312,132000000
1986-07-28,240.1999969482422,240.25,235.22999572753906,236.00999450683594,128000000
1986-07-29,235.72000122070312,236.00999450683594,234.39999389648438,234.5500030517578,115700000
1986-07-30,234.57000732421875,237.3800048828125,233.07000732421875,236.58999633789062,146700000
1986-07-31,236.58999633789062,236.9199981689453,235.88999938964844,236.1199951171875,112700000
1986-08-01,236.1199951171875,236.88999938964844,234.58999633789062,234.91000366210938,114900000
1986-08-04,234.91000366210938,236.86000061035156,231.9199981689453,235.99000549316406,130000000
1986-08-05,235.99000549316406,238.30999755859375,235.97000122070312,237.02999877929688,153100000
1986-08-06,237.02999877929688,237.35000610351562,235.47999572753906,236.83999633789062,127500000
1986-08-07,236.83999633789062,238.02000427246094,236.30999755859375,237.0399932861328,122400000
1986-08-08,237.0399932861328,238.05999755859375,236.3699951171875,236.8800048828125,106300000
1986-08-11,236.8800048828125,241.1999969482422,236.8699951171875,240.67999267578125,125600000
1986-08-12,240.67999267578125,243.3699951171875,240.35000610351562,243.33999633789062,131700000
1986-08-13,243.33999633789062,246.50999450683594,243.05999755859375,245.6699981689453,156400000
1986-08-14,245.6699981689453,246.7899932861328,245.52999877929688,246.25,123800000
1986-08-15,246.25,247.14999389648438,245.6999969482422,247.14999389648438,123500000
1986-08-18,247.14999389648438,247.8300018310547,245.47999572753906,247.3800048828125,112800000
1986-08-19,247.3800048828125,247.4199981689453,245.82000732421875,246.50999450683594,109300000
1986-08-20,246.52999877929688,249.77000427246094,246.50999450683594,249.77000427246094,156600000
1986-08-21,249.77000427246094,250.4499969482422,249.11000061035156,249.6699981689453,135200000
1986-08-22,249.6699981689453,250.61000061035156,249.27000427246094,250.19000244140625,118100000
1986-08-25,250.19000244140625,250.25999450683594,247.75999450683594,247.80999755859375,104400000
1986-08-26,247.80999755859375,252.91000366210938,247.80999755859375,252.83999633789062,156600000
1986-08-27,252.83999633789062,254.24000549316406,252.66000366210938,253.3000030517578,143300000
1986-08-28,253.3000030517578,253.6699981689453,251.91000366210938,252.83999633789062,125100000
1986-08-29,252.83999633789062,254.07000732421875,251.72999572753906,252.92999267578125,125300000
1986-09-02,252.92999267578125,253.3000030517578,248.13999938964844,248.52000427246094,135500000
1986-09-03,248.52000427246094,250.0800018310547,247.58999633789062,250.0800018310547,154300000
1986-09-04,250.0800018310547,254.00999450683594,250.02999877929688,253.8300018310547,189400000
1986-09-05,253.8300018310547,254.1300048828125,250.3300018310547,250.47000122070312,180600000
1986-09-08,250.47000122070312,250.47000122070312,247.02000427246094,248.13999938964844,153300000
1986-09-09,248.13999938964844,250.2100067138672,246.94000244140625,247.6699981689453,137500000
1986-09-10,247.6699981689453,247.75999450683594,246.11000061035156,247.05999755859375,140300000
1986-09-11,247.05999755859375,247.05999755859375,234.6699981689453,235.17999267578125,237600000
1986-09-12,235.17999267578125,235.4499969482422,228.74000549316406,230.6699981689453,240500000
1986-09-15,230.6699981689453,232.82000732421875,229.44000244140625,231.94000244140625,155600000
1986-09-16,231.92999267578125,231.94000244140625,228.32000732421875,231.72000122070312,131200000
1986-09-17,231.72999572753906,233.80999755859375,231.3800048828125,231.67999267578125,141000000
1986-09-18,231.6699981689453,232.8699951171875,230.57000732421875,232.30999755859375,132200000
1986-09-19,232.3000030517578,232.30999755859375,230.69000244140625,232.2100067138672,153900000
1986-09-22,232.1999969482422,234.92999267578125,232.1999969482422,234.92999267578125,126100000
1986-09-23,234.9600067138672,235.8800048828125,234.5,235.6699981689453,132600000
1986-09-24,235.66000366210938,237.05999755859375,235.52999877929688,236.27999877929688,134600000
1986-09-25,231.8300018310547,236.27999877929688,230.6699981689453,231.8300018310547,134300000
1986-09-26,231.8300018310547,233.67999267578125,230.63999938964844,232.22999572753906,115300000
1986-09-29,232.22999572753906,232.22999572753906,228.0800018310547,229.91000366210938,115600000
1986-09-30,229.91000366210938,233.00999450683594,229.91000366210938,231.32000732421875,124900000
1986-10-01,231.32000732421875,234.6199951171875,231.32000732421875,233.60000610351562,143600000
1986-10-02,233.60000610351562,234.3300018310547,232.77000427246094,233.9199981689453,128100000
1986-10-03,233.9199981689453,236.16000366210938,232.7899932861328,233.7100067138672,128100000
1986-10-06,233.7100067138672,235.33999633789062,233.1699981689453,234.77999877929688,88250000
1986-10-07,234.74000549316406,235.17999267578125,233.4600067138672,234.41000366210938,125100000
1986-10-08,234.41000366210938,236.83999633789062,233.67999267578125,236.67999267578125,141700000
1986-10-09,236.6699981689453,238.1999969482422,235.72000122070312,235.85000610351562,153400000
1986-10-10,235.83999633789062,236.27000427246094,235.30999755859375,235.47999572753906,105100000
1986-10-13,235.52000427246094,235.91000366210938,235.02000427246094,235.91000366210938,54990000
1986-10-14,235.89999389648438,236.3699951171875,234.3699951171875,235.3699951171875,116800000
1986-10-15,235.36000061035156,239.02999877929688,235.27000427246094,238.8000030517578,144300000
1986-10-16,238.8300018310547,240.17999267578125,238.8000030517578,239.52999877929688,156900000
1986-10-17,239.5,239.52999877929688,237.7100067138672,238.83999633789062,124100000
1986-10-20,238.83999633789062,238.83999633789062,234.77999877929688,235.97000122070312,109000000
1986-10-21,236.02999877929688,236.49000549316406,234.9499969482422,235.8800048828125,110000000
1986-10-22,235.88999938964844,236.63999938964844,235.82000732421875,236.25999450683594,114000000
1986-10-23,236.27999877929688,239.75999450683594,236.25999450683594,239.27999877929688,150900000
1986-10-24,239.3000030517578,239.64999389648438,238.25,238.25999450683594,137500000
1986-10-27,238.22000122070312,238.77000427246094,236.72000122070312,238.77000427246094,133200000
1986-10-28,238.80999755859375,240.5800018310547,238.77000427246094,239.25999450683594,145900000
1986-10-29,239.22999572753906,241.0,238.97999572753906,240.94000244140625,164400000
1986-10-30,240.97000122070312,244.0800018310547,240.94000244140625,243.7100067138672,194200000
1986-10-31,243.6999969482422,244.50999450683594,242.9499969482422,243.97999572753906,147200000
1986-11-03,243.97000122070312,245.8000030517578,243.92999267578125,245.8000030517578,138200000
1986-11-04,245.8000030517578,246.42999267578125,244.4199981689453,246.1999969482422,163200000
1986-11-05,246.08999633789062,247.0500030517578,245.2100067138672,246.5800018310547,183200000
1986-11-06,246.5399932861328,246.89999389648438,244.3000030517578,245.8699951171875,165300000
1986-11-07,245.85000610351562,246.1300048828125,244.9199981689453,245.77000427246094,142300000
1986-11-10,245.75,246.22000122070312,244.67999267578125,246.1300048828125,120200000
1986-11-11,246.14999389648438,247.10000610351562,246.1199951171875,247.0800018310547,118500000
1986-11-12,247.05999755859375,247.6699981689453,245.67999267578125,246.63999938964844,162200000
1986-11-13,246.6300048828125,246.66000366210938,242.97999572753906,243.02000427246094,164000000
1986-11-14,243.00999450683594,244.50999450683594,241.9600067138672,244.5,172100000
1986-11-17,244.5,244.8000030517578,242.2899932861328,243.2100067138672,133300000
1986-11-18,243.1999969482422,243.22999572753906,236.64999389648438,236.77999877929688,185300000
1986-11-19,236.77000427246094,237.94000244140625,235.50999450683594,237.66000366210938,183300000
1986-11-20,237.66000366210938,242.0500030517578,237.66000366210938,242.0500030517578,158100000
1986-11-21,242.02999877929688,246.3800048828125,241.97000122070312,245.86000061035156,200700000
1986-11-24,245.86000061035156,248.0,245.2100067138672,247.4499969482422,150800000
1986-11-25,247.44000244140625,248.17999267578125,246.3000030517578,248.1699981689453,154600000
1986-11-26,248.13999938964844,248.89999389648438,247.72999572753906,248.77000427246094,152000000
1986-11-28,248.82000732421875,249.22000122070312,248.07000732421875,249.22000122070312,93530000
1986-12-01,249.22000122070312,249.22000122070312,245.72000122070312,249.0500030517578,133800000
1986-12-02,249.05999755859375,254.0,249.0500030517578,254.0,230400000
1986-12-03,254.0,254.8699951171875,253.24000549316406,253.85000610351562,200100000
1986-12-04,253.85000610351562,254.4199981689453,252.8800048828125,253.0399932861328,156900000
1986-12-05,253.0500030517578,253.88999938964844,250.7100067138672,251.1699981689453,139800000
1986-12-08,251.16000366210938,252.36000061035156,248.82000732421875,251.16000366210938,159000000
1986-12-09,251.16000366210938,251.27000427246094,249.25,249.27999877929688,128700000
1986-12-10,249.27999877929688,251.52999877929688,248.94000244140625,250.9600067138672,139700000
1986-12-11,250.97000122070312,250.97999572753906,247.14999389648438,248.1699981689453,136000000
1986-12-12,248.1699981689453,248.30999755859375,247.02000427246094,247.35000610351562,126600000
1986-12-15,247.30999755859375,248.22999572753906,244.9199981689453,248.2100067138672,148200000
1986-12-16,248.2100067138672,250.0399932861328,247.39999389648438,250.0399932861328,157000000
1986-12-17,250.00999450683594,250.0399932861328,247.19000244140625,247.55999755859375,148800000
1986-12-18,247.55999755859375,247.80999755859375,246.4499969482422,246.77999877929688,155400000
1986-12-19,246.7899932861328,249.9600067138672,245.88999938964844,249.72999572753906,244700000
1986-12-22,249.72999572753906,249.72999572753906,247.4499969482422,248.75,157600000
1986-12-23,248.75,248.75,245.85000610351562,246.33999633789062,188700000
1986-12-24,246.33999633789062,247.22000122070312,246.02000427246094,246.75,95410000
1986-12-26,246.75,247.08999633789062,246.72999572753906,246.9199981689453,48860000
1986-12-29,246.89999389648438,246.9199981689453,244.30999755859375,244.6699981689453,99800000
1986-12-30,244.66000366210938,244.6699981689453,243.0399932861328,243.3699951171875,126200000
1986-12-31,243.3699951171875,244.02999877929688,241.27999877929688,242.1699981689453,139200000
1987-01-02,242.1699981689453,246.4499969482422,242.1699981689453,246.4499969482422,91880000
1987-01-05,246.4499969482422,252.57000732421875,246.4499969482422,252.19000244140625,181900000
1987-01-06,252.1999969482422,253.99000549316406,252.13999938964844,252.77999877929688,189300000
1987-01-07,252.77999877929688,255.72000122070312,252.64999389648438,255.3300018310547,190900000
1987-01-08,255.36000061035156,257.2799987792969,254.97000122070312,257.2799987792969,194500000
1987-01-09,257.260009765625,259.20001220703125,256.1099853515625,258.7300109863281,193000000
1987-01-12,258.7200012207031,261.3599853515625,257.9200134277344,260.29998779296875,184200000
1987-01-13,260.29998779296875,260.45001220703125,259.2099914550781,259.95001220703125,170900000
1987-01-14,259.95001220703125,262.7200012207031,259.6199951171875,262.6400146484375,214200000
1987-01-15,262.6499938964844,266.67999267578125,262.6400146484375,265.489990234375,253100000
1987-01-16,265.4599914550781,267.239990234375,264.30999755859375,266.2799987792969,218400000
1987-01-19,266.260009765625,269.3399963378906,264.0,269.3399963378906,162800000
1987-01-20,269.3399963378906,271.0299987792969,267.6499938964844,269.0400085449219,224800000
1987-01-21,269.0400085449219,270.8699951171875,267.3500061035156,267.8399963378906,184200000
1987-01-22,267.8399963378906,274.04998779296875,267.32000732421875,273.9100036621094,188700000
1987-01-23,273.9100036621094,280.9599914550781,268.4100036621094,270.1000061035156,302400000
1987-01-26,270.1000061035156,270.3999938964844,267.7300109863281,269.6099853515625,138900000
1987-01-27,269.6099853515625,274.30999755859375,269.6099853515625,273.75,192300000
1987-01-28,273.75,275.7099914550781,273.0299987792969,275.3999938964844,195800000
1987-01-29,275.3999938964844,276.8500061035156,272.5400085449219,274.239990234375,205300000
1987-01-30,274.239990234375,274.239990234375,271.3800048828125,274.0799865722656,163400000
1987-02-02,274.0799865722656,277.3500061035156,273.1600036621094,276.45001220703125,177400000
1987-02-03,276.45001220703125,277.8299865722656,275.8399963378906,275.989990234375,198100000
1987-02-04,275.989990234375,279.6499938964844,275.3500061035156,279.6400146484375,222400000
1987-02-05,279.6400146484375,282.260009765625,278.6600036621094,281.1600036621094,256700000
1987-02-06,281.1600036621094,281.7900085449219,279.8699951171875,280.0400085449219,184100000
1987-02-09,280.0400085449219,280.0400085449219,277.239990234375,278.1600036621094,143300000
1987-02-10,278.1600036621094,278.1600036621094,273.489990234375,275.07000732421875,168300000
1987-02-11,275.07000732421875,277.7099914550781,274.7099914550781,277.5400085449219,172400000
1987-02-12,277.5400085449219,278.0400085449219,273.8900146484375,275.6199951171875,200400000
1987-02-13,275.6199951171875,280.9100036621094,275.010009765625,279.70001220703125,184400000
1987-02-17,279.70001220703125,285.489990234375,279.70001220703125,285.489990234375,187800000
1987-02-18,285.489990234375,287.54998779296875,282.9700012207031,285.4200134277344,218200000
1987-02-19,285.4200134277344,286.239990234375,283.8399963378906,285.57000732421875,181500000
1987-02-20,285.57000732421875,285.9800109863281,284.30999755859375,285.4800109863281,175800000
1987-02-23,285.4800109863281,285.5,279.3699951171875,282.3800048828125,170500000
1987-02-24,282.3800048828125,283.3299865722656,281.45001220703125,282.8800048828125,151300000
1987-02-25,282.8800048828125,285.3500061035156,282.1400146484375,284.0,184100000
1987-02-26,284.0,284.3999938964844,280.7300109863281,282.9599914550781,165800000
1987-02-27,282.9599914550781,284.54998779296875,282.7699890136719,284.20001220703125,142800000
1987-03-02,284.1700134277344,284.8299865722656,282.29998779296875,283.0,156700000
1987-03-03,283.0,284.19000244140625,282.9200134277344,284.1199951171875,149200000
1987-03-04,284.1199951171875,288.6199951171875,284.1199951171875,288.6199951171875,198400000
1987-03-05,288.6199951171875,291.239990234375,288.6000061035156,290.5199890136719,205400000
1987-03-06,290.5199890136719,290.6700134277344,288.7699890136719,290.6600036621094,181600000
1987-03-09,290.6600036621094,290.6600036621094,287.1199951171875,288.29998779296875,165400000
1987-03-10,288.29998779296875,290.8699951171875,287.8900146484375,290.8599853515625,174800000
1987-03-11,290.8699951171875,292.510009765625,289.3299865722656,290.30999755859375,186900000
1987-03-12,290.3299865722656,291.9100036621094,289.6600036621094,291.2200012207031,174500000
1987-03-13,291.2200012207031,291.7900085449219,289.8800048828125,289.8900146484375,150900000
1987-03-16,289.8800048828125,289.8900146484375,286.6400146484375,288.2300109863281,134900000
1987-03-17,288.0899963378906,292.4700012207031,287.9599914550781,292.4700012207031,177300000
1987-03-18,292.489990234375,294.5799865722656,290.8699951171875,292.7799987792969,198100000
1987-03-19,292.7300109863281,294.4599914550781,292.260009765625,294.0799865722656,166100000
1987-03-20,294.0799865722656,298.1700134277344,294.0799865722656,298.1700134277344,234000000
1987-03-23,298.1600036621094,301.1700134277344,297.5,301.1600036621094,189100000
1987-03-24,301.1700134277344,301.9200134277344,300.1400146484375,301.6400146484375,189900000
1987-03-25,301.5199890136719,301.8500061035156,299.3599853515625,300.3800048828125,171300000
1987-03-26,300.3900146484375,302.7200012207031,300.3800048828125,300.92999267578125,196000000
1987-03-27,300.9599914550781,301.4100036621094,296.05999755859375,296.1300048828125,184400000
1987-03-30,296.1000061035156,296.1300048828125,286.69000244140625,289.20001220703125,208400000
1987-03-31,289.2099914550781,291.8699951171875,289.07000732421875,291.70001220703125,171800000
1987-04-01,291.5899963378906,292.3800048828125,288.3399963378906,292.3800048828125,182600000
1987-04-02,292.4100036621094,294.4700012207031,292.0199890136719,293.6300048828125,183000000
1987-04-03,293.6400146484375,301.29998779296875,292.29998779296875,300.4100036621094,213400000
1987-04-06,300.4599914550781,302.2099914550781,300.4100036621094,301.95001220703125,173700000
1987-04-07,301.94000244140625,303.6499938964844,296.6700134277344,296.69000244140625,186400000
1987-04-08,296.7200012207031,299.20001220703125,295.17999267578125,297.260009765625,179800000
1987-04-09,297.25,297.7099914550781,291.5,292.8599853515625,180300000
1987-04-10,292.82000732421875,293.739990234375,290.94000244140625,292.489990234375,169500000
1987-04-13,292.4800109863281,293.3599853515625,285.6199951171875,285.6199951171875,181000000
1987-04-14,285.6099853515625,285.6199951171875,275.6700134277344,279.1600036621094,266500000
1987-04-15,279.1700134277344,285.1400146484375,279.1600036621094,284.44000244140625,198200000
1987-04-16,284.45001220703125,289.57000732421875,284.44000244140625,286.9100036621094,189600000
1987-04-20,286.9100036621094,288.3599853515625,284.54998779296875,286.0899963378906,139100000
1987-04-21,285.8800048828125,293.07000732421875,282.8900146484375,293.07000732421875,191300000
1987-04-22,293.04998779296875,293.4599914550781,286.9800109863281,287.19000244140625,185900000
1987-04-23,287.19000244140625,289.1199951171875,284.2799987792969,286.82000732421875,173900000
1987-04-24,286.80999755859375,286.82000732421875,281.17999267578125,281.5199890136719,178000000
1987-04-27,281.5199890136719,284.45001220703125,276.2200012207031,281.8299865722656,222700000
1987-04-28,281.8299865722656,285.95001220703125,281.8299865722656,282.510009765625,180100000
1987-04-29,282.5799865722656,286.4200134277344,282.5799865722656,284.57000732421875,173600000
1987-04-30,284.5799865722656,290.0799865722656,284.57000732421875,288.3599853515625,183100000
1987-05-01,286.989990234375,289.7099914550781,286.5199890136719,288.0299987792969,160100000
1987-05-04,288.0199890136719,289.989990234375,286.3900146484375,289.3599853515625,140600000
1987-05-05,289.3599853515625,295.3999938964844,289.3399963378906,295.3399963378906,192300000
1987-05-06,295.3500061035156,296.19000244140625,293.6000061035156,295.4700012207031,196600000
1987-05-07,295.45001220703125,296.79998779296875,294.07000732421875,294.7099914550781,215200000
1987-05-08,294.7300109863281,296.17999267578125,291.7300109863281,293.3699951171875,161900000
1987-05-11,293.3699951171875,298.69000244140625,291.54998779296875,291.57000732421875,203700000
1987-05-12,291.57000732421875,293.29998779296875,290.17999267578125,293.29998779296875,155300000
1987-05-13,293.30999755859375,294.5400085449219,290.739990234375,293.9800109863281,171000000
1987-05-14,293.9800109863281,295.1000061035156,292.95001220703125,294.239990234375,152000000
1987-05-15,294.2300109863281,294.239990234375,287.1099853515625,287.42999267578125,180800000
1987-05-18,287.42999267578125,287.42999267578125,282.57000732421875,286.6499938964844,174200000
1987-05-19,286.6600036621094,287.3900146484375,278.8299865722656,279.6199951171875,175400000
1987-05-20,279.6199951171875,280.8900146484375,277.010009765625,278.2099914550781,206800000
1987-05-21,278.2300109863281,282.30999755859375,278.2099914550781,280.1700134277344,164800000
1987-05-22,280.1700134277344,283.3299865722656,280.1700134277344,282.1600036621094,135800000
1987-05-26,282.1600036621094,289.1099853515625,282.1600036621094,289.1099853515625,152500000
1987-05-27,289.07000732421875,290.7799987792969,288.19000244140625,288.7300109863281,171400000
1987-05-28,288.7300109863281,291.5,286.3299865722656,290.760009765625,153800000
1987-05-29,290.7699890136719,292.8699951171875,289.70001220703125,290.1000061035156,153500000
1987-06-01,290.1199951171875,291.9599914550781,289.2300109863281,289.8299865722656,149300000
1987-06-02,289.82000732421875,290.94000244140625,286.92999267578125,288.4599914550781,153400000
1987-06-03,288.55999755859375,293.4700012207031,288.55999755859375,293.4700012207031,164200000
1987-06-04,293.4599914550781,295.0899963378906,292.760009765625,295.0899963378906,140300000
1987-06-05,295.1099853515625,295.1099853515625,292.79998779296875,293.45001220703125,129100000
1987-06-08,293.4599914550781,297.0299987792969,291.54998779296875,296.7200012207031,136400000
1987-06-09,296.7200012207031,297.5899963378906,295.8999938964844,297.2799987792969,164200000
1987-06-10,297.2799987792969,300.80999755859375,295.6600036621094,297.4700012207031,197400000
1987-06-11,297.5,298.94000244140625,297.4700012207031,298.7300109863281,138900000
1987-06-12,298.7699890136719,302.260009765625,298.7300109863281,301.6199951171875,175100000
1987-06-15,301.6199951171875,304.1099853515625,301.6199951171875,303.1400146484375,156900000
1987-06-16,303.1199951171875,304.8599853515625,302.6000061035156,304.760009765625,157800000
1987-06-17,304.7699890136719,305.739990234375,304.0299987792969,304.80999755859375,184700000
1987-06-18,304.7799987792969,306.1300048828125,303.3800048828125,305.69000244140625,168600000
1987-06-19,305.7099914550781,306.9700012207031,305.54998779296875,306.9700012207031,220500000
1987-06-22,306.9800109863281,310.20001220703125,306.9700012207031,309.6499938964844,178200000
1987-06-23,309.6600036621094,310.2699890136719,307.4800109863281,308.42999267578125,194200000
1987-06-24,308.44000244140625,308.9100036621094,306.32000732421875,306.8599853515625,153800000
1987-06-25,306.8699951171875,309.44000244140625,306.8599853515625,308.9599914550781,173500000
1987-06-26,308.94000244140625,308.9599914550781,306.3599853515625,307.1600036621094,150500000
1987-06-29,307.1499938964844,308.1499938964844,306.75,307.8999938964844,142500000
1987-06-30,307.8900146484375,308.0,303.010009765625,304.0,165500000
1987-07-01,303.989990234375,304.0,302.5299987792969,302.94000244140625,157000000
1987-07-02,302.9599914550781,306.3399963378906,302.94000244140625,305.6300048828125,154900000
1987-07-06,305.6400146484375,306.75,304.2300109863281,304.9200134277344,155000000
1987-07-07,304.9100036621094,308.6300048828125,304.7300109863281,307.3999938964844,200700000
1987-07-08,307.4100036621094,308.4800109863281,306.010009765625,308.2900085449219,207500000
1987-07-09,308.29998779296875,309.55999755859375,307.4200134277344,307.5199890136719,195400000
1987-07-10,307.54998779296875,308.3999938964844,306.9599914550781,308.3699951171875,172100000
1987-07-13,308.4100036621094,308.4100036621094,305.489990234375,307.6300048828125,152500000
1987-07-14,307.6700134277344,310.69000244140625,307.4599914550781,310.67999267578125,185900000
1987-07-15,310.6700134277344,312.0799865722656,309.07000732421875,310.4200134277344,202300000
1987-07-16,311.0,312.8299865722656,310.4200134277344,312.70001220703125,210900000
1987-07-17,312.7099914550781,314.5899963378906,312.3800048828125,314.5899963378906,210000000
1987-07-20,314.55999755859375,314.5899963378906,311.239990234375,311.3900146484375,168100000
1987-07-21,311.3599853515625,312.4100036621094,307.510009765625,308.54998779296875,186600000
1987-07-22,308.55999755859375,309.1199951171875,307.2200012207031,308.4700012207031,174700000
1987-07-23,308.5,309.6300048828125,306.1000061035156,307.80999755859375,163700000
1987-07-24,307.82000732421875,309.2799987792969,307.7799987792969,309.2699890136719,158400000
1987-07-27,309.29998779296875,310.70001220703125,308.6099853515625,310.6499938964844,152000000
1987-07-28,310.6499938964844,312.3299865722656,310.2799987792969,312.3299865722656,172600000
1987-07-29,312.3399963378906,315.6499938964844,311.7300109863281,315.6499938964844,196200000
1987-07-30,315.69000244140625,318.5299987792969,315.6499938964844,318.04998779296875,208000000
1987-07-31,318.04998779296875,318.8500061035156,317.55999755859375,318.6600036621094,181900000
1987-08-03,318.6199951171875,320.260009765625,316.5199890136719,317.57000732421875,207800000
1987-08-04,317.5899963378906,318.25,314.510009765625,316.2300109863281,166500000
1987-08-05,316.25,319.739990234375,316.2300109863281,318.45001220703125,192700000
1987-08-06,318.489990234375,322.0899963378906,317.5,322.0899963378906,192000000
1987-08-07,322.1000061035156,324.1499938964844,321.82000732421875,323.0,212700000
1987-08-10,322.9800109863281,328.0,322.95001220703125,328.0,187200000
1987-08-11,328.0199890136719,333.3999938964844,328.0,333.3299865722656,278100000
1987-08-12,333.32000732421875,334.57000732421875,331.05999755859375,332.3900146484375,235800000
1987-08-13,332.3800048828125,335.5199890136719,332.3800048828125,334.6499938964844,217100000
1987-08-14,334.6300048828125,336.0799865722656,332.6300048828125,333.989990234375,196100000
1987-08-17,333.9800109863281,335.42999267578125,332.8800048828125,334.1099853515625,166100000
1987-08-18,334.1000061035156,334.1099853515625,326.42999267578125,329.25,198400000
1987-08-19,329.260009765625,329.8900146484375,326.5400085449219,329.8299865722656,180900000
1987-08-20,331.489990234375,335.19000244140625,329.8299865722656,334.8399963378906,196600000
1987-08-21,334.8500061035156,336.3699951171875,334.29998779296875,335.8999938964844,189600000
1987-08-24,335.8900146484375,335.8999938964844,331.9200134277344,333.3299865722656,149400000
1987-08-25,333.3699951171875,337.8900146484375,333.3299865722656,336.7699890136719,213500000
1987-08-26,336.7699890136719,337.3900146484375,334.4599914550781,334.57000732421875,196200000
1987-08-27,334.55999755859375,334.57000732421875,331.1000061035156,331.3800048828125,163600000
1987-08-28,331.3699951171875,331.3800048828125,327.0299987792969,327.0400085449219,156300000
1987-08-31,327.0299987792969,330.0899963378906,326.989990234375,329.79998779296875,165800000
1987-09-01,329.80999755859375,332.17999267578125,322.8299865722656,323.3999938964844,193500000
1987-09-02,323.3999938964844,324.5299987792969,318.760009765625,321.67999267578125,199900000
1987-09-03,321.4700012207031,324.2900085449219,317.3900146484375,320.2099914550781,165200000
1987-09-04,320.2099914550781,322.0299987792969,316.5299987792969,316.70001220703125,129100000
1987-09-08,316.67999267578125,316.70001220703125,308.55999755859375,313.55999755859375,242900000
1987-09-09,313.6000061035156,315.4100036621094,312.2900085449219,313.9200134277344,164900000
1987-09-10,313.9200134277344,317.5899963378906,313.9200134277344,317.1300048828125,179800000
1987-09-11,317.1400146484375,322.45001220703125,317.1300048828125,321.9800109863281,178000000
1987-09-14,322.0199890136719,323.80999755859375,320.3999938964844,323.0799865722656,154400000
1987-09-15,323.07000732421875,323.0799865722656,317.6300048828125,317.739990234375,136200000
1987-09-16,317.75,319.5,314.6099853515625,314.8599853515625,195700000
1987-09-17,314.94000244140625,316.0799865722656,313.45001220703125,314.92999267578125,150700000
1987-09-18,314.9800109863281,316.989990234375,314.8599853515625,314.8599853515625,188100000
1987-09-21,314.9200134277344,317.6600036621094,310.1199951171875,310.5400085449219,170100000
1987-09-22,310.5400085449219,319.510009765625,308.69000244140625,319.5,209500000
1987-09-23,319.489990234375,321.8299865722656,319.1199951171875,321.19000244140625,220300000
1987-09-24,321.0899963378906,322.010009765625,319.1199951171875,319.7200012207031,162200000
1987-09-25,319.7200012207031,320.54998779296875,318.1000061035156,320.1600036621094,138000000
1987-09-28,320.1600036621094,325.3299865722656,320.1600036621094,323.20001220703125,188100000
1987-09-29,323.20001220703125,324.6300048828125,320.2699890136719,321.69000244140625,173500000
1987-09-30,321.69000244140625,322.5299987792969,320.1600036621094,321.8299865722656,183100000
1987-10-01,321.8299865722656,327.3399963378906,321.8299865722656,327.3299865722656,193200000
1987-10-02,327.3299865722656,328.94000244140625,327.2200012207031,328.07000732421875,189100000
1987-10-05,328.07000732421875,328.57000732421875,326.0899963378906,328.0799865722656,159700000
1987-10-06,328.0799865722656,328.0799865722656,319.1700134277344,319.2200012207031,175600000
1987-10-07,319.2200012207031,319.3900146484375,315.7799987792969,318.5400085449219,186300000
1987-10-08,318.5400085449219,319.3399963378906,312.0199890136719,314.1600036621094,198700000
1987-10-09,314.1600036621094,315.0400085449219,310.9700012207031,311.07000732421875,158300000
1987-10-12,311.07000732421875,311.07000732421875,306.760009765625,309.3900146484375,141900000
1987-10-13,309.3900146484375,314.5299987792969,309.3900146484375,314.5199890136719,172900000
1987-10-14,314.5199890136719,314.5199890136719,304.7799987792969,305.2300109863281,207400000
1987-10-15,305.2099914550781,305.2300109863281,298.07000732421875,298.0799865722656,263200000
1987-10-16,298.0799865722656,298.9200134277344,281.5199890136719,282.70001220703125,338500000
1987-10-19,282.70001220703125,282.70001220703125,224.8300018310547,224.83999633789062,604300000
1987-10-20,225.05999755859375,245.6199951171875,216.4600067138672,236.8300018310547,608100000
1987-10-21,236.8300018310547,259.2699890136719,236.8300018310547,258.3800048828125,449600000
1987-10-22,258.239990234375,258.3800048828125,242.99000549316406,248.25,392200000
1987-10-23,248.2899932861328,250.6999969482422,242.75999450683594,248.22000122070312,245600000
1987-10-26,248.1999969482422,248.22000122070312,227.25999450683594,227.6699981689453,308800000
1987-10-27,227.6699981689453,237.80999755859375,227.6699981689453,233.19000244140625,260200000
1987-10-28,233.19000244140625,238.5800018310547,226.25999450683594,233.27999877929688,279400000
1987-10-29,233.30999755859375,246.69000244140625,233.27999877929688,244.77000427246094,258100000
1987-10-30,244.77000427246094,254.0399932861328,244.77000427246094,251.7899932861328,303400000
1987-11-02,251.72999572753906,255.75,249.14999389648438,255.75,176000000
1987-11-03,255.75,255.75,242.77999877929688,250.82000732421875,227800000
1987-11-04,250.80999755859375,251.0,246.33999633789062,248.9600067138672,202500000
1987-11-05,248.92999267578125,256.0899963378906,247.72000122070312,254.47999572753906,226000000
1987-11-06,254.49000549316406,257.2099914550781,249.67999267578125,250.41000366210938,228290000
1987-11-09,250.41000366210938,250.41000366210938,243.00999450683594,243.1699981689453,160690000
1987-11-10,243.13999938964844,243.1699981689453,237.63999938964844,239.0,184310000
1987-11-11,239.00999450683594,243.86000061035156,239.0,241.89999389648438,147850000
1987-11-12,241.92999267578125,249.89999389648438,241.89999389648438,248.52000427246094,206280000
1987-11-13,248.5399932861328,249.4199981689453,245.63999938964844,245.63999938964844,174920000
1987-11-16,245.69000244140625,249.5399932861328,244.97999572753906,246.75999450683594,164340000
1987-11-17,246.72999572753906,246.75999450683594,240.80999755859375,243.0399932861328,148240000
1987-11-18,243.08999633789062,245.5500030517578,240.6699981689453,245.5500030517578,158270000
1987-11-19,245.5399932861328,245.5500030517578,239.6999969482422,240.0500030517578,157140000
1987-11-20,240.0399932861328,242.00999450683594,235.88999938964844,242.0,189170000
1987-11-23,242.0,242.99000549316406,240.5,242.99000549316406,143160000
1987-11-24,242.97999572753906,247.89999389648438,242.97999572753906,246.38999938964844,199520000
1987-11-25,246.4199981689453,246.5399932861328,244.0800018310547,244.10000610351562,139780000
1987-11-27,244.11000061035156,244.1199951171875,240.33999633789062,240.33999633789062,86360000
1987-11-30,240.27000427246094,240.33999633789062,225.75,230.3000030517578,268910000
1987-12-01,230.32000732421875,234.02000427246094,230.3000030517578,232.0,149870000
1987-12-02,232.00999450683594,234.55999755859375,230.30999755859375,233.4499969482422,148890000
1987-12-03,233.4600067138672,233.89999389648438,225.2100067138672,225.2100067138672,204160000
1987-12-04,225.1999969482422,225.77000427246094,221.24000549316406,223.9199981689453,184800000
1987-12-07,223.97999572753906,228.77000427246094,223.9199981689453,228.75999450683594,146660000
1987-12-08,228.77000427246094,234.9199981689453,228.69000244140625,234.91000366210938,227310000
1987-12-09,234.91000366210938,240.08999633789062,233.8300018310547,238.88999938964844,231430000
1987-12-10,238.88999938964844,240.0500030517578,233.39999389648438,233.57000732421875,188960000
1987-12-11,233.60000610351562,235.47999572753906,233.35000610351562,235.32000732421875,151680000
1987-12-14,235.3000030517578,242.33999633789062,235.0399932861328,242.19000244140625,187680000
1987-12-15,242.19000244140625,245.58999633789062,241.30999755859375,242.80999755859375,214970000
1987-12-16,242.80999755859375,248.11000061035156,242.8000030517578,248.0800018310547,193820000
1987-12-17,248.0800018310547,248.60000610351562,242.9600067138672,242.97999572753906,191780000
1987-12-18,243.00999450683594,249.17999267578125,243.00999450683594,249.16000366210938,276220000
1987-12-21,249.13999938964844,250.25,248.3000030517578,249.5399932861328,161790000
1987-12-22,249.55999755859375,249.97000122070312,247.00999450683594,249.9499969482422,192650000
1987-12-23,249.9600067138672,253.35000610351562,249.9499969482422,253.16000366210938,203110000
1987-12-24,253.1300048828125,253.16000366210938,251.67999267578125,252.02999877929688,108800000
1987-12-28,252.00999450683594,252.02000427246094,244.19000244140625,245.57000732421875,131220000
1987-12-29,245.5800018310547,245.8800048828125,244.27999877929688,244.58999633789062,111580000
1987-12-30,244.6300048828125,248.05999755859375,244.58999633789062,247.86000061035156,149230000
1987-12-31,247.83999633789062,247.86000061035156,245.22000122070312,247.0800018310547,170140000
1988-01-04,247.10000610351562,256.44000244140625,247.0800018310547,255.94000244140625,181810000
1988-01-05,255.9499969482422,261.7799987792969,255.9499969482422,258.6300048828125,209520000
1988-01-06,258.6400146484375,259.7900085449219,257.17999267578125,258.8900146484375,169730000
1988-01-07,258.8699951171875,261.32000732421875,256.17999267578125,261.07000732421875,175360000
1988-01-08,261.04998779296875,261.07000732421875,242.9499969482422,243.39999389648438,197300000
1988-01-11,243.3800048828125,247.50999450683594,241.07000732421875,247.49000549316406,158980000
1988-01-12,247.44000244140625,247.49000549316406,240.4600067138672,245.4199981689453,165730000
1988-01-13,245.41000366210938,249.25,241.41000366210938,245.80999755859375,154020000
1988-01-14,245.8300018310547,247.0,243.97000122070312,245.8800048828125,140570000
1988-01-15,246.02000427246094,253.64999389648438,245.8800048828125,252.0500030517578,197940000
1988-01-18,252.0500030517578,252.86000061035156,249.97999572753906,251.8800048828125,135100000
1988-01-19,251.83999633789062,253.3300018310547,248.75,249.32000732421875,153550000
1988-01-20,249.30999755859375,249.32000732421875,241.13999938964844,242.6300048828125,181660000
1988-01-21,242.64999389648438,244.25,240.1699981689453,243.13999938964844,158080000
1988-01-22,243.13999938964844,246.5,243.13999938964844,246.5,147050000
1988-01-25,246.52999877929688,252.8699951171875,246.5,252.1699981689453,275250000
1988-01-26,252.1300048828125,252.1699981689453,249.10000610351562,249.57000732421875,138380000
1988-01-27,249.5800018310547,253.02000427246094,248.5,249.3800048828125,176360000
1988-01-28,249.38999938964844,253.66000366210938,249.3800048828125,253.2899932861328,166430000
1988-01-29,253.30999755859375,257.07000732421875,252.6999969482422,257.07000732421875,211880000
1988-02-01,257.04998779296875,258.2699890136719,254.92999267578125,255.0399932861328,210660000
1988-02-02,255.0500030517578,256.0799865722656,252.8000030517578,255.57000732421875,164920000
1988-02-03,255.55999755859375,256.9800109863281,250.55999755859375,252.2100067138672,237270000
1988-02-04,252.1999969482422,253.02999877929688,250.33999633789062,252.2100067138672,186490000
1988-02-05,252.22000122070312,253.85000610351562,250.89999389648438,250.9600067138672,161310000
1988-02-08,250.9499969482422,250.9600067138672,247.82000732421875,249.10000610351562,168850000
1988-02-09,249.11000061035156,251.72000122070312,248.66000366210938,251.72000122070312,162350000
1988-02-10,251.74000549316406,256.9200134277344,251.72000122070312,256.6600036621094,187980000
1988-02-11,256.6300048828125,257.7699890136719,255.1199951171875,255.9499969482422,200760000
1988-02-12,255.9499969482422,258.8599853515625,255.85000610351562,257.6300048828125,177190000
1988-02-16,257.6099853515625,259.8399963378906,256.57000732421875,259.8299865722656,135380000
1988-02-17,259.94000244140625,261.4700012207031,257.8299865722656,259.2099914550781,176830000
1988-02-18,258.82000732421875,259.6000061035156,256.8999938964844,257.9100036621094,151430000
1988-02-19,257.8999938964844,261.6099853515625,257.6199951171875,261.6099853515625,180300000
1988-02-22,261.6000061035156,266.05999755859375,260.8800048828125,265.6400146484375,178930000
1988-02-23,265.6199951171875,266.1199951171875,263.1099853515625,265.0199890136719,192260000
1988-02-24,265.010009765625,266.25,263.8699951171875,264.42999267578125,212730000
1988-02-25,264.3900146484375,267.75,261.04998779296875,261.5799865722656,213490000
1988-02-26,261.55999755859375,263.0,261.3800048828125,262.4599914550781,158060000
1988-02-29,262.4599914550781,267.82000732421875,262.4599914550781,267.82000732421875,236050000
1988-03-01,267.82000732421875,267.95001220703125,265.3900146484375,267.2200012207031,199990000
1988-03-02,267.2300109863281,268.75,267.0,267.9800109863281,199630000
1988-03-03,267.9800109863281,268.3999938964844,266.82000732421875,267.8800048828125,203310000
1988-03-04,267.8699951171875,268.3999938964844,264.7200012207031,267.29998779296875,201410000
1988-03-07,267.2799987792969,267.69000244140625,265.94000244140625,267.3800048828125,152980000
1988-03-08,267.3800048828125,270.05999755859375,267.3800048828125,269.42999267578125,237680000
1988-03-09,269.4599914550781,270.760009765625,268.6499938964844,269.05999755859375,210900000
1988-03-10,269.07000732421875,269.3500061035156,263.79998779296875,263.8399963378906,197260000
1988-03-11,263.8500061035156,264.94000244140625,261.2699890136719,264.94000244140625,200020000
1988-03-14,264.92999267578125,266.54998779296875,264.5199890136719,266.3699951171875,131890000
1988-03-15,266.3399963378906,266.4100036621094,264.9200134277344,266.1300048828125,133170000
1988-03-16,266.1099853515625,268.67999267578125,264.80999755859375,268.6499938964844,153590000
1988-03-17,268.6600036621094,271.2200012207031,268.6499938964844,271.2200012207031,211920000
1988-03-18,271.2200012207031,272.6400146484375,269.760009765625,271.1199951171875,245750000
1988-03-21,271.1000061035156,271.1199951171875,267.4200134277344,268.739990234375,128830000
1988-03-22,268.7300109863281,269.6099853515625,267.8999938964844,268.8399963378906,142000000
1988-03-23,268.80999755859375,269.7900085449219,268.010009765625,268.9100036621094,167370000
1988-03-24,268.9100036621094,268.9100036621094,262.4800109863281,263.3500061035156,184910000
1988-03-25,263.3399963378906,263.44000244140625,258.1199951171875,258.510009765625,163170000
1988-03-28,258.5,258.510009765625,256.07000732421875,258.05999755859375,142820000
1988-03-29,258.1099853515625,260.8599853515625,258.05999755859375,260.07000732421875,152690000
1988-03-30,260.05999755859375,261.5899963378906,257.9200134277344,258.07000732421875,151810000
1988-03-31,258.0299987792969,259.0299987792969,256.1600036621094,258.8900146484375,139870000
1988-04-04,258.8900146484375,259.05999755859375,255.67999267578125,256.0899963378906,182240000
1988-04-05,256.1000061035156,258.5199890136719,256.0299987792969,258.510009765625,135290000
1988-04-06,258.5199890136719,265.5,258.2200012207031,265.489990234375,189760000
1988-04-07,265.510009765625,267.32000732421875,265.2200012207031,266.1600036621094,177840000
1988-04-08,266.1499938964844,270.2200012207031,266.1099853515625,269.42999267578125,169300000
1988-04-11,269.42999267578125,270.4100036621094,268.6099853515625,270.1600036621094,146370000
1988-04-12,269.8800048828125,272.04998779296875,269.6600036621094,271.3699951171875,146400000
1988-04-13,271.3299865722656,271.70001220703125,269.2300109863281,271.5799865722656,185120000
1988-04-14,271.54998779296875,271.57000732421875,259.3699951171875,259.75,211810000
1988-04-15,259.739990234375,260.3900146484375,255.97000122070312,259.7699890136719,234160000
1988-04-18,259.75,259.80999755859375,258.0299987792969,259.2099914550781,144650000
1988-04-19,259.239990234375,262.3800048828125,257.9100036621094,257.9200134277344,161910000
1988-04-20,257.9100036621094,258.5400085449219,256.1199951171875,256.1300048828125,147590000
1988-04-21,256.1499938964844,260.44000244140625,254.7100067138672,256.4200134277344,168440000
1988-04-22,256.45001220703125,261.1600036621094,256.4200134277344,260.1400146484375,152520000
1988-04-25,260.1499938964844,263.2900085449219,260.1400146484375,262.510009765625,156950000
1988-04-26,262.45001220703125,265.05999755859375,262.17999267578125,263.92999267578125,152300000
1988-04-27,263.94000244140625,265.0899963378906,263.45001220703125,263.79998779296875,133810000
1988-04-28,263.7900085449219,263.79998779296875,262.2200012207031,262.6099853515625,128680000
1988-04-29,262.5899963378906,262.6099853515625,259.9700012207031,261.3299865722656,135620000
1988-05-02,261.3599853515625,261.55999755859375,259.989990234375,261.55999755859375,136470000
1988-05-03,261.54998779296875,263.70001220703125,261.54998779296875,263.0,176920000
1988-05-04,263.04998779296875,263.2300109863281,260.30999755859375,260.32000732421875,141320000
1988-05-05,260.29998779296875,260.32000732421875,258.1300048828125,258.7900085449219,171840000
1988-05-06,258.79998779296875,260.30999755859375,257.0299987792969,257.4800109863281,129080000
1988-05-09,257.4700012207031,258.2200012207031,255.4499969482422,256.5400085449219,166320000
1988-05-10,256.5299987792969,258.29998779296875,255.92999267578125,257.6199951171875,131200000
1988-05-11,257.6000061035156,257.6199951171875,252.32000732421875,253.30999755859375,176720000
1988-05-12,253.32000732421875,254.8699951171875,253.30999755859375,253.85000610351562,143880000
1988-05-13,253.8800048828125,256.8299865722656,253.85000610351562,256.7799987792969,147240000
1988-05-16,256.75,258.7099914550781,256.2799987792969,258.7099914550781,155010000
1988-05-17,258.7200012207031,260.20001220703125,255.35000610351562,255.38999938964844,133850000
1988-05-18,255.39999389648438,255.6699981689453,250.72999572753906,251.35000610351562,209420000
1988-05-19,251.36000061035156,252.57000732421875,248.85000610351562,252.57000732421875,165160000
1988-05-20,252.61000061035156,253.6999969482422,251.7899932861328,253.02000427246094,120600000
1988-05-23,253.0,253.02000427246094,249.82000732421875,250.8300018310547,102640000
1988-05-24,250.83999633789062,253.50999450683594,250.8300018310547,253.50999450683594,139930000
1988-05-25,253.52000427246094,255.33999633789062,253.50999450683594,253.75999450683594,138310000
1988-05-26,253.75,254.97999572753906,253.52000427246094,254.6300048828125,164260000
1988-05-27,254.6199951171875,254.6300048828125,252.74000549316406,253.4199981689453,133590000
1988-05-31,253.44000244140625,262.1600036621094,253.4199981689453,262.1600036621094,247610000
1988-06-01,262.1600036621094,267.42999267578125,262.1000061035156,266.69000244140625,234560000
1988-06-02,266.6499938964844,266.7099914550781,264.1199951171875,265.3299865722656,193540000
1988-06-03,265.3399963378906,267.1099853515625,264.4200134277344,266.45001220703125,189600000
1988-06-06,266.4599914550781,267.04998779296875,264.9700012207031,267.04998779296875,152460000
1988-06-07,267.0199890136719,267.2799987792969,264.5,265.1700134277344,168710000
1988-06-08,265.32000732421875,272.010009765625,265.1700134277344,271.5199890136719,310030000
1988-06-09,271.5,272.2900085449219,270.19000244140625,270.20001220703125,235160000
1988-06-10,270.2200012207031,273.2099914550781,270.20001220703125,271.260009765625,155710000
1988-06-13,271.2799987792969,271.94000244140625,270.5299987792969,271.42999267578125,125310000
1988-06-14,271.5799865722656,276.1400146484375,271.44000244140625,274.29998779296875,227150000
1988-06-15,274.2900085449219,274.45001220703125,272.75,274.45001220703125,150260000
1988-06-16,274.44000244140625,274.45001220703125,268.760009765625,269.7699890136719,161550000
1988-06-17,269.7900085449219,270.7699890136719,268.0899963378906,270.67999267578125,343920000
1988-06-20,270.6700134277344,270.67999267578125,268.5899963378906,268.94000244140625,116750000
1988-06-21,268.95001220703125,271.6700134277344,267.5199890136719,271.6700134277344,155060000
1988-06-22,271.69000244140625,276.8800048828125,271.6700134277344,275.6600036621094,217510000
1988-06-23,275.6199951171875,275.8900146484375,274.260009765625,274.82000732421875,185770000
1988-06-24,274.80999755859375,275.19000244140625,273.5299987792969,273.7799987792969,179880000
1988-06-27,273.7799987792969,273.7900085449219,268.8500061035156,269.05999755859375,264410000
1988-06-28,269.07000732421875,272.79998779296875,269.05999755859375,272.30999755859375,152370000
1988-06-29,272.32000732421875,273.010009765625,269.489990234375,270.9800109863281,159590000
1988-06-30,271.0,273.510009765625,270.9700012207031,273.5,227410000
1988-07-01,273.5,273.79998779296875,270.7799987792969,271.7799987792969,238330000
1988-07-05,271.7799987792969,275.80999755859375,270.510009765625,275.80999755859375,171790000
1988-07-06,275.79998779296875,276.3599853515625,269.9200134277344,272.0199890136719,189630000
1988-07-07,272.0,272.04998779296875,269.30999755859375,271.7799987792969,156100000
1988-07-08,271.760009765625,272.30999755859375,269.8599853515625,270.0199890136719,136070000
1988-07-11,270.0299987792969,271.6400146484375,270.0199890136719,270.54998779296875,123300000
1988-07-12,270.5400085449219,270.70001220703125,266.9599914550781,267.8500061035156,161650000
1988-07-13,267.8699951171875,269.4599914550781,266.1199951171875,269.32000732421875,218930000
1988-07-14,269.3299865722656,270.69000244140625,268.5799865722656,270.260009765625,172410000
1988-07-15,270.2300109863281,272.05999755859375,269.5299987792969,272.04998779296875,199710000
1988-07-18,271.989990234375,272.04998779296875,268.6600036621094,270.510009765625,156210000
1988-07-19,270.489990234375,271.2099914550781,267.010009765625,268.4700012207031,144110000
1988-07-20,268.5199890136719,270.239990234375,268.4700012207031,270.0,151990000
1988-07-21,269.989990234375,270.0,266.6600036621094,266.6600036621094,149460000
1988-07-22,266.6499938964844,266.6600036621094,263.2900085449219,263.5,148880000
1988-07-25,263.489990234375,265.1700134277344,263.0299987792969,264.67999267578125,215140000
1988-07-26,264.70001220703125,266.0899963378906,264.32000732421875,265.19000244140625,121960000
1988-07-27,265.17999267578125,265.8299865722656,262.4800109863281,262.5,135890000
1988-07-28,262.5199890136719,266.54998779296875,262.5,266.0199890136719,154570000
1988-07-29,266.0400085449219,272.0199890136719,266.0199890136719,272.0199890136719,192340000
1988-08-01,272.0299987792969,272.79998779296875,271.2099914550781,272.2099914550781,138170000
1988-08-02,272.19000244140625,273.67999267578125,270.3699951171875,272.05999755859375,166660000
1988-08-03,272.0299987792969,273.4200134277344,271.1499938964844,272.9800109863281,203590000
1988-08-04,273.0,274.20001220703125,271.7699890136719,271.92999267578125,157240000
1988-08-05,271.70001220703125,271.92999267578125,270.0799865722656,271.1499938964844,113400000
1988-08-08,271.1300048828125,272.4700012207031,269.92999267578125,269.9800109863281,148800000
1988-08-09,270.0,270.20001220703125,265.05999755859375,266.489990234375,200710000
1988-08-10,266.42999267578125,266.489990234375,261.0299987792969,261.8999938964844,200950000
1988-08-11,261.9200134277344,262.7699890136719,260.3399963378906,262.75,173000000
1988-08-12,262.70001220703125,262.94000244140625,261.3699951171875,262.54998779296875,176960000
1988-08-15,262.489990234375,262.54998779296875,258.67999267578125,258.69000244140625,128560000
1988-08-16,258.67999267578125,262.6099853515625,257.5,260.55999755859375,162790000
1988-08-17,260.57000732421875,261.8399963378906,259.3299865722656,260.7699890136719,169500000
1988-08-18,260.760009765625,262.760009765625,260.75,261.0299987792969,139820000
1988-08-19,261.04998779296875,262.2699890136719,260.2300109863281,260.239990234375,122370000
1988-08-22,260.239990234375,260.7099914550781,256.94000244140625,256.9800109863281,122250000
1988-08-23,256.989990234375,257.8599853515625,256.5299987792969,257.0899963378906,119540000
1988-08-24,257.1600036621094,261.1300048828125,257.0899963378906,261.1300048828125,127800000
1988-08-25,261.1000061035156,261.1300048828125,257.55999755859375,259.17999267578125,127640000
1988-08-26,259.17999267578125,260.1499938964844,258.8699951171875,259.67999267578125,89240000
1988-08-29,259.67999267578125,262.55999755859375,259.67999267578125,262.3299865722656,99280000
1988-08-30,262.3299865722656,263.17999267578125,261.5299987792969,262.510009765625,108720000
1988-08-31,262.510009765625,263.79998779296875,261.2099914550781,261.5199890136719,130480000
1988-09-01,261.5199890136719,261.5199890136719,256.9800109863281,258.3500061035156,144090000
1988-09-02,258.3500061035156,264.8999938964844,258.3500061035156,264.4800109863281,159840000
1988-09-06,264.4200134277344,265.94000244140625,264.3999938964844,265.5899963378906,122250000
1988-09-07,265.6199951171875,266.9800109863281,264.92999267578125,265.8699951171875,139590000
1988-09-08,265.8699951171875,266.5400085449219,264.8800048828125,265.8800048828125,149380000
1988-09-09,265.8800048828125,268.260009765625,263.6600036621094,266.8399963378906,141540000
1988-09-12,266.8500061035156,267.6400146484375,266.2200012207031,266.4700012207031,114880000
1988-09-13,266.45001220703125,267.42999267578125,265.2200012207031,267.42999267578125,162490000
1988-09-14,267.5,269.4700012207031,267.4100036621094,269.30999755859375,177220000
1988-09-15,269.29998779296875,269.7799987792969,268.0299987792969,268.1300048828125,161210000
1988-09-16,268.1300048828125,270.80999755859375,267.3299865722656,270.6499938964844,211110000
1988-09-19,270.6400146484375,270.6499938964844,267.4100036621094,268.82000732421875,135770000
1988-09-20,268.8299865722656,270.07000732421875,268.5,269.7300109863281,142220000
1988-09-21,269.760009765625,270.6400146484375,269.4800109863281,270.1600036621094,127400000
1988-09-22,270.19000244140625,270.5799865722656,268.260009765625,269.17999267578125,150670000
1988-09-23,269.1600036621094,270.30999755859375,268.2799987792969,269.760009765625,145100000
1988-09-26,269.7699890136719,269.79998779296875,268.6099853515625,268.8800048828125,116420000
1988-09-27,268.8900146484375,269.3599853515625,268.010009765625,268.260009765625,113010000
1988-09-28,268.2200012207031,269.0799865722656,267.7699890136719,269.0799865722656,113720000
1988-09-29,269.0899963378906,273.0199890136719,269.0799865722656,272.5899963378906,155790000
1988-09-30,272.54998779296875,274.8699951171875,271.6600036621094,271.9100036621094,175750000
1988-10-03,271.8900146484375,271.9100036621094,268.8399963378906,271.3800048828125,130380000
1988-10-04,271.3699951171875,271.7900085449219,270.3399963378906,270.6199951171875,157760000
1988-10-05,270.6300048828125,272.45001220703125,270.0799865722656,271.8599853515625,175130000
1988-10-06,271.8699951171875,272.3900146484375,271.29998779296875,272.3900146484375,153570000
1988-10-07,272.3800048828125,278.07000732421875,272.3699951171875,278.07000732421875,216390000
1988-10-10,278.05999755859375,278.69000244140625,277.1000061035156,278.239990234375,124660000
1988-10-11,278.1499938964844,278.239990234375,276.3299865722656,277.92999267578125,140900000
1988-10-12,277.9100036621094,277.92999267578125,273.04998779296875,273.9800109863281,154840000
1988-10-13,273.95001220703125,275.8299865722656,273.3900146484375,275.2200012207031,154530000
1988-10-14,275.2699890136719,277.010009765625,274.0799865722656,275.5,160240000
1988-10-17,275.4800109863281,276.6499938964844,275.010009765625,276.4100036621094,119290000
1988-10-18,276.42999267578125,279.3900146484375,276.4100036621094,279.3800048828125,162500000
1988-10-19,279.3999938964844,280.5299987792969,274.4100036621094,276.9700012207031,186350000
1988-10-20,276.9700012207031,282.8800048828125,276.92999267578125,282.8800048828125,189580000
1988-10-21,282.8800048828125,283.6600036621094,281.1600036621094,283.6600036621094,195410000
1988-10-24,283.6300048828125,283.95001220703125,282.2799987792969,282.2799987792969,170590000
1988-10-25,282.2799987792969,282.8399963378906,281.8699951171875,282.3800048828125,155190000
1988-10-26,282.3699951171875,282.5199890136719,280.5400085449219,281.3800048828125,181550000
1988-10-27,281.3500061035156,281.3800048828125,276.0,277.2799987792969,196540000
1988-10-28,277.2900085449219,279.4800109863281,277.2799987792969,278.5299987792969,146300000
1988-10-31,278.5400085449219,279.3900146484375,277.1400146484375,278.9700012207031,143460000
1988-11-01,278.9700012207031,279.57000732421875,278.010009765625,279.05999755859375,151250000
1988-11-02,279.07000732421875,279.45001220703125,277.0799865722656,279.05999755859375,161300000
1988-11-03,279.0400085449219,280.3699951171875,279.0400085449219,279.20001220703125,152980000
1988-11-04,279.1099853515625,279.20001220703125,276.30999755859375,276.30999755859375,143580000
1988-11-07,276.29998779296875,276.30999755859375,273.6199951171875,273.92999267578125,133870000
1988-11-08,273.95001220703125,275.79998779296875,273.92999267578125,275.1499938964844,141660000
1988-11-09,275.1400146484375,275.1499938964844,272.1499938964844,273.3299865722656,153140000
1988-11-10,273.32000732421875,274.3699951171875,272.9800109863281,273.69000244140625,128920000
1988-11-11,273.6499938964844,273.69000244140625,267.9200134277344,267.9200134277344,135500000
1988-11-14,267.92999267578125,269.25,266.7900085449219,267.7200012207031,142900000
1988-11-15,267.7300109863281,268.75,267.7200012207031,268.3399963378906,115170000
1988-11-16,268.4100036621094,268.4100036621094,262.8500061035156,263.82000732421875,161710000
1988-11-17,264.6099853515625,265.6300048828125,263.45001220703125,264.6000061035156,141280000
1988-11-18,264.6000061035156,266.6199951171875,264.6000061035156,266.4700012207031,119320000
1988-11-21,266.3500061035156,266.4700012207031,263.4100036621094,266.2200012207031,120430000
1988-11-22,266.19000244140625,267.8500061035156,265.4200134277344,267.2099914550781,127000000
1988-11-23,267.2200012207031,269.55999755859375,267.2099914550781,269.0,112010000
1988-11-25,268.989990234375,269.0,266.4700012207031,267.2300109863281,72090000
1988-11-28,267.2200012207031,268.9800109863281,266.9700012207031,268.6400146484375,123480000
1988-11-29,268.6000061035156,271.30999755859375,268.1300048828125,270.9100036621094,127420000
1988-11-30,270.9100036621094,274.3599853515625,270.8999938964844,273.70001220703125,157810000
1988-12-01,273.67999267578125,273.70001220703125,272.2699890136719,272.489990234375,129380000
1988-12-02,272.489990234375,272.489990234375,270.4700012207031,271.80999755859375,124610000
1988-12-05,274.92999267578125,275.6199951171875,271.80999755859375,274.92999267578125,144660000
1988-12-06,274.92999267578125,277.8900146484375,274.6199951171875,277.5899963378906,158340000
1988-12-07,277.5899963378906,279.010009765625,277.3399963378906,278.1300048828125,148360000
1988-12-08,278.1300048828125,278.1300048828125,276.54998779296875,276.5899963378906,124150000
1988-12-09,276.57000732421875,277.82000732421875,276.3399963378906,277.0299987792969,133770000
1988-12-12,277.0299987792969,278.82000732421875,276.5199890136719,276.5199890136719,124160000
1988-12-13,276.5199890136719,276.5199890136719,274.5799865722656,276.30999755859375,132340000
1988-12-14,276.30999755859375,276.30999755859375,274.5799865722656,275.30999755859375,132350000
1988-12-15,275.32000732421875,275.6199951171875,274.010009765625,274.2799987792969,136820000
1988-12-16,274.2799987792969,276.2900085449219,274.2799987792969,276.2900085449219,196480000
1988-12-19,276.2900085449219,279.30999755859375,275.6099853515625,278.9100036621094,162250000
1988-12-20,278.9100036621094,280.45001220703125,277.4700012207031,277.4700012207031,161090000
1988-12-21,277.4700012207031,277.8299865722656,276.29998779296875,277.3800048828125,147250000
1988-12-22,277.3800048828125,277.8900146484375,276.8599853515625,276.8699951171875,150510000
1988-12-23,276.8699951171875,277.989990234375,276.8699951171875,277.8699951171875,81760000
1988-12-27,277.8699951171875,278.0899963378906,276.739990234375,276.8299865722656,87490000
1988-12-28,276.8299865722656,277.54998779296875,276.1700134277344,277.0799865722656,110630000
1988-12-29,277.0799865722656,279.4200134277344,277.0799865722656,279.3999938964844,131290000
1988-12-30,279.3900146484375,279.7799987792969,277.7200012207031,277.7200012207031,127210000
1989-01-03,277.7200012207031,277.7200012207031,273.80999755859375,275.30999755859375,128500000
1989-01-04,275.30999755859375,279.75,275.30999755859375,279.42999267578125,149700000
1989-01-05,279.42999267578125,281.510009765625,279.42999267578125,280.010009765625,174040000
1989-01-06,280.010009765625,282.05999755859375,280.010009765625,280.6700134277344,161330000
1989-01-09,280.6700134277344,281.8900146484375,280.32000732421875,280.9800109863281,163180000
1989-01-10,280.9800109863281,281.5799865722656,279.44000244140625,280.3800048828125,140420000
1989-01-11,280.3800048828125,282.010009765625,280.2099914550781,282.010009765625,148950000
1989-01-12,282.010009765625,284.6300048828125,282.010009765625,283.1700134277344,183000000
1989-01-13,283.1700134277344,284.1199951171875,282.7099914550781,283.8699951171875,132320000
1989-01-16,283.8699951171875,284.8800048828125,283.6300048828125,284.1400146484375,117380000
1989-01-17,284.1400146484375,284.1400146484375,283.05999755859375,283.54998779296875,143930000
1989-01-18,283.54998779296875,286.8699951171875,282.6499938964844,286.5299987792969,187450000
1989-01-19,286.5299987792969,287.8999938964844,286.1400146484375,286.9100036621094,192030000
1989-01-20,286.8999938964844,287.0400085449219,285.75,286.6300048828125,166120000
1989-01-23,287.8500061035156,287.9800109863281,284.5,284.5,141640000
1989-01-24,284.5,288.489990234375,284.5,288.489990234375,189620000
1989-01-25,288.489990234375,289.1499938964844,287.9700012207031,289.1400146484375,183610000
1989-01-26,289.1400146484375,292.6199951171875,288.1300048828125,291.69000244140625,212250000
1989-01-27,291.69000244140625,296.0799865722656,291.69000244140625,293.82000732421875,254870000
1989-01-30,293.82000732421875,295.1300048828125,293.5400085449219,294.989990234375,167830000
1989-01-31,294.989990234375,297.510009765625,293.57000732421875,297.4700012207031,194050000
1989-02-01,297.4700012207031,298.3299865722656,296.2200012207031,297.0899963378906,215640000
1989-02-02,297.0899963378906,297.9200134277344,295.80999755859375,296.8399963378906,183430000
1989-02-03,296.8399963378906,297.6600036621094,296.1499938964844,296.9700012207031,172980000
1989-02-06,296.9700012207031,296.989990234375,294.9599914550781,296.0400085449219,150980000
1989-02-07,296.0400085449219,300.3399963378906,295.7799987792969,299.6300048828125,217260000
1989-02-08,299.6199951171875,300.57000732421875,298.4100036621094,298.6499938964844,189420000
1989-02-09,298.6499938964844,298.7900085449219,295.1600036621094,296.05999755859375,224220000
1989-02-10,296.05999755859375,296.05999755859375,291.9599914550781,292.0199890136719,173560000
1989-02-13,292.0199890136719,293.07000732421875,290.8800048828125,292.5400085449219,143520000
1989-02-14,292.5400085449219,294.3699951171875,291.4100036621094,291.80999755859375,150610000
1989-02-15,291.80999755859375,294.4200134277344,291.489990234375,294.239990234375,154220000
1989-02-16,294.239990234375,295.1499938964844,294.2200012207031,294.80999755859375,177450000
1989-02-17,294.80999755859375,297.1199951171875,294.69000244140625,296.760009765625,159520000
1989-02-21,296.760009765625,297.0400085449219,295.1600036621094,295.9800109863281,141950000
1989-02-22,295.9800109863281,295.9800109863281,290.760009765625,290.9100036621094,163140000
1989-02-23,290.9100036621094,292.04998779296875,289.8299865722656,292.04998779296875,150370000
1989-02-24,292.04998779296875,292.04998779296875,287.1300048828125,287.1300048828125,160680000
1989-02-27,287.1300048828125,288.1199951171875,286.260009765625,287.82000732421875,139900000
1989-02-28,287.82000732421875,289.4200134277344,287.6300048828125,288.8599853515625,147430000
1989-03-01,288.8599853515625,290.2799987792969,286.4599914550781,287.1099853515625,177210000
1989-03-02,287.1099853515625,290.32000732421875,287.1099853515625,289.95001220703125,161980000
1989-03-03,289.94000244140625,291.17999267578125,289.44000244140625,291.17999267578125,151790000
1989-03-06,291.20001220703125,294.80999755859375,291.17999267578125,294.80999755859375,168880000
1989-03-07,294.80999755859375,295.1600036621094,293.5,293.8699951171875,172500000
1989-03-08,293.8699951171875,295.6199951171875,293.510009765625,294.0799865722656,167620000
1989-03-09,294.0799865722656,294.69000244140625,293.8500061035156,293.92999267578125,143160000
1989-03-10,293.92999267578125,293.92999267578125,291.6000061035156,292.8800048828125,146830000
1989-03-13,292.8800048828125,296.17999267578125,292.8800048828125,295.32000732421875,140460000
1989-03-14,295.32000732421875,296.2900085449219,294.6300048828125,295.1400146484375,139970000
1989-03-15,295.1400146484375,296.7799987792969,295.1400146484375,296.6700134277344,167070000
1989-03-16,296.6700134277344,299.989990234375,296.6600036621094,299.44000244140625,196040000
1989-03-17,299.44000244140625,299.44000244140625,291.0799865722656,292.69000244140625,242900000
1989-03-20,292.69000244140625,292.69000244140625,288.55999755859375,289.9200134277344,151260000
1989-03-21,289.9200134277344,292.3800048828125,289.9200134277344,291.3299865722656,142010000
1989-03-22,291.3299865722656,291.4599914550781,289.8999938964844,290.489990234375,146570000
1989-03-23,290.489990234375,291.510009765625,288.55999755859375,288.9800109863281,153750000
1989-03-27,288.9800109863281,290.57000732421875,288.07000732421875,290.57000732421875,112960000
1989-03-28,290.57000732421875,292.32000732421875,290.57000732421875,291.5899963378906,146420000
1989-03-29,291.5899963378906,292.75,291.4200134277344,292.3500061035156,144240000
1989-03-30,292.3500061035156,293.79998779296875,291.5,292.5199890136719,159950000
1989-03-31,292.5199890136719,294.9599914550781,292.5199890136719,294.8699951171875,170960000
1989-04-03,294.8699951171875,297.0400085449219,294.6199951171875,296.3900146484375,164660000
1989-04-04,296.3999938964844,296.3999938964844,294.7200012207031,295.30999755859375,160680000
1989-04-05,295.30999755859375,296.42999267578125,295.2799987792969,296.239990234375,165880000
1989-04-06,296.2200012207031,296.239990234375,294.5199890136719,295.2900085449219,146530000
1989-04-07,295.2900085449219,297.6199951171875,294.3500061035156,297.1600036621094,156950000
1989-04-10,297.1600036621094,297.94000244140625,296.8500061035156,297.1099853515625,123990000
1989-04-11,297.1099853515625,298.8699951171875,297.1099853515625,298.489990234375,146830000
1989-04-12,298.489990234375,299.80999755859375,298.489990234375,298.989990234375,165200000
1989-04-13,298.989990234375,299.0,296.2699890136719,296.3999938964844,141590000
1989-04-14,296.3999938964844,301.3800048828125,296.3999938964844,301.3599853515625,169780000
1989-04-17,301.3599853515625,302.010009765625,300.7099914550781,301.7200012207031,128540000
1989-04-18,301.7200012207031,306.25,301.7200012207031,306.0199890136719,208650000
1989-04-19,306.0199890136719,307.67999267578125,305.3599853515625,307.1499938964844,191510000
1989-04-20,307.1499938964844,307.9599914550781,304.5299987792969,306.19000244140625,175970000
1989-04-21,306.19000244140625,309.6099853515625,306.19000244140625,309.6099853515625,187310000
1989-04-24,309.6099853515625,309.6099853515625,307.8299865722656,308.69000244140625,142100000
1989-04-25,308.69000244140625,309.6499938964844,306.739990234375,306.75,165430000
1989-04-26,306.7799987792969,307.29998779296875,306.07000732421875,306.92999267578125,146090000
1989-04-27,306.92999267578125,310.45001220703125,306.92999267578125,309.5799865722656,191170000
1989-04-28,309.5799865722656,309.6499938964844,308.4800109863281,309.6400146484375,158390000
1989-05-01,309.6400146484375,309.6400146484375,307.3999938964844,309.1199951171875,138050000
1989-05-02,309.1300048828125,310.45001220703125,308.1199951171875,308.1199951171875,172560000
1989-05-03,308.1199951171875,308.5199890136719,307.1099853515625,308.1600036621094,171690000
1989-05-04,308.1600036621094,308.3999938964844,307.32000732421875,307.7699890136719,153130000
1989-05-05,307.7699890136719,310.69000244140625,306.9800109863281,307.6099853515625,180810000
1989-05-08,307.6099853515625,307.6099853515625,304.739990234375,306.0,135130000
1989-05-09,306.0,306.989990234375,304.05999755859375,305.19000244140625,150090000
1989-05-10,305.19000244140625,306.25,304.8500061035156,305.79998779296875,146000000
1989-05-11,305.79998779296875,307.3399963378906,305.79998779296875,306.95001220703125,151620000
1989-05-12,306.95001220703125,313.8399963378906,306.95001220703125,313.8399963378906,221490000
1989-05-15,313.8399963378906,316.1600036621094,313.8399963378906,316.1600036621094,179350000
1989-05-16,316.1600036621094,316.1600036621094,314.989990234375,315.2799987792969,173100000
1989-05-17,315.2799987792969,317.94000244140625,315.1099853515625,317.4800109863281,191210000
1989-05-18,317.4800109863281,318.5199890136719,316.5400085449219,317.9700012207031,177480000
1989-05-19,317.9700012207031,321.3800048828125,317.9700012207031,321.239990234375,242410000
1989-05-22,321.239990234375,323.05999755859375,320.45001220703125,321.9800109863281,185010000
1989-05-23,321.9800109863281,321.9800109863281,318.20001220703125,318.32000732421875,187690000
1989-05-24,318.32000732421875,319.1400146484375,317.5799865722656,319.1400146484375,178600000
1989-05-25,319.1400146484375,319.6000061035156,318.4200134277344,319.1700134277344,154470000
1989-05-26,319.1700134277344,321.5899963378906,319.1400146484375,321.5899963378906,143120000
1989-05-30,321.5899963378906,322.5299987792969,317.8299865722656,319.04998779296875,151780000
1989-05-31,319.04998779296875,321.29998779296875,318.67999267578125,320.5199890136719,162530000
1989-06-01,320.510009765625,322.57000732421875,320.010009765625,321.9700012207031,223160000
1989-06-02,321.9700012207031,325.6300048828125,321.9700012207031,325.5199890136719,229140000
1989-06-05,325.5199890136719,325.92999267578125,322.0199890136719,322.0299987792969,163420000
1989-06-06,322.0299987792969,324.4800109863281,321.2699890136719,324.239990234375,187570000
1989-06-07,324.239990234375,327.3900146484375,324.239990234375,326.95001220703125,213710000
1989-06-08,326.95001220703125,327.3699951171875,325.9200134277344,326.75,212310000
1989-06-09,326.75,327.32000732421875,325.1600036621094,326.69000244140625,173240000
1989-06-12,326.69000244140625,326.69000244140625,323.7300109863281,326.239990234375,151460000
1989-06-13,326.239990234375,326.239990234375,322.9599914550781,323.9100036621094,164870000
1989-06-14,323.9100036621094,324.8900146484375,322.79998779296875,323.8299865722656,170540000
1989-06-15,323.8299865722656,323.8299865722656,319.2099914550781,320.0799865722656,179480000
1989-06-16,319.9599914550781,321.3599853515625,318.69000244140625,321.3500061035156,244510000
1989-06-19,321.3500061035156,321.8900146484375,320.3999938964844,321.8900146484375,130720000
1989-06-20,321.8900146484375,322.7799987792969,321.0299987792969,321.25,167650000
1989-06-21,321.25,321.8699951171875,319.25,320.4800109863281,168830000
1989-06-22,320.4800109863281,322.3399963378906,320.20001220703125,322.32000732421875,176510000
1989-06-23,322.32000732421875,328.0,322.32000732421875,328.0,198720000
1989-06-26,328.0,328.1499938964844,326.30999755859375,326.6000061035156,143600000
1989-06-27,326.6000061035156,329.19000244140625,326.5899963378906,328.44000244140625,171090000
1989-06-28,328.44000244140625,328.44000244140625,324.29998779296875,325.80999755859375,158470000
1989-06-29,325.80999755859375,325.80999755859375,319.5400085449219,319.67999267578125,167100000
1989-06-30,319.6700134277344,319.9700012207031,314.3800048828125,317.9800109863281,170490000
1989-07-03,317.9800109863281,319.2699890136719,317.2699890136719,319.2300109863281,68870000
1989-07-05,319.2300109863281,321.2200012207031,317.260009765625,320.6400146484375,127710000
1989-07-06,320.6400146484375,321.54998779296875,320.45001220703125,321.54998779296875,140450000
1989-07-07,321.54998779296875,325.8699951171875,321.0799865722656,324.9100036621094,166430000
1989-07-10,324.92999267578125,327.07000732421875,324.9100036621094,327.07000732421875,131870000
1989-07-11,327.07000732421875,330.4200134277344,327.07000732421875,328.7799987792969,171590000
1989-07-12,328.7799987792969,330.3900146484375,327.9200134277344,329.80999755859375,160550000
1989-07-13,329.80999755859375,330.3699951171875,329.0799865722656,329.95001220703125,153820000
1989-07-14,329.9599914550781,331.8900146484375,327.1300048828125,331.8399963378906,183480000
1989-07-17,331.7799987792969,333.0199890136719,331.0199890136719,332.44000244140625,131960000
1989-07-18,332.4200134277344,332.44000244140625,330.75,331.3500061035156,152350000
1989-07-19,331.3699951171875,335.7300109863281,331.3500061035156,335.7300109863281,215740000
1989-07-20,335.739990234375,337.3999938964844,333.2200012207031,333.510009765625,204590000
1989-07-21,333.5,335.9100036621094,332.4599914550781,335.8999938964844,174880000
1989-07-24,335.8999938964844,335.8999938964844,333.44000244140625,333.6700134277344,136260000
1989-07-25,333.6700134277344,336.2900085449219,332.6000061035156,333.8800048828125,179270000
1989-07-26,333.8800048828125,338.04998779296875,333.19000244140625,338.04998779296875,188270000
1989-07-27,338.04998779296875,342.0,338.04998779296875,341.989990234375,213680000
1989-07-28,341.94000244140625,342.9599914550781,341.29998779296875,342.1499938964844,180610000
1989-07-31,342.1300048828125,346.0799865722656,342.0199890136719,346.0799865722656,166650000
1989-08-01,346.0799865722656,347.989990234375,342.92999267578125,343.75,225280000
1989-08-02,343.75,344.3399963378906,342.4700012207031,344.3399963378906,181760000
1989-08-03,344.3399963378906,345.2200012207031,343.80999755859375,344.739990234375,168690000
1989-08-04,344.739990234375,345.4200134277344,342.6000061035156,343.9200134277344,169750000
1989-08-07,343.9200134277344,349.4200134277344,343.9100036621094,349.4100036621094,197580000
1989-08-08,349.4100036621094,349.8399963378906,348.2799987792969,349.3500061035156,200340000
1989-08-09,349.29998779296875,351.0,346.8599853515625,346.94000244140625,209900000
1989-08-10,346.94000244140625,349.7799987792969,345.30999755859375,348.25,198660000
1989-08-11,348.2799987792969,351.17999267578125,344.010009765625,344.739990234375,197550000
1989-08-14,344.7099914550781,345.44000244140625,341.9599914550781,343.05999755859375,142010000
1989-08-15,343.05999755859375,345.0299987792969,343.04998779296875,344.7099914550781,148770000
1989-08-16,344.7099914550781,346.3699951171875,344.7099914550781,345.6600036621094,150060000
1989-08-17,345.6600036621094,346.3900146484375,342.9700012207031,344.45001220703125,157560000
1989-08-18,344.45001220703125,346.0299987792969,343.8900146484375,346.0299987792969,145810000
1989-08-21,346.0299987792969,346.25,340.54998779296875,340.6700134277344,136800000
1989-08-22,340.6700134277344,341.25,339.0,341.19000244140625,141930000
1989-08-23,341.19000244140625,344.79998779296875,341.19000244140625,344.70001220703125,159640000
1989-08-24,344.70001220703125,351.5199890136719,344.70001220703125,351.5199890136719,225520000
1989-08-25,351.5199890136719,352.7300109863281,350.0899963378906,350.5199890136719,165930000
1989-08-28,350.5199890136719,352.0899963378906,349.0799865722656,352.0899963378906,131180000
1989-08-29,352.0899963378906,352.1199951171875,348.8599853515625,349.8399963378906,175210000
1989-08-30,349.8399963378906,352.2699890136719,348.6600036621094,350.6499938964844,174350000
1989-08-31,350.6499938964844,351.45001220703125,350.2099914550781,351.45001220703125,144820000
1989-09-01,351.45001220703125,353.8999938964844,350.8800048828125,353.7300109863281,133300000
1989-09-05,353.7300109863281,354.1300048828125,351.82000732421875,352.55999755859375,145180000
1989-09-06,352.55999755859375,352.55999755859375,347.9800109863281,349.239990234375,161800000
1989-09-07,349.239990234375,350.30999755859375,348.1499938964844,348.3500061035156,160160000
1989-09-08,348.3500061035156,349.17999267578125,345.739990234375,348.760009765625,154090000
1989-09-11,348.760009765625,348.760009765625,345.9100036621094,347.6600036621094,126020000
1989-09-12,347.6600036621094,349.4599914550781,347.5,348.70001220703125,142140000
1989-09-13,348.70001220703125,350.1000061035156,345.4599914550781,345.4599914550781,175330000
1989-09-14,345.4599914550781,345.6099853515625,342.54998779296875,343.1600036621094,149250000
1989-09-15,343.1600036621094,345.05999755859375,341.3699951171875,345.05999755859375,234860000
1989-09-18,345.05999755859375,346.8399963378906,344.6000061035156,346.7300109863281,136940000
1989-09-19,346.7300109863281,348.1700134277344,346.44000244140625,346.54998779296875,141610000
1989-09-20,346.54998779296875,347.2699890136719,346.17999267578125,346.4700012207031,136640000
1989-09-21,346.4700012207031,348.4599914550781,344.9599914550781,345.70001220703125,146930000
1989-09-22,345.70001220703125,347.57000732421875,345.69000244140625,347.04998779296875,133350000
1989-09-25,347.04998779296875,347.04998779296875,343.70001220703125,344.2300109863281,121130000
1989-09-26,344.2300109863281,347.0199890136719,344.1300048828125,344.3299865722656,158350000
1989-09-27,344.3299865722656,345.4700012207031,342.8500061035156,345.1000061035156,158400000
1989-09-28,345.1000061035156,348.6099853515625,345.1000061035156,348.6000061035156,164240000
1989-09-29,348.6000061035156,350.30999755859375,348.1199951171875,349.1499938964844,155300000
1989-10-02,349.1499938964844,350.989990234375,348.3500061035156,350.8699951171875,127410000
1989-10-03,350.8699951171875,354.7300109863281,350.8500061035156,354.7099914550781,182550000
1989-10-04,354.7099914550781,357.489990234375,354.7099914550781,356.94000244140625,194590000
1989-10-05,356.94000244140625,357.6300048828125,356.2799987792969,356.9700012207031,177890000
1989-10-06,356.9700012207031,359.04998779296875,356.9700012207031,358.7799987792969,172520000
1989-10-09,358.760009765625,359.8599853515625,358.05999755859375,359.79998779296875,86810000
1989-10-10,359.79998779296875,360.44000244140625,358.1099853515625,359.1300048828125,147560000
1989-10-11,359.1300048828125,359.1300048828125,356.0799865722656,356.989990234375,164070000
1989-10-12,356.989990234375,356.989990234375,354.9100036621094,355.3900146484375,160120000
1989-10-13,355.3900146484375,355.5299987792969,332.80999755859375,333.6499938964844,251170000
1989-10-16,333.6499938964844,342.8699951171875,327.1199951171875,342.8500061035156,416290000
1989-10-17,342.8399963378906,342.8500061035156,335.69000244140625,341.1600036621094,224070000
1989-10-18,341.1600036621094,343.3900146484375,339.0299987792969,341.760009765625,166900000
1989-10-19,341.760009765625,348.82000732421875,341.760009765625,347.1300048828125,198120000
1989-10-20,347.0400085449219,347.57000732421875,344.4700012207031,347.1600036621094,164830000
1989-10-23,347.1099853515625,348.19000244140625,344.2200012207031,344.8299865722656,135860000
1989-10-24,344.8299865722656,344.8299865722656,335.1300048828125,343.70001220703125,237960000
1989-10-25,343.70001220703125,344.510009765625,341.9599914550781,342.5,155650000
1989-10-26,342.5,342.5,337.20001220703125,337.92999267578125,175240000
1989-10-27,337.92999267578125,337.9700012207031,333.260009765625,335.05999755859375,170330000
1989-10-30,335.05999755859375,337.0400085449219,334.4800109863281,335.07000732421875,126630000
1989-10-31,335.0799865722656,340.8599853515625,335.07000732421875,340.3599853515625,176100000
1989-11-01,340.3599853515625,341.739990234375,339.7900085449219,341.20001220703125,154240000
1989-11-02,341.20001220703125,341.20001220703125,336.6099853515625,338.4800109863281,152440000
1989-11-03,338.4800109863281,339.6700134277344,337.3699951171875,337.6199951171875,131500000
1989-11-06,337.6099853515625,337.6199951171875,332.3299865722656,332.6099853515625,135480000
1989-11-07,332.6099853515625,334.82000732421875,330.9100036621094,334.80999755859375,163000000
1989-11-08,334.80999755859375,339.4100036621094,334.80999755859375,338.1499938964844,170150000
1989-11-09,338.1499938964844,338.7300109863281,336.2099914550781,336.57000732421875,143390000
1989-11-10,336.57000732421875,339.1000061035156,336.57000732421875,339.1000061035156,131800000
1989-11-13,339.0799865722656,340.510009765625,337.92999267578125,339.54998779296875,140750000
1989-11-14,339.54998779296875,340.4100036621094,337.05999755859375,337.989990234375,143170000
1989-11-15,338.0,340.5400085449219,337.1400146484375,340.5400085449219,155130000
1989-11-16,340.5400085449219,341.0199890136719,338.92999267578125,340.5799865722656,148370000
1989-11-17,340.5799865722656,342.239990234375,339.8500061035156,341.6099853515625,151020000
1989-11-20,341.6099853515625,341.8999938964844,338.2900085449219,339.3500061035156,128170000
1989-11-21,339.3500061035156,340.2099914550781,337.5299987792969,339.5899963378906,147900000
1989-11-22,339.5899963378906,341.9200134277344,339.5899963378906,341.9100036621094,145730000
1989-11-24,341.9200134277344,344.239990234375,341.9100036621094,343.9700012207031,86290000
1989-11-27,343.9800109863281,346.239990234375,343.9700012207031,345.6099853515625,149390000
1989-11-28,345.6099853515625,346.3299865722656,344.4100036621094,345.7699890136719,153770000
1989-11-29,345.7699890136719,345.7699890136719,343.3599853515625,343.6000061035156,147270000
1989-11-30,343.6000061035156,346.5,343.57000732421875,345.989990234375,153200000
1989-12-01,346.010009765625,351.8800048828125,345.989990234375,350.6300048828125,199200000
1989-12-04,350.6300048828125,351.510009765625,350.32000732421875,351.4100036621094,150360000
1989-12-05,351.4100036621094,352.239990234375,349.5799865722656,349.5799865722656,154640000
1989-12-06,349.5799865722656,349.94000244140625,347.9100036621094,348.54998779296875,145850000
1989-12-07,348.54998779296875,349.8399963378906,346.0,347.5899963378906,161980000
1989-12-08,347.6000061035156,349.6000061035156,347.5899963378906,348.69000244140625,144910000
1989-12-11,348.67999267578125,348.739990234375,346.3900146484375,348.55999755859375,147130000
1989-12-12,348.55999755859375,352.2099914550781,348.4100036621094,351.7300109863281,176820000
1989-12-13,351.70001220703125,354.1000061035156,351.6499938964844,352.75,184660000
1989-12-14,352.739990234375,352.75,350.0799865722656,350.92999267578125,178700000
1989-12-15,350.9700012207031,351.8599853515625,346.0799865722656,350.1400146484375,240390000
1989-12-18,350.1400146484375,350.8800048828125,342.19000244140625,343.69000244140625,184750000
1989-12-19,343.69000244140625,343.739990234375,339.6300048828125,342.4599914550781,186060000
1989-12-20,342.5,343.70001220703125,341.7900085449219,342.8399963378906,176520000
1989-12-21,342.8399963378906,345.0299987792969,342.8399963378906,344.7799987792969,175150000
1989-12-22,344.7799987792969,347.5299987792969,344.760009765625,347.4200134277344,120980000
1989-12-26,347.4200134277344,347.8699951171875,346.5299987792969,346.80999755859375,77610000
1989-12-27,346.8399963378906,349.1199951171875,346.80999755859375,348.80999755859375,133740000
1989-12-28,348.79998779296875,350.67999267578125,348.760009765625,350.6700134277344,128030000
1989-12-29,350.67999267578125,353.4100036621094,350.6700134277344,353.3999938964844,145940000
1990-01-02,353.3999938964844,359.69000244140625,351.9800109863281,359.69000244140625,162070000
1990-01-03,359.69000244140625,360.5899963378906,357.8900146484375,358.760009765625,192330000
1990-01-04,358.760009765625,358.760009765625,352.8900146484375,355.6700134277344,177000000
1990-01-05,355.6700134277344,355.6700134277344,351.3500061035156,352.20001220703125,158530000
1990-01-08,352.20001220703125,354.239990234375,350.5400085449219,353.7900085449219,140110000
1990-01-09,353.8299865722656,354.1700134277344,349.6099853515625,349.6199951171875,155210000
1990-01-10,349.6199951171875,349.6199951171875,344.32000732421875,347.30999755859375,175990000
1990-01-11,347.30999755859375,350.1400146484375,347.30999755859375,348.5299987792969,154390000
1990-01-12,348.5299987792969,348.5299987792969,339.489990234375,339.92999267578125,183880000
1990-01-15,339.92999267578125,339.94000244140625,336.57000732421875,337.0,140590000
1990-01-16,337.0,340.75,333.3699951171875,340.75,186070000
1990-01-17,340.7699890136719,342.010009765625,336.260009765625,337.3999938964844,170470000
1990-01-18,337.3999938964844,338.3800048828125,333.9800109863281,338.19000244140625,178590000
1990-01-19,338.19000244140625,340.4800109863281,338.19000244140625,339.1499938964844,185590000
1990-01-22,339.1400146484375,339.9599914550781,330.2799987792969,330.3800048828125,148380000
1990-01-23,330.3800048828125,332.760009765625,328.6700134277344,331.6099853515625,179300000
1990-01-24,331.6099853515625,331.7099914550781,324.1700134277344,330.260009765625,207830000
1990-01-25,330.260009765625,332.3299865722656,325.3299865722656,326.0799865722656,172270000
1990-01-26,326.0899963378906,328.5799865722656,321.44000244140625,325.79998779296875,198190000
1990-01-29,325.79998779296875,327.30999755859375,321.7900085449219,325.20001220703125,150770000
1990-01-30,325.20001220703125,325.7300109863281,319.8299865722656,322.9800109863281,186030000
1990-01-31,322.9800109863281,329.0799865722656,322.9800109863281,329.0799865722656,189660000
1990-02-01,329.0799865722656,329.8599853515625,327.760009765625,328.7900085449219,154580000
1990-02-02,328.7900085449219,332.1000061035156,328.0899963378906,330.9200134277344,164400000
1990-02-05,330.9200134277344,332.1600036621094,330.45001220703125,331.8500061035156,130950000
1990-02-06,331.8500061035156,331.8599853515625,328.20001220703125,329.6600036621094,134070000
1990-02-07,329.6600036621094,333.760009765625,326.54998779296875,333.75,186710000
1990-02-08,333.75,336.0899963378906,332.0,332.9599914550781,176240000
1990-02-09,333.0199890136719,334.6000061035156,332.4100036621094,333.6199951171875,146910000
1990-02-12,333.6199951171875,333.6199951171875,329.9700012207031,330.0799865722656,118390000
1990-02-13,330.0799865722656,331.6099853515625,327.9200134277344,331.0199890136719,144490000
1990-02-14,331.0199890136719,333.20001220703125,330.6400146484375,332.010009765625,138530000
1990-02-15,332.010009765625,335.2099914550781,331.6099853515625,334.8900146484375,174620000
1990-02-16,334.8900146484375,335.6400146484375,332.4200134277344,332.7200012207031,166840000
1990-02-20,332.7200012207031,332.7200012207031,326.260009765625,327.989990234375,147300000
1990-02-21,327.9100036621094,328.1700134277344,324.4700012207031,327.6700134277344,159240000
1990-02-22,327.6700134277344,330.9800109863281,325.70001220703125,325.70001220703125,184320000
1990-02-23,325.70001220703125,326.1499938964844,322.1000061035156,324.1499938964844,148490000
1990-02-26,324.1600036621094,328.6700134277344,323.9800109863281,328.6700134277344,148900000
1990-02-27,328.67999267578125,331.94000244140625,328.4700012207031,330.260009765625,152590000
1990-02-28,330.260009765625,333.4800109863281,330.1600036621094,331.8900146484375,184400000
1990-03-01,331.8900146484375,334.3999938964844,331.0799865722656,332.739990234375,157930000
1990-03-02,332.739990234375,335.5400085449219,332.7200012207031,335.5400085449219,164330000
1990-03-05,335.5400085449219,336.3800048828125,333.489990234375,333.739990234375,140110000
1990-03-06,333.739990234375,337.92999267578125,333.57000732421875,337.92999267578125,143640000
1990-03-07,337.92999267578125,338.8399963378906,336.3299865722656,336.95001220703125,163580000
1990-03-08,336.95001220703125,340.6600036621094,336.95001220703125,340.2699890136719,170900000
1990-03-09,340.1199951171875,340.2699890136719,336.8399963378906,337.92999267578125,150410000
1990-03-12,337.92999267578125,339.0799865722656,336.1400146484375,338.6700134277344,114790000
1990-03-13,338.6700134277344,338.6700134277344,335.3599853515625,336.0,145440000
1990-03-14,336.0,337.6300048828125,334.92999267578125,336.8699951171875,145060000
1990-03-15,336.8699951171875,338.9100036621094,336.8699951171875,338.07000732421875,144410000
1990-03-16,338.07000732421875,341.9100036621094,338.07000732421875,341.9100036621094,222520000
1990-03-19,341.9100036621094,343.760009765625,339.1199951171875,343.5299987792969,142300000
1990-03-20,343.5299987792969,344.489990234375,340.8699951171875,341.57000732421875,177320000
1990-03-21,341.57000732421875,342.3399963378906,339.55999755859375,339.739990234375,130990000
1990-03-22,339.739990234375,339.7699890136719,333.6199951171875,335.69000244140625,175930000
1990-03-23,335.69000244140625,337.5799865722656,335.69000244140625,337.2200012207031,132070000
1990-03-26,337.2200012207031,339.739990234375,337.2200012207031,337.6300048828125,116110000
1990-03-27,337.6300048828125,341.5,337.0299987792969,341.5,131610000
1990-03-28,341.5,342.5799865722656,340.6000061035156,342.0,142300000
1990-03-29,342.0,342.07000732421875,339.7699890136719,340.7900085449219,132190000
1990-03-30,340.7900085449219,341.4100036621094,338.2099914550781,339.94000244140625,139340000
1990-04-02,339.94000244140625,339.94000244140625,336.3299865722656,338.70001220703125,124360000
1990-04-03,338.70001220703125,343.760009765625,338.70001220703125,343.6400146484375,154310000
1990-04-04,343.6400146484375,344.1199951171875,340.3999938964844,341.0899963378906,159530000
1990-04-05,341.0899963378906,342.8500061035156,340.6300048828125,340.7300109863281,144170000
1990-04-06,340.7300109863281,341.7300109863281,338.94000244140625,340.0799865722656,137490000
1990-04-09,340.0799865722656,341.8299865722656,339.8800048828125,341.3699951171875,114970000
1990-04-10,341.3699951171875,342.4100036621094,340.6199951171875,342.07000732421875,136020000
1990-04-11,342.07000732421875,343.0,341.260009765625,341.9200134277344,141080000
1990-04-12,341.9200134277344,344.7900085449219,341.9100036621094,344.3399963378906,142470000
1990-04-16,344.3399963378906,347.29998779296875,344.1000061035156,344.739990234375,142810000
1990-04-17,344.739990234375,345.19000244140625,342.05999755859375,344.67999267578125,127990000
1990-04-18,344.67999267578125,345.3299865722656,340.1099853515625,340.7200012207031,147130000
1990-04-19,340.7200012207031,340.7200012207031,337.5899963378906,338.0899963378906,152930000
1990-04-20,338.0899963378906,338.5199890136719,333.4100036621094,335.1199951171875,174260000
1990-04-23,335.1199951171875,335.1199951171875,330.0899963378906,331.04998779296875,136150000
1990-04-24,331.04998779296875,332.9700012207031,329.7099914550781,330.3599853515625,137360000
1990-04-25,330.3599853515625,332.739990234375,330.3599853515625,332.0299987792969,133480000
1990-04-26,332.0299987792969,333.760009765625,330.6700134277344,332.9200134277344,141330000
1990-04-27,332.9200134277344,333.57000732421875,328.7099914550781,329.1099853515625,130630000
1990-04-30,329.1099853515625,331.30999755859375,327.760009765625,330.79998779296875,122750000
1990-05-01,330.79998779296875,332.8299865722656,330.79998779296875,332.25,149020000
1990-05-02,332.25,334.4800109863281,332.1499938964844,334.4800109863281,141610000
1990-05-03,334.4800109863281,337.0199890136719,334.4700012207031,335.57000732421875,145560000
1990-05-04,335.5799865722656,338.4599914550781,335.1700134277344,338.3900146484375,140550000
1990-05-07,338.3900146484375,341.07000732421875,338.1099853515625,340.5299987792969,132760000
1990-05-08,340.5299987792969,342.0299987792969,340.1700134277344,342.010009765625,144230000
1990-05-09,342.010009765625,343.0799865722656,340.8999938964844,342.8599853515625,152220000
1990-05-10,342.8699951171875,344.9800109863281,342.7699890136719,343.82000732421875,158460000
1990-05-11,343.82000732421875,352.30999755859375,343.82000732421875,352.0,234040000
1990-05-14,352.0,358.4100036621094,351.95001220703125,354.75,225410000
1990-05-15,354.75,355.0899963378906,352.8399963378906,354.2799987792969,165730000
1990-05-16,354.2699890136719,354.67999267578125,351.95001220703125,354.0,159810000
1990-05-17,354.0,356.9200134277344,354.0,354.4700012207031,164770000
1990-05-18,354.4700012207031,354.6400146484375,352.5199890136719,354.6400146484375,162520000
1990-05-21,354.6400146484375,359.07000732421875,353.7799987792969,358.0,166280000
1990-05-22,358.0,360.5,356.0899963378906,358.42999267578125,203350000
1990-05-23,358.42999267578125,359.2900085449219,356.989990234375,359.2900085449219,172330000
1990-05-24,359.2900085449219,359.55999755859375,357.8699951171875,358.4100036621094,155140000
1990-05-25,358.4100036621094,358.4100036621094,354.32000732421875,354.5799865722656,120250000
1990-05-29,354.5799865722656,360.6499938964844,354.54998779296875,360.6499938964844,137410000
1990-05-30,360.6499938964844,362.260009765625,360.0,360.8599853515625,199540000
1990-05-31,360.8599853515625,361.8399963378906,360.2300109863281,361.2300109863281,165690000
1990-06-01,361.260009765625,363.5199890136719,361.2099914550781,363.1600036621094,187860000
1990-06-04,363.1600036621094,367.8500061035156,362.42999267578125,367.3999938964844,175520000
1990-06-05,367.3999938964844,368.7799987792969,365.489990234375,366.6400146484375,199720000
1990-06-06,366.6400146484375,366.6400146484375,364.4200134277344,364.9599914550781,164030000
1990-06-07,365.9200134277344,365.9200134277344,361.6000061035156,363.1499938964844,160360000
1990-06-08,363.1499938964844,363.489990234375,357.67999267578125,358.7099914550781,142600000
1990-06-11,358.7099914550781,361.6300048828125,357.70001220703125,361.6300048828125,119550000
1990-06-12,361.6300048828125,367.2699890136719,361.1499938964844,366.25,157100000
1990-06-13,366.25,367.0899963378906,364.510009765625,364.8999938964844,158910000
1990-06-14,364.8999938964844,364.8999938964844,361.6400146484375,362.8999938964844,135770000
1990-06-15,362.8900146484375,363.1400146484375,360.7099914550781,362.9100036621094,205130000
1990-06-18,362.9100036621094,362.9100036621094,356.8800048828125,356.8800048828125,133470000
1990-06-19,356.8800048828125,358.8999938964844,356.17999267578125,358.4700012207031,134930000
1990-06-20,358.4700012207031,359.9100036621094,357.0,359.1000061035156,137420000
1990-06-21,359.1000061035156,360.8800048828125,357.6300048828125,360.4700012207031,138570000
1990-06-22,360.5199890136719,363.20001220703125,355.30999755859375,355.42999267578125,172570000
1990-06-25,355.4200134277344,356.4100036621094,351.9100036621094,352.30999755859375,133100000
1990-06-26,352.32000732421875,356.0899963378906,351.8500061035156,352.05999755859375,141420000
1990-06-27,352.05999755859375,355.8900146484375,351.2300109863281,355.1400146484375,146620000
1990-06-28,355.1600036621094,357.6300048828125,355.1600036621094,357.6300048828125,136120000
1990-06-29,357.6400146484375,359.0899963378906,357.29998779296875,358.0199890136719,145510000
1990-07-02,358.0199890136719,359.5799865722656,357.5400085449219,359.5400085449219,130200000
1990-07-03,359.5400085449219,360.7300109863281,359.44000244140625,360.1600036621094,130050000
1990-07-05,360.1600036621094,360.1600036621094,354.8599853515625,355.67999267578125,128320000
1990-07-06,355.69000244140625,359.0199890136719,354.6400146484375,358.4200134277344,111730000
1990-07-09,358.4200134277344,360.04998779296875,358.1099853515625,359.5199890136719,119390000
1990-07-10,359.5199890136719,359.739990234375,356.4100036621094,356.489990234375,147630000
1990-07-11,356.489990234375,361.2300109863281,356.489990234375,361.2300109863281,162220000
1990-07-12,361.2300109863281,365.4599914550781,360.57000732421875,365.44000244140625,213180000
1990-07-13,365.45001220703125,369.67999267578125,365.45001220703125,367.30999755859375,215600000
1990-07-16,367.30999755859375,369.7799987792969,367.30999755859375,368.95001220703125,149430000
1990-07-17,368.95001220703125,369.3999938964844,364.989990234375,367.5199890136719,176790000
1990-07-18,367.5199890136719,367.5199890136719,362.95001220703125,364.2200012207031,168760000
1990-07-19,364.2200012207031,365.32000732421875,361.2900085449219,365.32000732421875,161990000
1990-07-20,365.32000732421875,366.6400146484375,361.5799865722656,361.6099853515625,177810000
1990-07-23,361.6099853515625,361.6099853515625,350.0899963378906,355.30999755859375,209030000
1990-07-24,355.30999755859375,356.0899963378906,351.4599914550781,355.7900085449219,181920000
1990-07-25,355.7900085449219,357.5199890136719,354.79998779296875,357.0899963378906,163530000
1990-07-26,357.0899963378906,357.4700012207031,353.95001220703125,355.9100036621094,155040000
1990-07-27,355.8999938964844,355.94000244140625,352.1400146484375,353.44000244140625,149070000
1990-07-30,353.44000244140625,355.54998779296875,351.1499938964844,355.54998779296875,146470000
1990-07-31,355.54998779296875,357.5400085449219,353.9100036621094,356.1499938964844,175380000
1990-08-01,356.1499938964844,357.3500061035156,353.82000732421875,355.5199890136719,178260000
1990-08-02,355.5199890136719,355.5199890136719,349.7300109863281,351.4800109863281,253090000
1990-08-03,351.4800109863281,351.4800109863281,338.20001220703125,344.8599853515625,295880000
1990-08-06,344.8599853515625,344.8599853515625,333.2699890136719,334.42999267578125,240400000
1990-08-07,334.42999267578125,338.6300048828125,332.2200012207031,334.8299865722656,231580000
1990-08-08,334.8299865722656,339.2099914550781,334.8299865722656,338.3500061035156,190400000
1990-08-09,338.3500061035156,340.55999755859375,337.55999755859375,339.94000244140625,155810000
1990-08-10,339.8999938964844,339.8999938964844,334.2200012207031,335.5199890136719,145340000
1990-08-13,335.3900146484375,338.8800048828125,332.0199890136719,338.8399963378906,122820000
1990-08-14,338.8399963378906,340.9599914550781,337.19000244140625,339.3900146484375,130320000
1990-08-15,339.3900146484375,341.9200134277344,339.3800048828125,340.05999755859375,136710000
1990-08-16,340.05999755859375,340.05999755859375,332.3900146484375,332.3900146484375,138850000
1990-08-17,332.3599853515625,332.3599853515625,324.6300048828125,327.8299865722656,212560000
1990-08-20,327.8299865722656,329.8999938964844,327.07000732421875,328.510009765625,129630000
1990-08-21,328.510009765625,328.510009765625,318.7799987792969,321.8599853515625,194630000
1990-08-22,321.8599853515625,324.1499938964844,316.54998779296875,316.54998779296875,175550000
1990-08-23,316.54998779296875,316.54998779296875,306.55999755859375,307.05999755859375,250440000
1990-08-24,307.05999755859375,311.6499938964844,306.17999267578125,311.510009765625,199040000
1990-08-27,311.54998779296875,323.1099853515625,311.54998779296875,321.44000244140625,160150000
1990-08-28,321.44000244140625,322.20001220703125,320.25,321.3399963378906,127660000
1990-08-29,321.3399963378906,325.8299865722656,320.8699951171875,324.19000244140625,134240000
1990-08-30,324.19000244140625,324.57000732421875,317.82000732421875,318.7099914550781,120890000
1990-08-31,318.7099914550781,322.57000732421875,316.5899963378906,322.55999755859375,96480000
1990-09-04,322.55999755859375,323.0899963378906,319.1099853515625,323.0899963378906,92940000
1990-09-05,323.0899963378906,324.5199890136719,320.989990234375,324.3900146484375,120610000
1990-09-06,324.3900146484375,324.3900146484375,319.3699951171875,320.4599914550781,125620000
1990-09-07,320.4599914550781,324.17999267578125,319.7099914550781,323.3999938964844,123800000
1990-09-10,323.4200134277344,326.5299987792969,320.30999755859375,321.6300048828125,119730000
1990-09-11,321.6300048828125,322.17999267578125,319.6000061035156,321.0400085449219,113220000
1990-09-12,321.0400085449219,322.54998779296875,319.6000061035156,322.5400085449219,129890000
1990-09-13,322.510009765625,322.510009765625,318.0199890136719,318.6499938964844,123390000
1990-09-14,318.6499938964844,318.6499938964844,314.760009765625,316.8299865722656,133390000
1990-09-17,316.8299865722656,318.04998779296875,315.2099914550781,317.7699890136719,110600000
1990-09-18,317.7699890136719,318.8500061035156,314.2699890136719,318.6000061035156,141130000
1990-09-19,318.6000061035156,319.3500061035156,316.25,316.6000061035156,147530000
1990-09-20,316.6000061035156,316.6000061035156,310.54998779296875,311.4800109863281,145100000
1990-09-21,311.5299987792969,312.1700134277344,307.9800109863281,311.32000732421875,201050000
1990-09-24,311.29998779296875,311.29998779296875,303.5799865722656,304.5899963378906,164070000
1990-09-25,305.4599914550781,308.2699890136719,304.2300109863281,308.260009765625,155940000
1990-09-26,308.260009765625,308.2799987792969,303.04998779296875,305.05999755859375,155570000
1990-09-27,305.05999755859375,307.4700012207031,299.1000061035156,300.9700012207031,182690000
1990-09-28,300.9700012207031,306.04998779296875,295.9800109863281,306.04998779296875,201010000
1990-10-01,306.1000061035156,314.94000244140625,306.1000061035156,314.94000244140625,202210000
1990-10-02,314.94000244140625,319.69000244140625,314.94000244140625,315.2099914550781,188360000
1990-10-03,315.2099914550781,316.260009765625,310.70001220703125,311.3999938964844,135490000
1990-10-04,311.3999938964844,313.3999938964844,308.5899963378906,312.69000244140625,145410000
1990-10-05,312.69000244140625,314.7900085449219,305.760009765625,311.5,153380000
1990-10-08,311.5,315.0299987792969,311.5,313.4800109863281,99470000
1990-10-09,313.4599914550781,313.4599914550781,305.0899963378906,305.1000061035156,145610000
1990-10-10,305.0899963378906,306.42999267578125,299.2099914550781,300.3900146484375,169190000
1990-10-11,300.3900146484375,301.45001220703125,294.510009765625,295.4599914550781,180060000
1990-10-12,295.45001220703125,301.67999267578125,295.2200012207031,300.0299987792969,187940000
1990-10-15,300.0299987792969,304.7900085449219,296.4100036621094,303.2300109863281,164980000
1990-10-16,303.2300109863281,304.3399963378906,298.1199951171875,298.9200134277344,149570000
1990-10-17,298.9200134277344,301.5,297.7900085449219,298.760009765625,161260000
1990-10-18,298.75,305.739990234375,298.75,305.739990234375,204110000
1990-10-19,305.739990234375,312.4800109863281,305.739990234375,312.4800109863281,221480000
1990-10-22,312.4800109863281,315.8299865722656,310.4700012207031,314.760009765625,152650000
1990-10-23,314.760009765625,315.05999755859375,312.05999755859375,312.3599853515625,146300000
1990-10-24,312.3599853515625,313.510009765625,310.739990234375,312.6000061035156,149290000
1990-10-25,312.6000061035156,313.7099914550781,309.70001220703125,310.1700134277344,141460000
1990-10-26,310.1700134277344,310.1700134277344,304.7099914550781,304.7099914550781,130190000
1990-10-29,304.739990234375,307.4100036621094,300.69000244140625,301.8800048828125,133980000
1990-10-30,301.8800048828125,304.3599853515625,299.44000244140625,304.05999755859375,153450000
1990-10-31,304.05999755859375,305.70001220703125,302.3299865722656,304.0,156060000
1990-11-01,303.989990234375,307.2699890136719,301.6099853515625,307.0199890136719,159270000
1990-11-02,307.0199890136719,311.94000244140625,306.8800048828125,311.8500061035156,168700000
1990-11-05,311.8500061035156,314.6099853515625,311.4100036621094,314.5899963378906,147510000
1990-11-06,314.5899963378906,314.760009765625,311.42999267578125,311.6199951171875,142660000
1990-11-07,311.6199951171875,311.6199951171875,305.7900085449219,306.010009765625,149130000
1990-11-08,306.010009765625,309.7699890136719,305.0299987792969,307.6099853515625,155570000
1990-11-09,307.6099853515625,313.7799987792969,307.6099853515625,313.739990234375,145160000
1990-11-12,313.739990234375,319.7699890136719,313.7300109863281,319.4800109863281,161390000
1990-11-13,319.4800109863281,319.4800109863281,317.260009765625,317.6700134277344,160240000
1990-11-14,317.6600036621094,321.70001220703125,317.2300109863281,320.3999938964844,179310000
1990-11-15,320.3999938964844,320.3999938964844,316.1300048828125,317.0199890136719,151370000
1990-11-16,317.0199890136719,318.79998779296875,314.989990234375,317.1199951171875,165440000
1990-11-19,317.1499938964844,319.3900146484375,317.1499938964844,319.3399963378906,140950000
1990-11-20,319.3399963378906,319.3399963378906,315.30999755859375,315.30999755859375,161170000
1990-11-21,315.30999755859375,316.1499938964844,312.4200134277344,316.0299987792969,140660000
1990-11-23,316.0299987792969,317.29998779296875,315.05999755859375,315.1000061035156,63350000
1990-11-26,315.0799865722656,316.510009765625,311.4800109863281,316.510009765625,131540000
1990-11-27,316.510009765625,318.69000244140625,315.79998779296875,318.1000061035156,147590000
1990-11-28,318.1099853515625,319.9599914550781,317.6199951171875,317.95001220703125,145490000
1990-11-29,317.95001220703125,317.95001220703125,315.0299987792969,316.4200134277344,140920000
1990-11-30,316.4200134277344,323.0199890136719,315.4200134277344,322.2200012207031,192350000
1990-12-03,322.2300109863281,324.8999938964844,322.2300109863281,324.1000061035156,177000000
1990-12-04,324.1099853515625,326.7699890136719,321.9700012207031,326.3500061035156,185820000
1990-12-05,326.3599853515625,329.9200134277344,325.6600036621094,329.9200134277344,205820000
1990-12-06,329.94000244140625,333.9800109863281,328.3699951171875,329.07000732421875,256380000
1990-12-07,329.0899963378906,329.3900146484375,326.3900146484375,327.75,164950000
1990-12-10,327.75,328.9700012207031,326.1499938964844,328.8900146484375,138650000
1990-12-11,328.8800048828125,328.8800048828125,325.6499938964844,326.44000244140625,145330000
1990-12-12,326.44000244140625,330.3599853515625,326.44000244140625,330.19000244140625,182270000
1990-12-13,330.1400146484375,330.5799865722656,328.7699890136719,329.3399963378906,162110000
1990-12-14,329.3399963378906,329.3399963378906,325.1600036621094,326.82000732421875,151010000
1990-12-17,326.82000732421875,326.82000732421875,324.4599914550781,326.0199890136719,118560000
1990-12-18,326.0199890136719,330.42999267578125,325.75,330.04998779296875,176460000
1990-12-19,330.0400085449219,330.79998779296875,329.3900146484375,330.20001220703125,180380000
1990-12-20,330.20001220703125,330.739990234375,326.94000244140625,330.1199951171875,174700000
1990-12-21,330.1199951171875,332.4700012207031,330.1199951171875,331.75,233400000
1990-12-24,331.739990234375,331.739990234375,329.1600036621094,329.8999938964844,57200000
1990-12-26,329.8900146484375,331.69000244140625,329.8900146484375,330.8500061035156,78730000
1990-12-27,330.8500061035156,331.0400085449219,328.2300109863281,328.2900085449219,102900000
1990-12-28,328.2900085449219,328.7200012207031,327.239990234375,328.7200012207031,111030000
1990-12-31,328.7099914550781,330.2300109863281,327.5,330.2200012207031,114130000
1991-01-02,330.20001220703125,330.75,326.45001220703125,326.45001220703125,126280000
1991-01-03,326.4599914550781,326.5299987792969,321.8999938964844,321.9100036621094,141450000
1991-01-04,321.9100036621094,322.3500061035156,318.8699951171875,321.0,140820000
1991-01-07,320.9700012207031,320.9700012207031,315.44000244140625,315.44000244140625,130610000
1991-01-08,315.44000244140625,316.9700012207031,313.7900085449219,314.8999938964844,143390000
1991-01-09,314.8999938964844,320.7300109863281,310.92999267578125,311.489990234375,191100000
1991-01-10,311.510009765625,314.7699890136719,311.510009765625,314.5299987792969,124510000
1991-01-11,314.5299987792969,315.239990234375,313.5899963378906,315.2300109863281,123050000
1991-01-14,315.2300109863281,315.2300109863281,309.3500061035156,312.489990234375,120830000
1991-01-15,312.489990234375,313.7300109863281,311.8399963378906,313.7300109863281,110000000
1991-01-16,313.7300109863281,316.94000244140625,312.94000244140625,316.1700134277344,134560000
1991-01-17,316.25,327.9700012207031,316.25,327.9700012207031,319080000
1991-01-18,327.92999267578125,332.2300109863281,327.0799865722656,332.2300109863281,226770000
1991-01-21,332.2300109863281,332.2300109863281,328.8699951171875,331.05999755859375,136290000
1991-01-22,331.05999755859375,331.260009765625,327.8299865722656,328.30999755859375,177060000
1991-01-23,328.29998779296875,331.0400085449219,327.92999267578125,330.2099914550781,168620000
1991-01-24,330.2099914550781,335.8299865722656,330.19000244140625,334.7799987792969,223150000
1991-01-25,334.7799987792969,336.9200134277344,334.20001220703125,336.07000732421875,194350000
1991-01-28,336.05999755859375,337.4100036621094,335.80999755859375,336.0299987792969,141270000
1991-01-29,336.0299987792969,336.0299987792969,334.260009765625,335.8399963378906,155740000
1991-01-30,335.79998779296875,340.9100036621094,335.7099914550781,340.9100036621094,226790000
1991-01-31,340.9200134277344,343.92999267578125,340.4700012207031,343.92999267578125,204520000
1991-02-01,343.9100036621094,344.8999938964844,340.3699951171875,343.04998779296875,246670000
1991-02-04,343.04998779296875,348.7099914550781,342.9599914550781,348.3399963378906,250750000
1991-02-05,348.3399963378906,351.8399963378906,347.2099914550781,351.260009765625,290570000
1991-02-06,351.260009765625,358.07000732421875,349.5799865722656,358.07000732421875,276940000
1991-02-07,358.07000732421875,363.42999267578125,355.5299987792969,356.5199890136719,292190000
1991-02-08,356.5199890136719,359.3500061035156,356.0199890136719,359.3500061035156,187830000
1991-02-11,359.3599853515625,368.5799865722656,359.32000732421875,368.5799865722656,265350000
1991-02-12,368.5799865722656,370.5400085449219,365.5,365.5,256160000
1991-02-13,365.5,369.489990234375,364.6400146484375,369.0199890136719,209960000
1991-02-14,369.0199890136719,370.260009765625,362.7699890136719,364.2200012207031,230750000
1991-02-15,364.2300109863281,369.489990234375,364.2300109863281,369.05999755859375,228480000
1991-02-19,369.05999755859375,370.1099853515625,367.04998779296875,369.3900146484375,189900000
1991-02-20,369.3699951171875,369.3699951171875,364.3800048828125,365.1400146484375,185680000
1991-02-21,365.1400146484375,366.7900085449219,364.5,364.9700012207031,180770000
1991-02-22,364.9700012207031,370.9599914550781,364.2300109863281,365.6499938964844,218760000
1991-02-25,365.6499938964844,370.19000244140625,365.1600036621094,367.260009765625,193820000
1991-02-26,367.260009765625,367.260009765625,362.19000244140625,362.80999755859375,164170000
1991-02-27,362.80999755859375,368.3800048828125,362.80999755859375,367.739990234375,211410000
1991-02-28,367.7300109863281,369.9100036621094,365.95001220703125,367.07000732421875,223010000
1991-03-01,367.07000732421875,370.4700012207031,363.7300109863281,370.4700012207031,221510000
1991-03-04,370.4700012207031,371.989990234375,369.07000732421875,369.3299865722656,199830000
1991-03-05,369.3299865722656,377.8900146484375,369.3299865722656,376.7200012207031,253700000
1991-03-06,376.7200012207031,379.6600036621094,375.0199890136719,376.1700134277344,262290000
1991-03-07,376.1600036621094,377.489990234375,375.5799865722656,375.9100036621094,197060000
1991-03-08,375.9100036621094,378.69000244140625,374.42999267578125,374.95001220703125,206850000
1991-03-11,374.94000244140625,375.1000061035156,372.5199890136719,372.9599914550781,161600000
1991-03-12,372.9599914550781,374.3500061035156,369.54998779296875,370.0299987792969,176440000
1991-03-13,370.0299987792969,374.6499938964844,370.0299987792969,374.57000732421875,176000000
1991-03-14,374.5899963378906,378.2799987792969,371.760009765625,373.5,232070000
1991-03-15,373.5,374.5799865722656,370.2099914550781,373.5899963378906,237650000
1991-03-18,373.5899963378906,374.0899963378906,369.4599914550781,372.1099853515625,163100000
1991-03-19,372.1099853515625,372.1099853515625,366.5400085449219,366.5899963378906,177070000
1991-03-20,366.5899963378906,368.8500061035156,365.79998779296875,367.9200134277344,196810000
1991-03-21,367.94000244140625,371.010009765625,366.510009765625,366.5799865722656,199830000
1991-03-22,366.5799865722656,368.2200012207031,365.5799865722656,367.4800109863281,160890000
1991-03-25,367.4800109863281,371.30999755859375,367.4599914550781,369.8299865722656,153920000
1991-03-26,369.8299865722656,376.29998779296875,369.3699951171875,376.29998779296875,198720000
1991-03-27,376.2799987792969,378.4800109863281,374.7300109863281,375.3500061035156,201830000
1991-03-28,375.3500061035156,376.6000061035156,374.3999938964844,375.2200012207031,150750000
1991-04-01,375.2200012207031,375.2200012207031,370.2699890136719,371.29998779296875,144010000
1991-04-02,371.29998779296875,379.5,371.29998779296875,379.5,189530000
1991-04-03,379.5,381.55999755859375,378.489990234375,378.94000244140625,213720000
1991-04-04,378.94000244140625,381.8800048828125,377.04998779296875,379.7699890136719,198120000
1991-04-05,379.7799987792969,381.1199951171875,374.1499938964844,375.3599853515625,187410000
1991-04-08,375.3500061035156,378.760009765625,374.69000244140625,378.6600036621094,138580000
1991-04-09,378.6499938964844,379.0199890136719,373.1099853515625,373.55999755859375,169940000
1991-04-10,373.57000732421875,374.8299865722656,371.2099914550781,373.1499938964844,167940000
1991-04-11,373.1499938964844,379.5299987792969,373.1499938964844,377.6300048828125,196570000
1991-04-12,377.6499938964844,381.07000732421875,376.8900146484375,380.3999938964844,198610000
1991-04-15,380.3999938964844,382.32000732421875,378.7799987792969,381.19000244140625,161800000
1991-04-16,381.19000244140625,387.6199951171875,379.6400146484375,387.6199951171875,214480000
1991-04-17,387.6199951171875,391.260009765625,387.29998779296875,390.45001220703125,246930000
1991-04-18,390.45001220703125,390.9700012207031,388.1300048828125,388.4599914550781,217410000
1991-04-19,388.4599914550781,388.4599914550781,383.8999938964844,384.20001220703125,195520000
1991-04-22,384.19000244140625,384.19000244140625,380.1600036621094,380.95001220703125,164410000
1991-04-23,380.95001220703125,383.54998779296875,379.6700134277344,381.760009765625,167840000
1991-04-24,381.760009765625,383.0199890136719,379.989990234375,382.760009765625,166800000
1991-04-25,382.8900146484375,382.8900146484375,378.42999267578125,379.25,166940000
1991-04-26,379.25,380.1099853515625,376.7699890136719,379.0199890136719,154550000
1991-04-29,379.010009765625,380.9599914550781,373.6600036621094,373.6600036621094,149860000
1991-04-30,373.6600036621094,377.8599853515625,373.010009765625,375.3399963378906,206230000
1991-05-01,375.3500061035156,380.4599914550781,375.2699890136719,380.2900085449219,181900000
1991-05-02,380.2900085449219,382.1400146484375,379.82000732421875,380.5199890136719,187090000
1991-05-03,380.5199890136719,381.0,378.82000732421875,380.79998779296875,158150000
1991-05-06,380.7799987792969,380.7799987792969,377.8599853515625,380.0799865722656,129110000
1991-05-07,380.0799865722656,380.9100036621094,377.30999755859375,377.32000732421875,153290000
1991-05-08,377.3299865722656,379.260009765625,376.2099914550781,378.510009765625,157240000
1991-05-09,378.510009765625,383.55999755859375,378.510009765625,383.25,180460000
1991-05-10,383.260009765625,383.9100036621094,375.6099853515625,375.739990234375,172730000
1991-05-13,375.739990234375,377.0199890136719,374.6199951171875,376.760009765625,129620000
1991-05-14,375.510009765625,375.5299987792969,370.82000732421875,371.6199951171875,207890000
1991-05-15,371.54998779296875,372.4700012207031,365.8299865722656,368.57000732421875,193110000
1991-05-16,368.57000732421875,372.510009765625,368.57000732421875,372.19000244140625,154460000
1991-05-17,372.19000244140625,373.010009765625,369.44000244140625,372.3900146484375,174210000
1991-05-20,372.3900146484375,373.6499938964844,371.260009765625,372.2799987792969,109510000
1991-05-21,372.2799987792969,376.6600036621094,372.2799987792969,375.3500061035156,176620000
1991-05-22,375.3500061035156,376.5,374.3999938964844,376.19000244140625,159310000
1991-05-23,376.19000244140625,378.07000732421875,373.54998779296875,374.9599914550781,173080000
1991-05-24,374.9700012207031,378.0799865722656,374.9700012207031,377.489990234375,124640000
1991-05-28,377.489990234375,382.1000061035156,377.1199951171875,381.94000244140625,162350000
1991-05-29,381.94000244140625,383.6600036621094,381.3699951171875,382.7900085449219,188450000
1991-05-30,382.7900085449219,388.1700134277344,382.5,386.9599914550781,234440000
1991-05-31,386.9599914550781,389.8500061035156,385.010009765625,389.8299865722656,232040000
1991-06-03,389.80999755859375,389.80999755859375,386.9700012207031,388.05999755859375,173990000
1991-06-04,388.05999755859375,388.05999755859375,385.1400146484375,387.739990234375,180450000
1991-06-05,387.739990234375,388.2300109863281,384.45001220703125,385.0899963378906,186560000
1991-06-06,385.1000061035156,385.8500061035156,383.1300048828125,383.6300048828125,168260000
1991-06-07,383.6300048828125,383.6300048828125,378.760009765625,379.42999267578125,169570000
1991-06-10,379.42999267578125,379.75,377.95001220703125,378.57000732421875,127720000
1991-06-11,378.57000732421875,381.6300048828125,378.57000732421875,381.04998779296875,161610000
1991-06-12,381.04998779296875,381.04998779296875,374.4599914550781,376.6499938964844,166140000
1991-06-13,376.6499938964844,377.8999938964844,376.0799865722656,377.6300048828125,145650000
1991-06-14,377.6300048828125,382.29998779296875,377.6300048828125,382.2900085449219,167950000
1991-06-17,382.29998779296875,382.30999755859375,380.1300048828125,380.1300048828125,134230000
1991-06-18,380.1300048828125,381.8299865722656,377.989990234375,378.5899963378906,155200000
1991-06-19,378.57000732421875,378.57000732421875,374.3599853515625,375.0899963378906,156440000
1991-06-20,375.0899963378906,376.2900085449219,373.8699951171875,375.4200134277344,163980000
1991-06-21,375.4200134277344,377.75,375.3299865722656,377.75,193310000
1991-06-24,377.739990234375,377.739990234375,370.7300109863281,370.94000244140625,137940000
1991-06-25,370.94000244140625,372.6199951171875,369.55999755859375,370.6499938964844,155710000
1991-06-26,370.6499938964844,372.7300109863281,368.3399963378906,371.5899963378906,187170000
1991-06-27,371.5899963378906,374.3999938964844,371.5899963378906,374.3999938964844,163080000
1991-06-28,374.3999938964844,374.3999938964844,367.9800109863281,371.1600036621094,163770000
1991-07-01,371.17999267578125,377.9200134277344,371.17999267578125,377.9200134277344,167480000
1991-07-02,377.9200134277344,377.92999267578125,376.6199951171875,377.4700012207031,157290000
1991-07-03,377.4700012207031,377.4700012207031,372.0799865722656,373.3299865722656,140580000
1991-07-05,373.3399963378906,375.510009765625,372.1700134277344,374.0799865722656,69910000
1991-07-08,374.0899963378906,377.94000244140625,370.9200134277344,377.94000244140625,138330000
1991-07-09,377.94000244140625,378.5799865722656,375.3699951171875,376.1099853515625,151820000
1991-07-10,376.1099853515625,380.3500061035156,375.20001220703125,375.739990234375,178290000
1991-07-11,375.7300109863281,377.67999267578125,375.510009765625,376.9700012207031,157930000
1991-07-12,376.9700012207031,381.4100036621094,375.7900085449219,380.25,174770000
1991-07-15,380.2799987792969,383.0,380.239990234375,382.3900146484375,161750000
1991-07-16,382.3900146484375,382.94000244140625,380.79998779296875,381.5400085449219,182990000
1991-07-17,381.5,382.8599853515625,381.1300048828125,381.17999267578125,195460000
1991-07-18,381.17999267578125,385.3699951171875,381.17999267578125,385.3699951171875,200930000
1991-07-19,385.3800048828125,385.8299865722656,383.6499938964844,384.2200012207031,190700000
1991-07-22,384.2099914550781,384.54998779296875,381.8399963378906,382.8800048828125,149050000
1991-07-23,382.8800048828125,384.8599853515625,379.3900146484375,379.4200134277344,160190000
1991-07-24,379.4200134277344,380.4599914550781,378.2900085449219,378.6400146484375,158700000
1991-07-25,378.6400146484375,381.1300048828125,378.1499938964844,380.9599914550781,145800000
1991-07-26,380.9599914550781,381.760009765625,379.80999755859375,380.92999267578125,127760000
1991-07-29,380.92999267578125,383.1499938964844,380.45001220703125,383.1499938964844,136000000
1991-07-30,383.1499938964844,386.9200134277344,383.1499938964844,386.69000244140625,169010000
1991-07-31,386.69000244140625,387.80999755859375,386.19000244140625,387.80999755859375,166830000
1991-08-01,387.80999755859375,387.95001220703125,386.4800109863281,387.1199951171875,170610000
1991-08-02,387.1199951171875,389.55999755859375,386.04998779296875,387.17999267578125,162270000
1991-08-05,387.1700134277344,387.1700134277344,384.4800109863281,385.05999755859375,128050000
1991-08-06,385.05999755859375,390.79998779296875,384.2900085449219,390.6199951171875,174460000
1991-08-07,390.6199951171875,391.5899963378906,389.8599853515625,390.55999755859375,172220000
1991-08-08,390.55999755859375,391.79998779296875,388.1499938964844,389.32000732421875,163890000
1991-08-09,389.32000732421875,389.8900146484375,387.0400085449219,387.1199951171875,143740000
1991-08-12,387.1099853515625,388.1700134277344,385.8999938964844,388.0199890136719,145440000
1991-08-13,388.0199890136719,392.1199951171875,388.0199890136719,389.6199951171875,212760000
1991-08-14,389.6199951171875,391.8500061035156,389.1300048828125,389.8999938964844,124230000
1991-08-15,389.9100036621094,391.9200134277344,389.2900085449219,389.3299865722656,174690000
1991-08-16,389.3299865722656,390.4100036621094,383.1600036621094,385.5799865722656,189480000
1991-08-19,385.5799865722656,385.5799865722656,374.0899963378906,376.4700012207031,230350000
1991-08-20,376.4700012207031,380.3500061035156,376.4700012207031,379.42999267578125,184260000
1991-08-21,379.54998779296875,390.5899963378906,379.54998779296875,390.5899963378906,232690000
1991-08-22,390.5899963378906,391.9800109863281,390.2099914550781,391.3299865722656,173090000
1991-08-23,391.3299865722656,395.3399963378906,390.69000244140625,394.1700134277344,188870000
1991-08-26,394.1700134277344,394.3900146484375,392.75,393.8500061035156,130570000
1991-08-27,393.8500061035156,393.8699951171875,391.7699890136719,393.05999755859375,144670000
1991-08-28,393.05999755859375,396.6400146484375,393.04998779296875,396.6400146484375,169890000
1991-08-29,396.6499938964844,396.82000732421875,395.1400146484375,396.4700012207031,154150000
1991-08-30,396.4700012207031,396.4700012207031,393.6000061035156,395.42999267578125,143440000
1991-09-03,395.42999267578125,397.6199951171875,392.1000061035156,392.1499938964844,153600000
1991-09-04,392.1499938964844,392.6199951171875,388.67999267578125,389.9700012207031,157520000
1991-09-05,389.9700012207031,390.9700012207031,388.489990234375,389.1400146484375,162380000
1991-09-06,389.1400146484375,390.7099914550781,387.3599853515625,389.1000061035156,166560000
1991-09-09,389.1099853515625,389.3399963378906,387.8800048828125,388.57000732421875,115100000
1991-09-10,388.57000732421875,388.6300048828125,383.7799987792969,384.55999755859375,143390000
1991-09-11,384.55999755859375,385.6000061035156,383.5899963378906,385.0899963378906,148000000
1991-09-12,385.0899963378906,387.3399963378906,385.0899963378906,387.3399963378906,160420000
1991-09-13,387.1600036621094,387.95001220703125,382.8500061035156,383.5899963378906,169630000
1991-09-16,383.5899963378906,385.7900085449219,382.7699890136719,385.7799987792969,172560000
1991-09-17,385.7799987792969,387.1300048828125,384.9700012207031,385.5,168340000
1991-09-18,385.489990234375,386.94000244140625,384.2799987792969,386.94000244140625,141340000
1991-09-19,386.94000244140625,389.4200134277344,386.2699890136719,387.55999755859375,211010000
1991-09-20,387.55999755859375,388.82000732421875,386.489990234375,387.9200134277344,254520000
1991-09-23,387.8999938964844,388.54998779296875,385.760009765625,385.9200134277344,145940000
1991-09-24,385.9200134277344,388.1300048828125,384.4599914550781,387.7099914550781,170350000
1991-09-25,387.7200012207031,388.25,385.989990234375,386.8800048828125,153910000
1991-09-26,386.8699951171875,388.3900146484375,385.29998779296875,386.489990234375,158980000
1991-09-27,386.489990234375,389.0899963378906,384.8699951171875,385.8999938964844,160660000
1991-09-30,385.9100036621094,388.2900085449219,384.32000732421875,387.8599853515625,146780000
1991-10-01,387.8599853515625,389.55999755859375,387.8599853515625,389.20001220703125,163570000
1991-10-02,389.20001220703125,390.0299987792969,387.6199951171875,388.260009765625,166380000
1991-10-03,388.2300109863281,388.2300109863281,384.4700012207031,384.4700012207031,174360000
1991-10-04,384.4700012207031,385.19000244140625,381.239990234375,381.25,164000000
1991-10-07,381.2200012207031,381.2699890136719,379.07000732421875,379.5,148430000
1991-10-08,379.5,381.2300109863281,379.17999267578125,380.6700134277344,177120000
1991-10-09,380.57000732421875,380.57000732421875,376.3500061035156,376.79998779296875,186710000
1991-10-10,376.79998779296875,380.54998779296875,376.1099853515625,380.54998779296875,164240000
1991-10-11,380.54998779296875,381.4599914550781,379.8999938964844,381.45001220703125,148850000
1991-10-14,381.45001220703125,386.4700012207031,381.45001220703125,386.4700012207031,130120000
1991-10-15,386.4700012207031,391.5,385.95001220703125,391.010009765625,213540000
1991-10-16,391.010009765625,393.2900085449219,390.1400146484375,392.79998779296875,225380000
1991-10-17,392.7900085449219,393.80999755859375,390.32000732421875,391.9200134277344,206030000
1991-10-18,391.9200134277344,392.79998779296875,391.7699890136719,392.5,204090000
1991-10-21,392.489990234375,392.489990234375,388.9599914550781,390.0199890136719,154140000
1991-10-22,390.0199890136719,391.20001220703125,387.3999938964844,387.8299865722656,194160000
1991-10-23,387.8299865722656,389.0799865722656,386.5199890136719,387.94000244140625,185390000
1991-10-24,387.94000244140625,388.32000732421875,383.45001220703125,385.07000732421875,179040000
1991-10-25,385.07000732421875,386.1300048828125,382.9700012207031,384.20001220703125,167310000
1991-10-28,384.20001220703125,389.5199890136719,384.20001220703125,389.5199890136719,161630000
1991-10-29,389.5199890136719,391.70001220703125,386.8800048828125,391.4800109863281,192810000
1991-10-30,391.4800109863281,393.1099853515625,390.7799987792969,392.9599914550781,195400000
1991-10-31,392.9599914550781,392.9599914550781,391.5799865722656,392.45001220703125,179680000
1991-11-01,392.4599914550781,395.1000061035156,389.6700134277344,391.32000732421875,205780000
1991-11-04,391.2900085449219,391.2900085449219,388.0899963378906,390.2799987792969,155660000
1991-11-05,390.2799987792969,392.1700134277344,388.19000244140625,388.7099914550781,172090000
1991-11-06,388.7099914550781,389.9700012207031,387.5799865722656,389.9700012207031,167440000
1991-11-07,389.9700012207031,393.7200012207031,389.9700012207031,393.7200012207031,205480000
1991-11-08,393.7200012207031,396.42999267578125,392.4200134277344,392.8900146484375,183260000
1991-11-11,392.8999938964844,393.57000732421875,392.32000732421875,393.1199951171875,128920000
1991-11-12,393.1199951171875,397.1300048828125,393.1199951171875,396.739990234375,198610000
1991-11-13,396.739990234375,397.4200134277344,394.010009765625,397.4100036621094,184480000
1991-11-14,397.4100036621094,398.2200012207031,395.8500061035156,397.1499938964844,200030000
1991-11-15,397.1499938964844,397.1600036621094,382.6199951171875,382.6199951171875,239690000
1991-11-18,382.6199951171875,385.3999938964844,379.70001220703125,385.239990234375,241940000
1991-11-19,385.239990234375,385.239990234375,374.8999938964844,379.4200134277344,243880000
1991-11-20,379.4200134277344,381.510009765625,377.8399963378906,378.5299987792969,192760000
1991-11-21,378.5299987792969,381.1199951171875,377.4100036621094,380.05999755859375,195130000
1991-11-22,380.04998779296875,380.04998779296875,374.5199890136719,376.1400146484375,188240000
1991-11-25,376.1400146484375,377.07000732421875,374.0,375.3399963378906,175870000
1991-11-26,375.3399963378906,378.2900085449219,371.6300048828125,377.9599914550781,213810000
1991-11-27,377.9599914550781,378.1099853515625,375.9800109863281,376.54998779296875,167720000
1991-11-29,376.54998779296875,376.54998779296875,374.6499938964844,375.2200012207031,76830000
1991-12-02,375.1099853515625,381.3999938964844,371.3599853515625,381.3999938964844,188410000
1991-12-03,381.3999938964844,381.4800109863281,379.9200134277344,380.9599914550781,187230000
1991-12-04,380.9599914550781,381.510009765625,378.07000732421875,380.07000732421875,187960000
1991-12-05,380.07000732421875,380.07000732421875,376.5799865722656,377.3900146484375,166350000
1991-12-06,377.3900146484375,382.3900146484375,375.4100036621094,379.1000061035156,199160000
1991-12-09,379.0899963378906,381.4200134277344,377.6700134277344,378.260009765625,174760000
1991-12-10,378.260009765625,379.57000732421875,376.6400146484375,377.8999938964844,192920000
1991-12-11,377.8999938964844,379.4200134277344,374.7799987792969,377.70001220703125,207430000
1991-12-12,377.70001220703125,381.6199951171875,377.70001220703125,381.54998779296875,192950000
1991-12-13,381.54998779296875,385.0400085449219,381.54998779296875,384.4700012207031,194470000
1991-12-16,384.4800109863281,385.8399963378906,384.3699951171875,384.4599914550781,173080000
1991-12-17,384.4599914550781,385.04998779296875,382.6000061035156,382.739990234375,191310000
1991-12-18,382.739990234375,383.510009765625,380.8800048828125,383.4800109863281,192410000
1991-12-19,383.4599914550781,383.4599914550781,380.6400146484375,382.5199890136719,199330000
1991-12-20,382.5199890136719,388.239990234375,382.5199890136719,387.0400085449219,316140000
1991-12-23,387.04998779296875,397.44000244140625,386.9599914550781,396.82000732421875,228900000
1991-12-24,396.82000732421875,401.7900085449219,396.82000732421875,399.3299865722656,162640000
1991-12-26,399.3299865722656,404.9200134277344,399.30999755859375,404.8399963378906,149230000
1991-12-27,404.8399963378906,406.5799865722656,404.5899963378906,406.4599914550781,157950000
1991-12-30,406.489990234375,415.1400146484375,406.489990234375,415.1400146484375,245600000
1991-12-31,415.1400146484375,418.32000732421875,412.7300109863281,417.0899963378906,247080000
1992-01-02,417.0299987792969,417.2699890136719,411.0400085449219,417.260009765625,207570000
1992-01-03,417.2699890136719,419.7900085449219,416.1600036621094,419.3399963378906,224270000
1992-01-06,419.30999755859375,419.44000244140625,416.9200134277344,417.9599914550781,251210000
1992-01-07,417.9599914550781,417.9599914550781,415.20001220703125,417.3999938964844,252780000
1992-01-08,417.3599853515625,420.2300109863281,415.0199890136719,418.1000061035156,290750000
1992-01-09,418.0899963378906,420.5,415.8500061035156,417.6099853515625,292350000
1992-01-10,417.6199951171875,417.6199951171875,413.30999755859375,415.1000061035156,236130000
1992-01-13,415.04998779296875,415.3599853515625,413.5400085449219,414.3399963378906,200270000
1992-01-14,414.3399963378906,420.44000244140625,414.32000732421875,420.44000244140625,265900000
1992-01-15,420.45001220703125,421.17999267578125,418.7900085449219,420.7699890136719,314830000
1992-01-16,420.7699890136719,420.8500061035156,415.3699951171875,418.2099914550781,336240000
1992-01-17,418.20001220703125,419.45001220703125,416.0,418.8599853515625,287370000
1992-01-20,418.8599853515625,418.8599853515625,415.79998779296875,416.3599853515625,180900000
1992-01-21,416.3599853515625,416.3900146484375,411.32000732421875,412.6400146484375,218750000
1992-01-22,412.6499938964844,418.1300048828125,412.489990234375,418.1300048828125,228140000
1992-01-23,418.1300048828125,419.7799987792969,414.3599853515625,414.9599914550781,234580000
1992-01-24,414.9599914550781,417.2699890136719,414.2900085449219,415.4800109863281,213630000
1992-01-27,415.44000244140625,416.8399963378906,414.4800109863281,414.989990234375,190970000
1992-01-28,414.9800109863281,416.4100036621094,414.5400085449219,414.9599914550781,218400000
1992-01-29,414.9599914550781,417.8299865722656,409.1700134277344,410.3399963378906,248940000
1992-01-30,410.3399963378906,412.1700134277344,409.260009765625,411.6199951171875,194680000
1992-01-31,411.6499938964844,412.6300048828125,408.6400146484375,408.7799987792969,197620000
1992-02-03,408.7900085449219,409.95001220703125,407.45001220703125,409.5299987792969,185290000
1992-02-04,409.6000061035156,413.8500061035156,409.2799987792969,413.8500061035156,233680000
1992-02-05,413.8800048828125,416.1700134277344,413.17999267578125,413.8399963378906,262440000
1992-02-06,413.8699951171875,414.54998779296875,411.92999267578125,413.82000732421875,242050000
1992-02-07,413.82000732421875,415.2900085449219,408.0400085449219,411.0899963378906,231120000
1992-02-10,411.07000732421875,413.7699890136719,411.07000732421875,413.7699890136719,184410000
1992-02-11,413.7699890136719,414.3800048828125,412.239990234375,413.760009765625,200130000
1992-02-12,413.7699890136719,418.0799865722656,413.3599853515625,417.1300048828125,237630000
1992-02-13,417.1300048828125,417.7699890136719,412.07000732421875,413.69000244140625,229360000
1992-02-14,413.69000244140625,413.8399963378906,411.20001220703125,412.4800109863281,215110000
1992-02-18,412.4800109863281,413.2699890136719,406.3399963378906,407.3800048828125,234300000
1992-02-19,407.3800048828125,408.70001220703125,406.5400085449219,408.260009765625,232970000
1992-02-20,408.260009765625,413.8999938964844,408.260009765625,413.8999938964844,270650000
1992-02-21,413.8999938964844,414.260009765625,409.7200012207031,411.42999267578125,261650000
1992-02-24,411.4599914550781,412.94000244140625,410.3399963378906,412.2699890136719,177540000
1992-02-25,412.2699890136719,412.2699890136719,408.0199890136719,410.45001220703125,210350000
1992-02-26,410.4800109863281,415.3500061035156,410.4800109863281,415.3500061035156,241500000
1992-02-27,415.3500061035156,415.989990234375,413.4700012207031,413.8599853515625,215110000
1992-02-28,413.8599853515625,416.07000732421875,411.79998779296875,412.70001220703125,202320000
1992-03-02,412.67999267578125,413.739990234375,411.5199890136719,412.45001220703125,180380000
1992-03-03,412.45001220703125,413.7799987792969,411.8800048828125,412.8500061035156,200890000
1992-03-04,412.8599853515625,413.2699890136719,409.3299865722656,409.3299865722656,206860000
1992-03-05,409.3299865722656,409.3299865722656,405.4200134277344,406.510009765625,205770000
1992-03-06,406.510009765625,407.510009765625,403.6499938964844,404.44000244140625,185190000
1992-03-09,404.45001220703125,405.6400146484375,404.25,405.2099914550781,160650000
1992-03-10,405.2099914550781,409.1600036621094,405.2099914550781,406.8900146484375,203000000
1992-03-11,406.8800048828125,407.0199890136719,402.6400146484375,404.0299987792969,186330000
1992-03-12,404.0299987792969,404.7200012207031,401.94000244140625,403.8900146484375,180310000
1992-03-13,403.9200134277344,406.69000244140625,403.9200134277344,405.8399963378906,177900000
1992-03-16,405.8500061035156,406.3999938964844,403.54998779296875,406.3900146484375,155950000
1992-03-17,406.3900146484375,409.7200012207031,406.3900146484375,409.5799865722656,187250000
1992-03-18,409.5799865722656,410.8399963378906,408.2300109863281,409.1499938964844,191720000
1992-03-19,409.1499938964844,410.57000732421875,409.1199951171875,409.79998779296875,197310000
1992-03-20,409.79998779296875,411.29998779296875,408.5299987792969,411.29998779296875,246210000
1992-03-23,411.2900085449219,411.2900085449219,408.8699951171875,409.9100036621094,157050000
1992-03-24,409.9100036621094,411.42999267578125,407.989990234375,408.8800048828125,191610000
1992-03-25,408.8800048828125,409.8699951171875,407.5199890136719,407.5199890136719,192650000
1992-03-26,407.5199890136719,409.44000244140625,406.75,407.8599853515625,176720000
1992-03-27,407.8599853515625,407.8599853515625,402.8699951171875,403.5,166140000
1992-03-30,403.5,404.29998779296875,402.9700012207031,403.0,133990000
1992-03-31,403.0,405.2099914550781,402.2200012207031,403.69000244140625,182360000
1992-04-01,403.6700134277344,404.5,400.75,404.2300109863281,186530000
1992-04-02,404.1700134277344,404.6300048828125,399.2799987792969,400.5,185210000
1992-04-03,400.5,401.5899963378906,398.2099914550781,401.54998779296875,188580000
1992-04-06,401.5400085449219,405.92999267578125,401.5199890136719,405.5899963378906,179910000
1992-04-07,405.5899963378906,405.75,397.9700012207031,398.05999755859375,205210000
1992-04-08,398.04998779296875,398.04998779296875,392.4100036621094,394.5,249280000
1992-04-09,394.5,401.0400085449219,394.5,400.6400146484375,231430000
1992-04-10,400.5899963378906,405.1199951171875,400.5899963378906,404.2900085449219,199530000
1992-04-13,404.2799987792969,406.0799865722656,403.8999938964844,406.0799865722656,143140000
1992-04-14,406.0799865722656,413.8599853515625,406.0799865722656,412.3900146484375,231130000
1992-04-15,412.3900146484375,416.2799987792969,412.3900146484375,416.2799987792969,229710000
1992-04-16,416.2799987792969,416.2799987792969,413.3999938964844,416.0400085449219,233230000
1992-04-20,416.04998779296875,416.04998779296875,407.92999267578125,410.17999267578125,191980000
1992-04-21,410.1600036621094,411.0899963378906,408.20001220703125,410.260009765625,214460000
1992-04-22,410.260009765625,411.29998779296875,409.2300109863281,409.80999755859375,218850000
1992-04-23,409.80999755859375,411.6000061035156,406.8599853515625,411.6000061035156,235860000
1992-04-24,411.6000061035156,412.4800109863281,408.739990234375,409.0199890136719,199310000
1992-04-27,409.0299987792969,409.6000061035156,407.6400146484375,408.45001220703125,172900000
1992-04-28,408.45001220703125,409.69000244140625,406.3299865722656,409.1099853515625,189220000
1992-04-29,409.1099853515625,412.30999755859375,409.1099853515625,412.0199890136719,206780000
1992-04-30,412.0199890136719,414.95001220703125,412.0199890136719,414.95001220703125,223590000
1992-05-01,414.95001220703125,415.2099914550781,409.8699951171875,412.5299987792969,177390000
1992-05-04,412.5400085449219,417.8399963378906,412.5400085449219,416.9100036621094,174540000
1992-05-05,416.9100036621094,418.5299987792969,415.7699890136719,416.8399963378906,200550000
1992-05-06,416.8399963378906,418.4800109863281,416.3999938964844,416.7900085449219,199950000
1992-05-07,416.7900085449219,416.8399963378906,415.3800048828125,415.8500061035156,168980000
1992-05-08,415.8699951171875,416.8500061035156,414.4100036621094,416.04998779296875,168720000
1992-05-11,416.04998779296875,418.75,416.04998779296875,418.489990234375,155730000
1992-05-12,418.489990234375,418.67999267578125,414.69000244140625,416.2900085449219,192870000
1992-05-13,416.2900085449219,417.0400085449219,415.8599853515625,416.45001220703125,175850000
1992-05-14,416.45001220703125,416.5199890136719,411.82000732421875,413.1400146484375,189150000
1992-05-15,413.1400146484375,413.1400146484375,409.8500061035156,410.0899963378906,192740000
1992-05-18,410.1300048828125,413.3399963378906,410.1300048828125,412.80999755859375,151380000
1992-05-19,412.82000732421875,416.510009765625,412.260009765625,416.3699951171875,187130000
1992-05-20,416.3699951171875,416.8299865722656,415.3699951171875,415.3900146484375,198180000
1992-05-21,415.3999938964844,415.4100036621094,411.57000732421875,412.6000061035156,184860000
1992-05-22,412.6099853515625,414.82000732421875,412.6000061035156,414.0199890136719,146710000
1992-05-26,414.0199890136719,414.0199890136719,410.2300109863281,411.4100036621094,197700000
1992-05-27,411.4100036621094,412.67999267578125,411.05999755859375,412.1700134277344,182240000
1992-05-28,412.1700134277344,416.7699890136719,411.80999755859375,416.739990234375,195300000
1992-05-29,416.739990234375,418.3599853515625,415.3500061035156,415.3500061035156,204010000
1992-06-01,415.3500061035156,417.29998779296875,412.44000244140625,417.29998779296875,180800000
1992-06-02,417.29998779296875,417.29998779296875,413.5,413.5,202560000
1992-06-03,413.5,416.5400085449219,413.0400085449219,414.5899963378906,215770000
1992-06-04,414.6000061035156,414.9800109863281,412.9700012207031,413.260009765625,204450000
1992-06-05,413.260009765625,413.8500061035156,410.9700012207031,413.4800109863281,199050000
1992-06-08,413.4800109863281,413.95001220703125,412.0299987792969,413.3599853515625,161240000
1992-06-09,413.3999938964844,413.55999755859375,409.29998779296875,410.05999755859375,191170000
1992-06-10,410.05999755859375,410.1000061035156,406.80999755859375,407.25,210750000
1992-06-11,407.25,409.04998779296875,406.1099853515625,409.04998779296875,204780000
1992-06-12,409.0799865722656,411.8599853515625,409.0799865722656,409.760009765625,181860000
1992-06-15,409.760009765625,411.67999267578125,408.1300048828125,410.2900085449219,164080000
1992-06-16,410.2900085449219,411.3999938964844,408.32000732421875,408.32000732421875,194400000
1992-06-17,408.3299865722656,408.3299865722656,401.9800109863281,402.260009765625,227760000
1992-06-18,402.260009765625,402.67999267578125,400.510009765625,400.9599914550781,225600000
1992-06-19,400.9599914550781,404.2300109863281,400.9599914550781,403.6700134277344,233460000
1992-06-22,403.6400146484375,403.6400146484375,399.9200134277344,403.3999938964844,169370000
1992-06-23,403.3999938964844,405.4100036621094,403.3999938964844,404.0400085449219,189190000
1992-06-24,404.04998779296875,404.760009765625,403.260009765625,403.8399963378906,193870000
1992-06-25,403.8299865722656,405.5299987792969,402.010009765625,403.1199951171875,182960000
1992-06-26,403.1199951171875,403.510009765625,401.94000244140625,403.45001220703125,154430000
1992-06-29,403.4700012207031,408.9599914550781,403.4700012207031,408.94000244140625,176750000
1992-06-30,408.94000244140625,409.6300048828125,407.8500061035156,408.1400146484375,195530000
1992-07-01,408.20001220703125,412.8800048828125,408.20001220703125,412.8800048828125,214250000
1992-07-02,412.8800048828125,415.7099914550781,410.07000732421875,411.7699890136719,220200000
1992-07-06,411.7699890136719,413.8399963378906,410.4599914550781,413.8399963378906,186920000
1992-07-07,413.8299865722656,415.3299865722656,408.5799865722656,409.1600036621094,226050000
1992-07-08,409.1499938964844,410.2799987792969,407.20001220703125,410.2799987792969,201030000
1992-07-09,410.2799987792969,414.69000244140625,410.260009765625,414.2300109863281,207980000
1992-07-10,414.2300109863281,415.8800048828125,413.3399963378906,414.6199951171875,164770000
1992-07-13,414.6199951171875,415.8599853515625,413.92999267578125,414.8699951171875,148870000
1992-07-14,414.8599853515625,417.69000244140625,414.3299865722656,417.67999267578125,195570000
1992-07-15,417.67999267578125,417.80999755859375,416.2900085449219,417.1000061035156,206560000
1992-07-16,417.0400085449219,417.92999267578125,414.7900085449219,417.5400085449219,206900000
1992-07-17,417.5400085449219,417.5400085449219,412.9599914550781,415.6199951171875,192120000
1992-07-20,415.6199951171875,415.6199951171875,410.7200012207031,413.75,165760000
1992-07-21,413.75,414.9200134277344,413.1000061035156,413.760009765625,173760000
1992-07-22,413.739990234375,413.739990234375,409.95001220703125,410.92999267578125,190160000
1992-07-23,410.92999267578125,412.0799865722656,409.80999755859375,412.0799865722656,175490000
1992-07-24,412.07000732421875,412.07000732421875,409.92999267578125,411.6000061035156,163890000
1992-07-27,411.6000061035156,412.6700134277344,411.2699890136719,411.5400085449219,164700000
1992-07-28,411.54998779296875,417.54998779296875,411.54998779296875,417.5199890136719,218060000
1992-07-29,417.5199890136719,423.0199890136719,417.5199890136719,422.2300109863281,275850000
1992-07-30,422.20001220703125,423.94000244140625,421.57000732421875,423.9200134277344,193410000
1992-07-31,423.9200134277344,424.79998779296875,422.4599914550781,424.2099914550781,172920000
1992-08-03,424.19000244140625,425.0899963378906,422.8399963378906,425.0899963378906,164460000
1992-08-04,425.0899963378906,425.1400146484375,423.1000061035156,424.3599853515625,166760000
1992-08-05,424.3500061035156,424.3500061035156,421.9200134277344,422.19000244140625,172450000
1992-08-06,422.19000244140625,422.3599853515625,420.260009765625,420.5899963378906,181440000
1992-08-07,420.5899963378906,423.45001220703125,418.510009765625,418.8800048828125,190640000
1992-08-10,418.8699951171875,419.4200134277344,417.0400085449219,419.4200134277344,142480000
1992-08-11,419.45001220703125,419.7200012207031,416.5299987792969,418.8999938964844,173940000
1992-08-12,418.8900146484375,419.75,416.42999267578125,417.7799987792969,176560000
1992-08-13,417.7799987792969,419.8800048828125,416.3999938964844,417.7300109863281,185750000
1992-08-14,417.739990234375,420.3999938964844,417.739990234375,419.9100036621094,166820000
1992-08-17,419.8900146484375,421.8900146484375,419.44000244140625,420.739990234375,152830000
1992-08-18,420.739990234375,421.3999938964844,419.7799987792969,421.3399963378906,171750000
1992-08-19,421.3399963378906,421.6199951171875,418.19000244140625,418.19000244140625,187070000
1992-08-20,418.19000244140625,418.8500061035156,416.92999267578125,418.260009765625,183420000
1992-08-21,418.2699890136719,420.3500061035156,413.5799865722656,414.8500061035156,204800000
1992-08-24,414.79998779296875,414.79998779296875,410.07000732421875,410.7200012207031,165690000
1992-08-25,410.7300109863281,411.6400146484375,408.29998779296875,411.6099853515625,202760000
1992-08-26,411.6499938964844,413.6099853515625,410.5299987792969,413.510009765625,171860000
1992-08-27,413.510009765625,415.8299865722656,413.510009765625,413.5299987792969,178600000
1992-08-28,413.5400085449219,414.95001220703125,413.3800048828125,414.8399963378906,152260000
1992-08-31,414.8699951171875,415.2900085449219,413.760009765625,414.0299987792969,161480000
1992-09-01,414.0299987792969,416.07000732421875,413.3500061035156,416.07000732421875,172680000
1992-09-02,416.07000732421875,418.2799987792969,415.30999755859375,417.9800109863281,187480000
1992-09-03,417.9800109863281,420.30999755859375,417.489990234375,417.9800109863281,212500000
1992-09-04,417.9800109863281,418.6199951171875,416.760009765625,417.0799865722656,124380000
1992-09-08,417.0799865722656,417.17999267578125,414.29998779296875,414.44000244140625,161440000
1992-09-09,414.44000244140625,416.44000244140625,414.44000244140625,416.3599853515625,178800000
1992-09-10,416.3399963378906,420.5199890136719,416.3399963378906,419.95001220703125,221990000
1992-09-11,419.95001220703125,420.5799865722656,419.1300048828125,419.5799865722656,180560000
1992-09-14,419.6499938964844,425.2699890136719,419.6499938964844,425.2699890136719,250940000
1992-09-15,425.2200012207031,425.2200012207031,419.5400085449219,419.7699890136719,211860000
1992-09-16,419.7099914550781,422.44000244140625,417.7699890136719,419.9200134277344,231450000
1992-09-17,419.9200134277344,421.42999267578125,419.6199951171875,419.92999267578125,188270000
1992-09-18,419.9200134277344,422.92999267578125,419.9200134277344,422.92999267578125,237440000
1992-09-21,422.8999938964844,422.8999938964844,421.17999267578125,422.1400146484375,153940000
1992-09-22,422.1400146484375,422.1400146484375,417.1300048828125,417.1400146484375,188810000
1992-09-23,417.1400146484375,417.8800048828125,416.0,417.44000244140625,205700000
1992-09-24,417.4599914550781,419.010009765625,417.4599914550781,418.4700012207031,187960000
1992-09-25,418.4700012207031,418.6300048828125,412.7099914550781,414.3500061035156,213670000
1992-09-28,414.3500061035156,416.6199951171875,413.0,416.6199951171875,158760000
1992-09-29,416.6199951171875,417.3800048828125,415.3399963378906,416.79998779296875,170750000
1992-09-30,416.7900085449219,418.5799865722656,416.6700134277344,417.79998779296875,184470000
1992-10-01,417.79998779296875,418.6700134277344,415.4599914550781,416.2900085449219,204780000
1992-10-02,416.2900085449219,416.3500061035156,410.45001220703125,410.4700012207031,188030000
1992-10-05,410.4700012207031,410.4700012207031,396.79998779296875,407.57000732421875,286550000
1992-10-06,407.57000732421875,408.55999755859375,404.8399963378906,407.17999267578125,203500000
1992-10-07,407.1700134277344,408.6000061035156,403.9100036621094,404.25,184380000
1992-10-08,404.2900085449219,408.0400085449219,404.2900085449219,407.75,205000000
1992-10-09,407.75,407.75,402.4200134277344,402.6600036621094,178940000
1992-10-12,402.6600036621094,407.44000244140625,402.6600036621094,407.44000244140625,126670000
1992-10-13,407.44000244140625,410.6400146484375,406.8299865722656,409.29998779296875,186650000
1992-10-14,409.29998779296875,411.5199890136719,407.8599853515625,409.3699951171875,175900000
1992-10-15,409.3399963378906,411.0299987792969,407.9200134277344,409.6000061035156,213590000
1992-10-16,409.6000061035156,411.7300109863281,407.42999267578125,411.7300109863281,235920000
1992-10-19,411.7300109863281,414.9800109863281,410.6600036621094,414.9800109863281,222150000
1992-10-20,414.9800109863281,417.9800109863281,414.489990234375,415.4800109863281,258210000
1992-10-21,415.5299987792969,416.1499938964844,414.5400085449219,415.6700134277344,219100000
1992-10-22,415.6700134277344,416.80999755859375,413.1000061035156,414.8999938964844,216400000
1992-10-23,414.8999938964844,416.2300109863281,413.67999267578125,414.1000061035156,199060000
1992-10-26,414.0899963378906,418.1700134277344,413.7099914550781,418.1600036621094,188060000
1992-10-27,418.17999267578125,419.20001220703125,416.9700012207031,418.489990234375,201730000
1992-10-28,418.489990234375,420.1300048828125,417.55999755859375,420.1300048828125,203910000
1992-10-29,420.1499938964844,421.1600036621094,419.8299865722656,420.8599853515625,206550000
1992-10-30,420.8599853515625,421.1300048828125,418.5400085449219,418.67999267578125,201930000
1992-11-02,418.6600036621094,422.75,418.1199951171875,422.75,203280000
1992-11-03,422.75,422.80999755859375,418.5899963378906,419.9200134277344,208140000
1992-11-04,419.9100036621094,421.07000732421875,416.6099853515625,417.1099853515625,194400000
1992-11-05,417.0799865722656,418.3999938964844,415.5799865722656,418.3399963378906,219730000
1992-11-06,418.3500061035156,418.3500061035156,417.010009765625,417.5799865722656,205310000
1992-11-09,417.5799865722656,420.1300048828125,416.7900085449219,418.5899963378906,197560000
1992-11-10,418.5899963378906,419.7099914550781,417.9800109863281,418.6199951171875,223180000
1992-11-11,418.6199951171875,422.3299865722656,418.3999938964844,422.20001220703125,243750000
1992-11-12,422.20001220703125,423.1000061035156,421.70001220703125,422.8699951171875,226010000
1992-11-13,422.8900146484375,422.9100036621094,421.0400085449219,422.42999267578125,192950000
1992-11-16,422.44000244140625,422.44000244140625,420.3500061035156,420.67999267578125,173600000
1992-11-17,420.6300048828125,420.9700012207031,418.30999755859375,419.2699890136719,187660000
1992-11-18,419.2699890136719,423.489990234375,419.239990234375,422.8500061035156,219080000
1992-11-19,422.8599853515625,423.6099853515625,422.5,423.6099853515625,218720000
1992-11-20,423.6099853515625,426.9800109863281,423.6099853515625,426.6499938964844,257460000
1992-11-23,426.6499938964844,426.6499938964844,424.95001220703125,425.1199951171875,192530000
1992-11-24,425.1400146484375,429.30999755859375,424.8299865722656,427.5899963378906,241540000
1992-11-25,427.5899963378906,429.4100036621094,427.5799865722656,429.19000244140625,207700000
1992-11-27,429.19000244140625,431.92999267578125,429.1700134277344,430.1600036621094,106020000
1992-11-30,430.19000244140625,431.5299987792969,429.3599853515625,431.3500061035156,230150000
1992-12-01,431.3500061035156,431.4700012207031,429.20001220703125,430.7799987792969,259050000
1992-12-02,430.7799987792969,430.8699951171875,428.6099853515625,429.8900146484375,247010000
1992-12-03,429.9800109863281,430.989990234375,428.79998779296875,429.9100036621094,238050000
1992-12-04,429.92999267578125,432.8900146484375,429.739990234375,432.05999755859375,234960000
1992-12-07,432.05999755859375,435.30999755859375,432.05999755859375,435.30999755859375,217700000
1992-12-08,435.30999755859375,436.989990234375,434.67999267578125,436.989990234375,234330000
1992-12-09,436.989990234375,436.989990234375,433.9800109863281,435.6499938964844,230060000
1992-12-10,435.6600036621094,435.6600036621094,432.6499938964844,434.6400146484375,240640000
1992-12-11,434.6400146484375,434.6400146484375,433.3399963378906,433.7300109863281,164510000
1992-12-14,433.7300109863281,435.260009765625,432.8299865722656,432.8399963378906,187040000
1992-12-15,432.82000732421875,433.6600036621094,431.9200134277344,432.57000732421875,227770000
1992-12-16,432.5799865722656,434.2200012207031,430.8800048828125,431.5199890136719,242130000
1992-12-17,431.5199890136719,435.44000244140625,431.4599914550781,435.42999267578125,251640000
1992-12-18,435.4599914550781,441.2900085449219,435.4599914550781,441.2799987792969,389300000
1992-12-21,441.260009765625,441.260009765625,439.6499938964844,440.70001220703125,224680000
1992-12-22,440.70001220703125,441.6400146484375,438.25,440.30999755859375,250430000
1992-12-23,440.2900085449219,441.1099853515625,439.0299987792969,439.0299987792969,234140000
1992-12-24,439.0299987792969,439.80999755859375,439.0299987792969,439.7699890136719,95240000
1992-12-28,439.7699890136719,439.7699890136719,437.260009765625,439.1499938964844,143970000
1992-12-29,439.1499938964844,442.6499938964844,437.6000061035156,437.9800109863281,213660000
1992-12-30,437.9800109863281,439.3699951171875,437.1199951171875,438.82000732421875,183930000
1992-12-31,438.82000732421875,439.5899963378906,435.7099914550781,435.7099914550781,165910000
1993-01-04,435.70001220703125,437.32000732421875,434.4800109863281,435.3800048828125,201210000
1993-01-05,435.3800048828125,435.3999938964844,433.54998779296875,434.3399963378906,240350000
1993-01-06,434.3399963378906,435.1700134277344,432.5199890136719,434.5199890136719,295240000
1993-01-07,434.5199890136719,435.4599914550781,429.760009765625,430.7300109863281,304850000
1993-01-08,430.7300109863281,430.7300109863281,426.8800048828125,429.04998779296875,263470000
1993-01-11,429.0400085449219,431.0400085449219,429.010009765625,430.95001220703125,217150000
1993-01-12,430.95001220703125,431.3900146484375,428.19000244140625,431.0400085449219,239410000
1993-01-13,431.0299987792969,433.44000244140625,429.989990234375,433.0299987792969,245360000
1993-01-14,433.0799865722656,435.9599914550781,433.0799865722656,435.94000244140625,281040000
1993-01-15,435.8699951171875,439.489990234375,435.8399963378906,437.1499938964844,309720000
1993-01-18,437.1300048828125,437.1300048828125,435.9200134277344,436.8399963378906,196030000
1993-01-19,436.8399963378906,437.70001220703125,434.5899963378906,435.1300048828125,283240000
1993-01-20,435.1400146484375,436.2300109863281,433.3699951171875,433.3699951171875,268790000
1993-01-21,433.3699951171875,435.75,432.4800109863281,435.489990234375,257620000
1993-01-22,435.489990234375,437.80999755859375,435.489990234375,436.1099853515625,293320000
1993-01-25,436.1099853515625,440.5299987792969,436.1099853515625,440.010009765625,288740000
1993-01-26,440.04998779296875,442.6600036621094,439.5400085449219,439.95001220703125,314110000
1993-01-27,439.95001220703125,440.0400085449219,436.82000732421875,438.1099853515625,277020000
1993-01-28,438.1300048828125,439.1400146484375,437.29998779296875,438.6600036621094,256980000
1993-01-29,438.6700134277344,438.92999267578125,436.9100036621094,438.7799987792969,247200000
1993-02-01,438.7799987792969,442.5199890136719,438.7799987792969,442.5199890136719,238570000
1993-02-02,442.5199890136719,442.8699951171875,440.760009765625,442.54998779296875,271560000
1993-02-03,442.55999755859375,447.3500061035156,442.55999755859375,447.20001220703125,345410000
1993-02-04,447.20001220703125,449.8599853515625,447.20001220703125,449.55999755859375,351140000
1993-02-05,449.55999755859375,449.55999755859375,446.95001220703125,448.92999267578125,324710000
1993-02-08,448.94000244140625,450.0400085449219,447.70001220703125,447.8500061035156,243400000
1993-02-09,448.0400085449219,448.0400085449219,444.5199890136719,445.3299865722656,240410000
1993-02-10,445.3299865722656,446.3699951171875,444.239990234375,446.2300109863281,251910000
1993-02-11,446.2099914550781,449.3599853515625,446.2099914550781,447.6600036621094,257190000
1993-02-12,447.6600036621094,447.70001220703125,444.5799865722656,444.5799865722656,216810000
1993-02-16,444.5299987792969,444.5299987792969,433.4700012207031,433.9100036621094,332850000
1993-02-17,433.92999267578125,433.9700012207031,430.9200134277344,433.29998779296875,302210000
1993-02-18,433.29998779296875,437.7900085449219,428.25,431.8999938964844,311180000
1993-02-19,431.92999267578125,434.260009765625,431.67999267578125,434.2200012207031,310700000
1993-02-22,434.2099914550781,436.489990234375,433.5299987792969,435.239990234375,311570000
1993-02-23,435.3399963378906,436.8399963378906,432.4100036621094,434.79998779296875,329060000
1993-02-24,434.760009765625,440.8699951171875,434.67999267578125,440.8699951171875,316750000
1993-02-25,440.70001220703125,442.3399963378906,439.6700134277344,442.3399963378906,252860000
1993-02-26,442.3399963378906,443.7699890136719,440.9800109863281,443.3800048828125,234160000
1993-03-01,443.3800048828125,444.17999267578125,441.3399963378906,442.010009765625,232460000
1993-03-02,442.0,447.9100036621094,441.07000732421875,447.8999938964844,269750000
1993-03-03,447.8999938964844,450.0,447.7300109863281,449.260009765625,277380000
1993-03-04,449.260009765625,449.5199890136719,446.7200012207031,447.3399963378906,234220000
1993-03-05,447.3399963378906,449.5899963378906,445.55999755859375,446.1099853515625,253480000
1993-03-08,446.1199951171875,454.7099914550781,446.1199951171875,454.7099914550781,275290000
1993-03-09,454.6700134277344,455.5199890136719,453.67999267578125,454.3999938964844,290670000
1993-03-10,454.3999938964844,456.3399963378906,452.70001220703125,456.3299865722656,255610000
1993-03-11,456.3500061035156,456.760009765625,453.4800109863281,453.7200012207031,257060000
1993-03-12,453.70001220703125,453.70001220703125,447.0400085449219,449.8299865722656,255420000
1993-03-15,449.8299865722656,451.42999267578125,449.3999938964844,451.42999267578125,195930000
1993-03-16,451.42999267578125,452.3599853515625,451.010009765625,451.3699951171875,218820000
1993-03-17,451.3599853515625,451.3599853515625,447.989990234375,448.30999755859375,241270000
1993-03-18,448.3599853515625,452.3900146484375,448.3599853515625,451.8900146484375,241180000
1993-03-19,451.8999938964844,453.32000732421875,449.9100036621094,450.17999267578125,339660000
1993-03-22,450.1700134277344,450.1700134277344,446.0799865722656,448.8800048828125,233190000
1993-03-23,448.8800048828125,449.79998779296875,448.29998779296875,448.760009765625,232730000
1993-03-24,448.7099914550781,450.8999938964844,446.1000061035156,448.07000732421875,274300000
1993-03-25,448.0899963378906,451.75,447.92999267578125,450.8800048828125,251530000
1993-03-26,450.9100036621094,452.0899963378906,447.69000244140625,447.7799987792969,226650000
1993-03-29,447.760009765625,452.80999755859375,447.75,450.7699890136719,199970000
1993-03-30,450.7900085449219,452.05999755859375,449.6300048828125,451.9700012207031,231190000
1993-03-31,451.9700012207031,454.8800048828125,451.6700134277344,451.6700134277344,279190000
1993-04-01,451.6700134277344,452.6300048828125,449.6000061035156,450.29998779296875,234530000
1993-04-02,450.2799987792969,450.2799987792969,440.7099914550781,441.3900146484375,323330000
1993-04-05,441.4200134277344,442.42999267578125,440.5299987792969,442.2900085449219,296080000
1993-04-06,442.2900085449219,443.3800048828125,439.4800109863281,441.1600036621094,293680000
1993-04-07,441.1600036621094,442.7300109863281,440.5,442.7300109863281,300000000
1993-04-08,442.7099914550781,443.7699890136719,440.0199890136719,441.8399963378906,284370000
1993-04-12,441.8399963378906,448.3699951171875,441.8399963378906,448.3699951171875,259690000
1993-04-13,448.4100036621094,450.3999938964844,447.6600036621094,449.2200012207031,286690000
1993-04-14,449.2200012207031,450.0,448.0199890136719,448.6600036621094,257340000
1993-04-15,448.6000061035156,449.1099853515625,446.3900146484375,448.3999938964844,259500000
1993-04-16,448.4100036621094,449.3900146484375,447.6700134277344,448.94000244140625,305160000
1993-04-19,448.94000244140625,449.1400146484375,445.8500061035156,447.4599914550781,244710000
1993-04-20,447.4599914550781,447.4599914550781,441.80999755859375,445.1000061035156,317990000
1993-04-21,445.0899963378906,445.7699890136719,443.0799865722656,443.6300048828125,287300000
1993-04-22,443.54998779296875,445.7300109863281,439.4599914550781,439.4599914550781,310390000
1993-04-23,439.489990234375,439.489990234375,436.82000732421875,437.0299987792969,259810000
1993-04-26,437.0299987792969,438.3500061035156,432.29998779296875,433.5400085449219,283260000
1993-04-27,433.5199890136719,438.0199890136719,433.1400146484375,438.010009765625,284140000
1993-04-28,438.010009765625,438.79998779296875,436.67999267578125,438.0199890136719,267980000
1993-04-29,438.0199890136719,438.9599914550781,435.5899963378906,438.8900146484375,249760000
1993-04-30,438.8900146484375,442.2900085449219,438.8900146484375,440.19000244140625,247460000
1993-05-03,440.19000244140625,442.5899963378906,438.25,442.4599914550781,224970000
1993-05-04,442.5799865722656,445.19000244140625,442.45001220703125,444.04998779296875,268310000
1993-05-05,443.9800109863281,446.0899963378906,443.760009765625,444.5199890136719,274240000
1993-05-06,444.6000061035156,444.80999755859375,442.8999938964844,443.260009765625,255460000
1993-05-07,443.2799987792969,443.70001220703125,441.69000244140625,442.30999755859375,223570000
1993-05-10,442.3399963378906,445.4200134277344,442.04998779296875,442.79998779296875,235580000
1993-05-11,442.79998779296875,444.57000732421875,441.5199890136719,444.3599853515625,218480000
1993-05-12,444.32000732421875,445.1600036621094,442.8699951171875,444.79998779296875,255680000
1993-05-13,444.75,444.75,439.2300109863281,439.2300109863281,293920000
1993-05-14,439.2200012207031,439.82000732421875,438.1000061035156,439.55999755859375,252910000
1993-05-17,439.55999755859375,440.3800048828125,437.8299865722656,440.3699951171875,227580000
1993-05-18,440.3900146484375,441.260009765625,437.95001220703125,440.32000732421875,264300000
1993-05-19,440.32000732421875,447.8599853515625,436.8599853515625,447.57000732421875,342420000
1993-05-20,447.57000732421875,450.5899963378906,447.3599853515625,450.5899963378906,289160000
1993-05-21,450.5899963378906,450.5899963378906,444.8900146484375,445.8399963378906,279120000
1993-05-24,445.8399963378906,448.44000244140625,445.260009765625,448.0,197990000
1993-05-25,448.0,449.0400085449219,447.70001220703125,448.8500061035156,222090000
1993-05-26,448.8500061035156,453.510009765625,448.82000732421875,453.44000244140625,274230000
1993-05-27,453.44000244140625,454.54998779296875,451.1400146484375,452.4100036621094,300810000
1993-05-28,452.4100036621094,452.4100036621094,447.6700134277344,450.19000244140625,207820000
1993-06-01,450.2300109863281,455.6300048828125,450.2300109863281,453.8299865722656,229690000
1993-06-02,453.8299865722656,454.5299987792969,452.67999267578125,453.8500061035156,295560000
1993-06-03,453.8399963378906,453.8500061035156,451.1199951171875,452.489990234375,285570000
1993-06-04,452.42999267578125,452.42999267578125,448.9200134277344,450.05999755859375,226440000
1993-06-07,450.07000732421875,450.75,447.32000732421875,447.69000244140625,236920000
1993-06-08,447.6499938964844,447.6499938964844,444.30999755859375,444.7099914550781,240640000
1993-06-09,444.7099914550781,447.3900146484375,444.6600036621094,445.7799987792969,249030000
1993-06-10,445.7799987792969,446.2200012207031,444.0899963378906,445.3800048828125,232600000
1993-06-11,445.3800048828125,448.19000244140625,445.3800048828125,447.260009765625,256750000
1993-06-14,447.260009765625,448.6400146484375,447.2300109863281,447.7099914550781,210440000
1993-06-15,447.7300109863281,448.2799987792969,446.17999267578125,446.2699890136719,234110000
1993-06-16,446.2699890136719,447.42999267578125,443.6099853515625,447.42999267578125,267500000
1993-06-17,447.42999267578125,448.9800109863281,446.9100036621094,448.5400085449219,239810000
1993-06-18,448.5400085449219,448.5899963378906,443.67999267578125,443.67999267578125,300500000
1993-06-21,443.67999267578125,446.2200012207031,443.67999267578125,446.2200012207031,223650000
1993-06-22,446.25,446.2900085449219,444.94000244140625,445.92999267578125,259530000
1993-06-23,445.9599914550781,445.9599914550781,443.19000244140625,443.19000244140625,278260000
1993-06-24,443.0400085449219,447.2099914550781,442.5,446.6199951171875,267450000
1993-06-25,446.6199951171875,448.6400146484375,446.6199951171875,447.6000061035156,210430000
1993-06-28,447.6000061035156,451.8999938964844,447.6000061035156,451.8500061035156,242090000
1993-06-29,451.8900146484375,451.8999938964844,449.6700134277344,450.69000244140625,276310000
1993-06-30,450.69000244140625,451.4700012207031,450.1499938964844,450.5299987792969,281120000
1993-07-01,450.5400085449219,451.1499938964844,448.7099914550781,449.0199890136719,292040000
1993-07-02,449.0199890136719,449.0199890136719,445.20001220703125,445.8399963378906,220750000
1993-07-06,445.8599853515625,446.8699951171875,441.4200134277344,441.42999267578125,234810000
1993-07-07,441.3999938964844,443.6300048828125,441.3999938964844,442.8299865722656,253170000
1993-07-08,442.8399963378906,448.6400146484375,442.8399963378906,448.6400146484375,282910000
1993-07-09,448.6400146484375,448.94000244140625,446.739990234375,448.1099853515625,235210000
1993-07-12,448.1300048828125,449.1099853515625,447.7099914550781,448.9800109863281,202310000
1993-07-13,449.0,450.70001220703125,448.07000732421875,448.0899963378906,236720000
1993-07-14,448.0799865722656,451.1199951171875,448.0799865722656,450.0799865722656,297430000
1993-07-15,450.0899963378906,450.1199951171875,447.260009765625,449.2200012207031,277810000
1993-07-16,449.07000732421875,449.0799865722656,445.6600036621094,445.75,263100000
1993-07-19,445.75,446.7799987792969,444.8299865722656,446.0299987792969,216370000
1993-07-20,446.0299987792969,447.6300048828125,443.7099914550781,447.30999755859375,277420000
1993-07-21,447.2799987792969,447.5,445.8399963378906,447.17999267578125,278590000
1993-07-22,447.17999267578125,447.2300109863281,443.7200012207031,444.510009765625,249630000
1993-07-23,444.5400085449219,447.1000061035156,444.5400085449219,447.1000061035156,222170000
1993-07-26,447.05999755859375,449.5,447.0400085449219,449.0899963378906,222580000
1993-07-27,449.0,449.44000244140625,446.760009765625,448.239990234375,256750000
1993-07-28,448.25,448.6099853515625,446.5899963378906,447.19000244140625,273100000
1993-07-29,447.19000244140625,450.7699890136719,447.19000244140625,450.239990234375,261240000
1993-07-30,450.19000244140625,450.2200012207031,446.9800109863281,448.1300048828125,254420000
1993-08-02,448.1300048828125,450.1499938964844,448.0299987792969,450.1499938964844,230380000
1993-08-03,450.1499938964844,450.42999267578125,447.5899963378906,449.2699890136719,253110000
1993-08-04,449.2699890136719,449.7200012207031,447.92999267578125,448.5400085449219,230040000
1993-08-05,448.54998779296875,449.6099853515625,446.94000244140625,448.1300048828125,261900000
1993-08-06,448.1300048828125,449.260009765625,447.8699951171875,448.67999267578125,221170000
1993-08-09,448.67999267578125,451.510009765625,448.30999755859375,450.7200012207031,232750000
1993-08-10,450.7099914550781,450.7099914550781,449.1000061035156,449.45001220703125,255520000
1993-08-11,449.6000061035156,451.0,449.6000061035156,450.4599914550781,268330000
1993-08-12,450.4700012207031,451.6300048828125,447.5299987792969,448.9599914550781,278530000
1993-08-13,448.9700012207031,450.25,448.9700012207031,450.1400146484375,214370000
1993-08-16,450.25,453.4100036621094,450.25,452.3800048828125,233640000
1993-08-17,452.3800048828125,453.70001220703125,451.9599914550781,453.1300048828125,261320000
1993-08-18,453.2099914550781,456.989990234375,453.2099914550781,456.0400085449219,312940000
1993-08-19,456.010009765625,456.760009765625,455.20001220703125,456.42999267578125,293330000
1993-08-20,456.510009765625,456.67999267578125,454.6000061035156,456.1600036621094,276800000
1993-08-23,456.1199951171875,456.1199951171875,454.2900085449219,455.2300109863281,212500000
1993-08-24,455.2300109863281,459.7699890136719,455.0400085449219,459.7699890136719,270700000
1993-08-25,459.75,462.0400085449219,459.29998779296875,460.1300048828125,301650000
1993-08-26,460.0400085449219,462.8699951171875,458.82000732421875,461.0400085449219,254070000
1993-08-27,461.04998779296875,461.04998779296875,459.19000244140625,460.5400085449219,196140000
1993-08-30,460.5400085449219,462.5799865722656,460.2799987792969,461.8999938964844,194180000
1993-08-31,461.8999938964844,463.55999755859375,461.2900085449219,463.55999755859375,252830000
1993-09-01,463.54998779296875,463.79998779296875,461.7699890136719,463.1499938964844,245040000
1993-09-02,463.1300048828125,463.5400085449219,461.07000732421875,461.29998779296875,259870000
1993-09-03,461.29998779296875,462.04998779296875,459.9100036621094,461.3399963378906,197160000
1993-09-07,461.3399963378906,462.07000732421875,457.95001220703125,458.5199890136719,229500000
1993-09-08,458.5199890136719,458.5299987792969,453.75,456.6499938964844,283100000
1993-09-09,456.6499938964844,458.1099853515625,455.1700134277344,457.5,258070000
1993-09-10,457.489990234375,461.8599853515625,457.489990234375,461.7200012207031,269950000
1993-09-13,461.70001220703125,463.3800048828125,461.4100036621094,462.05999755859375,244970000
1993-09-14,461.92999267578125,461.92999267578125,458.1499938964844,459.8999938964844,258650000
1993-09-15,459.8999938964844,461.9599914550781,456.30999755859375,461.6000061035156,294410000
1993-09-16,461.5400085449219,461.5400085449219,459.0,459.42999267578125,229700000
1993-09-17,459.42999267578125,459.42999267578125,457.0899963378906,458.8299865722656,381370000
1993-09-20,458.8399963378906,459.9100036621094,455.0,455.04998779296875,231130000
1993-09-21,455.04998779296875,455.79998779296875,449.6400146484375,452.95001220703125,300310000
1993-09-22,452.94000244140625,456.9200134277344,452.94000244140625,456.20001220703125,298960000
1993-09-23,456.25,458.69000244140625,456.25,457.739990234375,275350000
1993-09-24,457.739990234375,458.55999755859375,456.9200134277344,457.6300048828125,248270000
1993-09-27,457.6300048828125,461.80999755859375,457.6300048828125,461.79998779296875,244920000
1993-09-28,461.8399963378906,462.0799865722656,460.9100036621094,461.5299987792969,243320000
1993-09-29,461.6000061035156,462.1700134277344,459.510009765625,460.1099853515625,277690000
1993-09-30,460.1099853515625,460.55999755859375,458.2799987792969,458.92999267578125,280980000
1993-10-01,458.92999267578125,461.4800109863281,458.3500061035156,461.2799987792969,256880000
1993-10-04,461.2799987792969,461.79998779296875,460.0199890136719,461.3399963378906,229380000
1993-10-05,461.3399963378906,463.1499938964844,459.45001220703125,461.20001220703125,294570000
1993-10-06,461.239990234375,462.6000061035156,460.260009765625,460.739990234375,277070000
1993-10-07,460.7099914550781,461.1300048828125,459.0799865722656,459.17999267578125,255210000
1993-10-08,459.17999267578125,460.989990234375,456.3999938964844,460.30999755859375,243600000
1993-10-11,460.30999755859375,461.8699951171875,460.30999755859375,460.8800048828125,183060000
1993-10-12,461.0400085449219,462.4700012207031,460.7300109863281,461.1199951171875,263970000
1993-10-13,461.1199951171875,461.9800109863281,460.760009765625,461.489990234375,290930000
1993-10-14,461.54998779296875,466.8299865722656,461.54998779296875,466.8299865722656,352530000
1993-10-15,466.8299865722656,471.1000061035156,466.8299865722656,469.5,366110000
1993-10-18,469.5,470.0400085449219,468.0199890136719,468.45001220703125,329580000
1993-10-19,468.4100036621094,468.6400146484375,464.79998779296875,466.2099914550781,304400000
1993-10-20,466.2099914550781,466.8699951171875,464.5400085449219,466.07000732421875,305670000
1993-10-21,466.05999755859375,466.6400146484375,464.3800048828125,465.3599853515625,289600000
1993-10-22,465.3599853515625,467.82000732421875,463.2699890136719,463.2699890136719,301440000
1993-10-25,463.2699890136719,464.489990234375,462.04998779296875,464.20001220703125,260310000
1993-10-26,464.20001220703125,464.32000732421875,462.6499938964844,464.29998779296875,284530000
1993-10-27,464.29998779296875,464.6099853515625,463.3599853515625,464.6099853515625,279830000
1993-10-28,464.5199890136719,468.760009765625,464.5199890136719,467.7300109863281,301220000
1993-10-29,467.7200012207031,468.20001220703125,467.3699951171875,467.8299865722656,270570000
1993-11-01,467.8299865722656,469.1099853515625,467.3299865722656,469.1000061035156,256030000
1993-11-02,469.1000061035156,469.1000061035156,466.20001220703125,468.44000244140625,304780000
1993-11-03,468.44000244140625,468.6099853515625,460.95001220703125,463.0199890136719,342110000
1993-11-04,463.0199890136719,463.1600036621094,457.260009765625,457.489990234375,323430000
1993-11-05,457.489990234375,459.6300048828125,454.3599853515625,459.57000732421875,336890000
1993-11-08,459.57000732421875,461.5400085449219,458.7799987792969,460.2099914550781,234340000
1993-11-09,460.2099914550781,463.4200134277344,460.2099914550781,460.3299865722656,276360000
1993-11-10,460.3999938964844,463.7200012207031,459.57000732421875,463.7200012207031,283450000
1993-11-11,463.7200012207031,464.9599914550781,462.489990234375,462.6400146484375,283820000
1993-11-12,462.6400146484375,465.8399963378906,462.6400146484375,465.3900146484375,326240000
1993-11-15,465.3900146484375,466.1300048828125,463.010009765625,463.75,251030000
1993-11-16,463.75,466.739990234375,462.9700012207031,466.739990234375,303980000
1993-11-17,466.739990234375,467.239990234375,462.7300109863281,464.80999755859375,316940000
1993-11-18,464.8299865722656,464.8800048828125,461.7300109863281,463.6199951171875,313490000
1993-11-19,463.5899963378906,463.6000061035156,460.0299987792969,462.6000061035156,302970000
1993-11-22,462.6000061035156,462.6000061035156,457.0799865722656,459.1300048828125,280130000
1993-11-23,459.1300048828125,461.7699890136719,458.4700012207031,461.0299987792969,260400000
1993-11-24,461.0299987792969,462.8999938964844,461.0299987792969,462.3599853515625,230630000
1993-11-26,462.3599853515625,463.6300048828125,462.3599853515625,463.05999755859375,90220000
1993-11-29,463.05999755859375,464.8299865722656,461.8299865722656,461.8999938964844,272710000
1993-11-30,461.8999938964844,463.6199951171875,460.45001220703125,461.7900085449219,286660000
1993-12-01,461.92999267578125,464.4700012207031,461.6300048828125,461.8900146484375,293870000
1993-12-02,461.8900146484375,463.2200012207031,461.45001220703125,463.1099853515625,256370000
1993-12-03,463.1300048828125,464.8900146484375,462.6700134277344,464.8900146484375,268360000
1993-12-06,464.8900146484375,466.8900146484375,464.3999938964844,466.42999267578125,292370000
1993-12-07,466.42999267578125,466.7699890136719,465.44000244140625,466.760009765625,285690000
1993-12-08,465.8800048828125,466.7300109863281,465.4200134277344,466.2900085449219,314460000
1993-12-09,466.2900085449219,466.5400085449219,463.8699951171875,464.17999267578125,287570000
1993-12-10,464.17999267578125,464.8699951171875,462.6600036621094,463.92999267578125,245620000
1993-12-13,463.92999267578125,465.7099914550781,462.7099914550781,465.70001220703125,256580000
1993-12-14,465.7300109863281,466.1199951171875,462.4599914550781,463.05999755859375,275050000
1993-12-15,463.05999755859375,463.69000244140625,461.8399963378906,461.8399963378906,331770000
1993-12-16,461.8599853515625,463.9800109863281,461.8599853515625,463.3399963378906,284620000
1993-12-17,463.3399963378906,466.3800048828125,463.3399963378906,466.3800048828125,363750000
1993-12-20,466.3800048828125,466.8999938964844,465.5299987792969,465.8500061035156,255900000
1993-12-21,465.8399963378906,465.9200134277344,464.0299987792969,465.29998779296875,273370000
1993-12-22,465.0799865722656,467.3800048828125,465.0799865722656,467.32000732421875,272440000
1993-12-23,467.29998779296875,468.9700012207031,467.29998779296875,467.3800048828125,227240000
1993-12-27,467.3999938964844,470.54998779296875,467.3500061035156,470.5400085449219,171200000
1993-12-28,470.6099853515625,471.04998779296875,469.42999267578125,470.94000244140625,200960000
1993-12-29,470.8800048828125,471.2900085449219,469.8699951171875,470.5799865722656,269570000
1993-12-30,470.5799865722656,470.5799865722656,468.0899963378906,468.6400146484375,195860000
1993-12-31,468.6600036621094,470.75,466.45001220703125,466.45001220703125,168590000
1994-01-03,466.510009765625,466.94000244140625,464.3599853515625,465.44000244140625,270140000
1994-01-04,465.44000244140625,466.8900146484375,464.44000244140625,466.8900146484375,326600000
1994-01-05,466.8900146484375,467.82000732421875,465.9200134277344,467.54998779296875,400030000
1994-01-06,467.54998779296875,469.0,467.0199890136719,467.1199951171875,365960000
1994-01-07,467.0899963378906,470.260009765625,467.0299987792969,469.8999938964844,324920000
1994-01-10,469.8999938964844,475.2699890136719,469.54998779296875,475.2699890136719,319490000
1994-01-11,475.2699890136719,475.2799987792969,473.2699890136719,474.1300048828125,305490000
1994-01-12,474.1300048828125,475.05999755859375,472.1400146484375,474.1700134277344,310690000
1994-01-13,474.1700134277344,474.1700134277344,471.79998779296875,472.4700012207031,277970000
1994-01-14,472.5,475.32000732421875,472.5,474.9100036621094,304920000
1994-01-17,474.9100036621094,474.9100036621094,472.8399963378906,473.29998779296875,233980000
1994-01-18,473.29998779296875,475.19000244140625,473.2900085449219,474.25,308840000
1994-01-19,474.25,474.70001220703125,472.2099914550781,474.29998779296875,311370000
1994-01-20,474.29998779296875,475.0,473.4200134277344,474.9800109863281,310450000
1994-01-21,474.9800109863281,475.55999755859375,473.7200012207031,474.7200012207031,346350000
1994-01-24,474.7200012207031,475.20001220703125,471.489990234375,471.9700012207031,296900000
1994-01-25,471.9700012207031,472.55999755859375,470.2699890136719,470.9200134277344,326120000
1994-01-26,470.9200134277344,473.44000244140625,470.7200012207031,473.20001220703125,304660000
1994-01-27,473.20001220703125,477.5199890136719,473.20001220703125,477.04998779296875,346500000
1994-01-28,477.04998779296875,479.75,477.04998779296875,478.70001220703125,313140000
1994-01-31,478.70001220703125,482.8500061035156,478.70001220703125,481.6099853515625,322870000
1994-02-01,481.6000061035156,481.6400146484375,479.17999267578125,479.6199951171875,322510000
1994-02-02,479.6199951171875,482.2300109863281,479.57000732421875,482.0,328960000
1994-02-03,481.9599914550781,481.9599914550781,478.7099914550781,480.7099914550781,318350000
1994-02-04,480.67999267578125,481.0199890136719,469.2799987792969,469.80999755859375,378380000
1994-02-07,469.80999755859375,472.0899963378906,467.57000732421875,471.760009765625,348270000
1994-02-08,471.760009765625,472.3299865722656,469.5,471.04998779296875,318180000
1994-02-09,471.04998779296875,473.4100036621094,471.04998779296875,472.7699890136719,332670000
1994-02-10,472.80999755859375,473.1300048828125,468.9100036621094,468.92999267578125,327250000
1994-02-11,468.92999267578125,471.1300048828125,466.8900146484375,470.17999267578125,213740000
1994-02-14,470.17999267578125,471.989990234375,469.04998779296875,470.2300109863281,263190000
1994-02-15,470.2300109863281,473.4100036621094,470.2300109863281,472.5199890136719,306790000
1994-02-16,472.5299987792969,474.1600036621094,471.94000244140625,472.7900085449219,295450000
1994-02-17,472.7900085449219,475.1199951171875,468.44000244140625,470.3399963378906,340030000
1994-02-18,470.2900085449219,471.0899963378906,466.07000732421875,467.69000244140625,293210000
1994-02-22,467.69000244140625,471.6499938964844,467.5799865722656,471.4599914550781,270900000
1994-02-23,471.4800109863281,472.4100036621094,469.4700012207031,470.69000244140625,309910000
1994-02-24,470.6499938964844,470.6499938964844,464.260009765625,464.260009765625,342940000
1994-02-25,464.3299865722656,466.4800109863281,464.3299865722656,466.07000732421875,273680000
1994-02-28,466.07000732421875,469.1600036621094,466.07000732421875,467.1400146484375,268690000
1994-03-01,467.19000244140625,467.42999267578125,462.0199890136719,464.44000244140625,304450000
1994-03-02,464.3999938964844,464.8699951171875,457.489990234375,464.80999755859375,361130000
1994-03-03,464.80999755859375,464.8299865722656,462.5,463.010009765625,291790000
1994-03-04,463.0299987792969,466.1600036621094,462.4100036621094,464.739990234375,311850000
1994-03-07,464.739990234375,468.07000732421875,464.739990234375,466.9100036621094,285590000
1994-03-08,466.9200134277344,467.7900085449219,465.0199890136719,465.8800048828125,298110000
1994-03-09,465.94000244140625,467.4200134277344,463.3999938964844,467.05999755859375,309810000
1994-03-10,467.0799865722656,467.2900085449219,462.4599914550781,463.8999938964844,369370000
1994-03-11,463.8599853515625,466.6099853515625,462.5400085449219,466.44000244140625,303890000
1994-03-14,466.44000244140625,467.6000061035156,466.0799865722656,467.3900146484375,260150000
1994-03-15,467.3900146484375,468.989990234375,466.0400085449219,467.010009765625,303750000
1994-03-16,467.0400085449219,469.8500061035156,465.4800109863281,469.4200134277344,307640000
1994-03-17,469.4200134277344,471.04998779296875,468.6199951171875,470.8999938964844,303930000
1994-03-18,470.8900146484375,471.0899963378906,467.8299865722656,471.05999755859375,462240000
1994-03-21,471.05999755859375,471.05999755859375,467.2300109863281,468.5400085449219,247380000
1994-03-22,468.3999938964844,470.4700012207031,467.8800048828125,468.79998779296875,282240000
1994-03-23,468.8900146484375,470.3800048828125,468.5199890136719,468.5400085449219,281500000
1994-03-24,468.57000732421875,468.57000732421875,462.4100036621094,464.3500061035156,303740000
1994-03-25,464.3500061035156,465.2900085449219,460.5799865722656,460.5799865722656,249640000
1994-03-28,460.5799865722656,461.1199951171875,456.1000061035156,460.0,287350000
1994-03-29,460.0,460.32000732421875,452.42999267578125,452.4800109863281,305360000
1994-03-30,452.4800109863281,452.489990234375,445.54998779296875,445.54998779296875,390520000
1994-03-31,445.54998779296875,447.1600036621094,436.1600036621094,445.7699890136719,403580000
1994-04-04,445.6600036621094,445.6600036621094,435.8599853515625,438.9200134277344,344390000
1994-04-05,439.1400146484375,448.2900085449219,439.1400146484375,448.2900085449219,365990000
1994-04-06,448.2900085449219,449.6300048828125,444.9800109863281,448.04998779296875,302000000
1994-04-07,448.1099853515625,451.1000061035156,446.3800048828125,450.8800048828125,289280000
1994-04-08,450.8900146484375,450.8900146484375,445.510009765625,447.1000061035156,264090000
1994-04-11,447.1199951171875,450.3399963378906,447.1000061035156,449.8699951171875,243180000
1994-04-12,449.8299865722656,450.79998779296875,447.3299865722656,447.57000732421875,257990000
1994-04-13,447.6300048828125,448.57000732421875,442.6199951171875,446.260009765625,278030000
1994-04-14,446.260009765625,447.54998779296875,443.57000732421875,446.3800048828125,275130000
1994-04-15,446.3800048828125,447.8500061035156,445.80999755859375,446.17999267578125,309550000
1994-04-18,446.2699890136719,447.8699951171875,441.4800109863281,442.4599914550781,271470000
1994-04-19,442.5400085449219,444.82000732421875,438.8299865722656,442.5400085449219,323280000
1994-04-20,442.5400085449219,445.010009765625,439.3999938964844,441.9599914550781,366540000
1994-04-21,441.9599914550781,449.1400146484375,441.9599914550781,448.7300109863281,378770000
1994-04-22,448.7300109863281,449.9599914550781,447.1600036621094,447.6300048828125,295710000
1994-04-25,447.6400146484375,452.7099914550781,447.5799865722656,452.7099914550781,262320000
1994-04-26,452.7099914550781,452.7900085449219,450.6600036621094,451.8699951171875,288120000
1994-04-28,451.8399963378906,452.2300109863281,447.9700012207031,449.1000061035156,325200000
1994-04-29,449.07000732421875,451.3500061035156,447.9100036621094,450.9100036621094,293970000
1994-05-02,450.9100036621094,453.57000732421875,449.04998779296875,453.0199890136719,296130000
1994-05-03,453.05999755859375,453.9800109863281,450.510009765625,453.0299987792969,288270000
1994-05-04,453.0400085449219,453.1099853515625,449.8699951171875,451.7200012207031,267940000
1994-05-05,451.7200012207031,452.82000732421875,450.7200012207031,451.3800048828125,255690000
1994-05-06,451.3699951171875,451.3699951171875,445.6400146484375,447.82000732421875,291910000
1994-05-09,447.82000732421875,447.82000732421875,441.8399963378906,442.32000732421875,250870000
1994-05-10,442.3699951171875,446.8399963378906,442.3699951171875,446.010009765625,297660000
1994-05-11,446.0299987792969,446.0299987792969,440.7799987792969,441.489990234375,277400000
1994-05-12,441.5,444.79998779296875,441.5,443.75,272770000
1994-05-13,443.6199951171875,444.7200012207031,441.2099914550781,444.1400146484375,252070000
1994-05-16,444.1499938964844,445.82000732421875,443.6199951171875,444.489990234375,234700000
1994-05-17,444.489990234375,449.3699951171875,443.70001220703125,449.3699951171875,311280000
1994-05-18,449.3900146484375,454.45001220703125,448.8699951171875,453.69000244140625,337670000
1994-05-19,453.69000244140625,456.8800048828125,453.0,456.4800109863281,303680000
1994-05-20,456.4800109863281,456.4800109863281,454.2200012207031,454.9200134277344,295180000
1994-05-23,454.9200134277344,454.9200134277344,451.7900085449219,453.20001220703125,249420000
1994-05-24,453.2099914550781,456.7699890136719,453.2099914550781,454.80999755859375,280040000
1994-05-25,454.8399963378906,456.3399963378906,452.20001220703125,456.3399963378906,254420000
1994-05-26,456.3299865722656,457.7699890136719,455.7900085449219,457.05999755859375,255740000
1994-05-27,457.0299987792969,457.3299865722656,454.6700134277344,457.3299865722656,186430000
1994-05-31,457.32000732421875,457.6099853515625,455.1600036621094,456.5,216700000
1994-06-01,456.5,458.2900085449219,453.989990234375,457.6300048828125,279910000
1994-06-02,457.6199951171875,458.5,457.260009765625,457.6499938964844,271630000
1994-06-03,457.6499938964844,460.8599853515625,456.2699890136719,460.1300048828125,271490000
1994-06-06,460.1300048828125,461.8699951171875,458.8500061035156,458.8800048828125,259080000
1994-06-07,458.8800048828125,459.4599914550781,457.6499938964844,458.2099914550781,234680000
1994-06-08,458.2099914550781,459.739990234375,455.42999267578125,457.05999755859375,256000000
1994-06-09,457.05999755859375,457.8699951171875,455.8599853515625,457.8599853515625,252870000
1994-06-10,457.8599853515625,459.4800109863281,457.3599853515625,458.6700134277344,222480000
1994-06-13,458.6700134277344,459.3599853515625,457.17999267578125,459.1000061035156,243640000
1994-06-14,459.1000061035156,462.5199890136719,459.1000061035156,462.3699951171875,288550000
1994-06-15,462.3800048828125,463.2300109863281,459.95001220703125,460.6099853515625,269740000
1994-06-16,460.6099853515625,461.92999267578125,459.79998779296875,461.92999267578125,256390000
1994-06-17,461.92999267578125,462.1600036621094,458.44000244140625,458.45001220703125,373450000
1994-06-20,458.45001220703125,458.45001220703125,454.4599914550781,455.4800109863281,229520000
1994-06-21,455.4800109863281,455.4800109863281,449.45001220703125,451.3399963378906,298730000
1994-06-22,451.3999938964844,453.9100036621094,451.3999938964844,453.0899963378906,251110000
1994-06-23,453.0899963378906,454.1600036621094,449.42999267578125,449.6300048828125,256480000
1994-06-24,449.6300048828125,449.6300048828125,442.510009765625,442.79998779296875,261260000
1994-06-27,442.7799987792969,447.760009765625,439.8299865722656,447.30999755859375,250080000
1994-06-28,447.3599853515625,448.4700012207031,443.0799865722656,446.07000732421875,267740000
1994-06-29,446.04998779296875,449.8299865722656,446.0400085449219,447.6300048828125,264430000
1994-06-30,447.6300048828125,448.6099853515625,443.6600036621094,444.2699890136719,293410000
1994-07-01,444.2699890136719,446.45001220703125,443.5799865722656,446.20001220703125,199030000
1994-07-05,446.20001220703125,447.6199951171875,445.1400146484375,446.3699951171875,195410000
1994-07-06,446.2900085449219,447.2799987792969,444.17999267578125,446.1300048828125,236230000
1994-07-07,446.1499938964844,448.6400146484375,446.1499938964844,448.3800048828125,259740000
1994-07-08,448.3800048828125,449.75,446.5299987792969,449.54998779296875,236520000
1994-07-11,449.55999755859375,450.239990234375,445.2699890136719,448.05999755859375,222970000
1994-07-12,448.0199890136719,448.1600036621094,444.6499938964844,447.95001220703125,252250000
1994-07-13,448.0299987792969,450.05999755859375,447.9700012207031,448.7300109863281,265840000
1994-07-14,448.7300109863281,454.3299865722656,448.7300109863281,453.4100036621094,322330000
1994-07-15,453.2799987792969,454.3299865722656,452.79998779296875,454.1600036621094,275860000
1994-07-18,454.4100036621094,455.7099914550781,453.260009765625,455.2200012207031,227460000
1994-07-19,455.2200012207031,455.29998779296875,453.8599853515625,453.8599853515625,251530000
1994-07-20,453.8900146484375,454.1600036621094,450.69000244140625,451.6000061035156,267840000
1994-07-21,451.6000061035156,453.2200012207031,451.0,452.6099853515625,292120000
1994-07-22,452.6099853515625,454.0299987792969,452.3299865722656,453.1099853515625,261600000
1994-07-25,453.1000061035156,454.32000732421875,452.760009765625,454.25,213470000
1994-07-26,454.25,454.25,452.7799987792969,453.3599853515625,232670000
1994-07-27,453.3599853515625,453.3800048828125,451.3599853515625,452.57000732421875,251680000
1994-07-28,452.57000732421875,454.92999267578125,452.29998779296875,454.239990234375,245990000
1994-07-29,454.25,459.3299865722656,454.25,458.260009765625,269560000
1994-08-01,458.2799987792969,461.010009765625,458.0799865722656,461.010009765625,258180000
1994-08-02,461.010009765625,462.7699890136719,459.70001220703125,460.55999755859375,294740000
1994-08-03,460.6499938964844,461.4599914550781,459.510009765625,461.45001220703125,283840000
1994-08-04,461.45001220703125,461.489990234375,458.3999938964844,458.3999938964844,289150000
1994-08-05,458.3399963378906,458.3399963378906,456.0799865722656,457.0899963378906,230270000
1994-08-08,457.0799865722656,458.29998779296875,457.010009765625,457.8900146484375,217680000
1994-08-09,457.8900146484375,458.1600036621094,456.6600036621094,457.9200134277344,259140000
1994-08-10,457.9800109863281,460.4800109863281,457.9800109863281,460.29998779296875,279500000
1994-08-11,460.30999755859375,461.4100036621094,456.8800048828125,458.8800048828125,275690000
1994-08-12,458.8800048828125,462.2699890136719,458.8800048828125,461.94000244140625,249280000
1994-08-15,461.9700012207031,463.3399963378906,461.2099914550781,461.2300109863281,223210000
1994-08-16,461.2200012207031,465.20001220703125,459.8900146484375,465.010009765625,306640000
1994-08-17,465.1099853515625,465.9100036621094,464.57000732421875,465.1700134277344,309250000
1994-08-18,465.1000061035156,465.1000061035156,462.29998779296875,463.1700134277344,287330000
1994-08-19,463.25,464.3699951171875,461.80999755859375,463.67999267578125,276630000
1994-08-22,463.6099853515625,463.6099853515625,461.4599914550781,462.32000732421875,235870000
1994-08-23,462.3900146484375,466.5799865722656,462.3900146484375,464.510009765625,307240000
1994-08-24,464.510009765625,469.04998779296875,464.510009765625,469.0299987792969,310510000
1994-08-25,469.07000732421875,470.1199951171875,467.6400146484375,468.0799865722656,284230000
1994-08-26,468.0799865722656,474.6499938964844,468.0799865722656,473.79998779296875,305120000
1994-08-29,473.8900146484375,477.1400146484375,473.8900146484375,474.5899963378906,266080000
1994-08-30,474.5899963378906,476.6099853515625,473.55999755859375,476.07000732421875,294520000
1994-08-31,476.07000732421875,477.5899963378906,474.42999267578125,475.489990234375,354650000
1994-09-01,475.489990234375,475.489990234375,471.739990234375,473.1700134277344,282830000
1994-09-02,473.20001220703125,474.8900146484375,470.6700134277344,470.989990234375,216150000
1994-09-06,471.0,471.9200134277344,469.6400146484375,471.8599853515625,199670000
1994-09-07,471.8599853515625,472.4100036621094,470.20001220703125,470.989990234375,290330000
1994-09-08,470.9599914550781,473.3999938964844,470.8599853515625,473.1400146484375,295010000
1994-09-09,473.1300048828125,473.1300048828125,466.54998779296875,468.17999267578125,293360000
1994-09-12,468.17999267578125,468.4200134277344,466.1499938964844,466.2099914550781,244680000
1994-09-13,466.2699890136719,468.760009765625,466.2699890136719,467.510009765625,293370000
1994-09-14,467.54998779296875,468.8599853515625,466.82000732421875,468.79998779296875,297480000
1994-09-15,468.79998779296875,474.80999755859375,468.7900085449219,474.80999755859375,281920000
1994-09-16,474.80999755859375,474.80999755859375,470.05999755859375,471.19000244140625,410750000
1994-09-19,471.2099914550781,473.1499938964844,470.67999267578125,470.8500061035156,277110000
1994-09-20,470.8299865722656,470.8299865722656,463.3599853515625,463.3599853515625,326050000
1994-09-21,463.4200134277344,464.010009765625,458.4700012207031,461.4599914550781,351830000
1994-09-22,461.45001220703125,463.2200012207031,460.9599914550781,461.2699890136719,305210000
1994-09-23,461.2699890136719,462.1400146484375,459.010009765625,459.6700134277344,300060000
1994-09-26,459.6499938964844,460.8699951171875,459.30999755859375,460.82000732421875,272530000
1994-09-27,460.82000732421875,462.75,459.8299865722656,462.04998779296875,290330000
1994-09-28,462.1000061035156,465.54998779296875,462.1000061035156,464.8399963378906,330020000
1994-09-29,464.8399963378906,464.8399963378906,461.510009765625,462.239990234375,302280000
1994-09-30,462.2699890136719,465.29998779296875,461.9100036621094,462.7099914550781,291900000
1994-10-03,462.69000244140625,463.30999755859375,460.3299865722656,461.739990234375,269130000
1994-10-04,461.7699890136719,462.4599914550781,454.0299987792969,454.5899963378906,325620000
1994-10-05,454.5899963378906,454.5899963378906,449.2699890136719,453.5199890136719,359670000
1994-10-06,453.5199890136719,454.489990234375,452.1300048828125,452.3599853515625,272620000
1994-10-07,452.3699951171875,455.6700134277344,452.1300048828125,455.1000061035156,284230000
1994-10-10,455.1199951171875,459.2900085449219,455.1199951171875,459.0400085449219,213110000
1994-10-11,459.0400085449219,466.3399963378906,459.0400085449219,465.7900085449219,355540000
1994-10-12,465.7799987792969,466.70001220703125,464.7900085449219,465.4700012207031,269550000
1994-10-13,465.55999755859375,471.29998779296875,465.55999755859375,467.7900085449219,337900000
1994-10-14,467.7799987792969,469.5299987792969,466.1099853515625,469.1000061035156,251770000
1994-10-17,469.1099853515625,469.8800048828125,468.1600036621094,468.9599914550781,238490000
1994-10-18,469.0199890136719,469.19000244140625,466.5400085449219,467.6600036621094,259730000
1994-10-19,467.69000244140625,471.42999267578125,465.9599914550781,470.2799987792969,317030000
1994-10-20,470.3699951171875,470.3699951171875,465.3900146484375,466.8500061035156,331460000
1994-10-21,466.69000244140625,466.69000244140625,463.8299865722656,464.8900146484375,315310000
1994-10-24,464.8900146484375,466.3699951171875,460.79998779296875,460.8299865722656,282800000
1994-10-25,460.8299865722656,461.95001220703125,458.260009765625,461.5299987792969,326110000
1994-10-26,461.54998779296875,463.7699890136719,461.2200012207031,462.6199951171875,322570000
1994-10-27,462.67999267578125,465.8500061035156,462.6199951171875,465.8500061035156,327790000
1994-10-28,465.8399963378906,473.7799987792969,465.79998779296875,473.7699890136719,381450000
1994-10-31,473.760009765625,474.739990234375,472.3299865722656,472.3500061035156,302820000
1994-11-01,472.260009765625,472.260009765625,467.6400146484375,468.4200134277344,314940000
1994-11-02,468.4100036621094,470.9200134277344,466.3599853515625,466.510009765625,331360000
1994-11-03,466.5,468.6400146484375,466.3999938964844,467.9100036621094,285170000
1994-11-04,467.9599914550781,469.2799987792969,462.2799987792969,462.2799987792969,280560000
1994-11-07,462.30999755859375,463.55999755859375,461.25,463.07000732421875,255030000
1994-11-08,463.0799865722656,467.5400085449219,463.07000732421875,465.6499938964844,290860000
1994-11-09,465.6499938964844,469.95001220703125,463.4599914550781,465.3999938964844,337780000
1994-11-10,465.3999938964844,467.7900085449219,463.7300109863281,464.3699951171875,280910000
1994-11-11,464.1700134277344,464.1700134277344,461.45001220703125,462.3500061035156,220800000
1994-11-14,462.44000244140625,466.2900085449219,462.3500061035156,466.0400085449219,260380000
1994-11-15,466.0400085449219,468.510009765625,462.95001220703125,465.0299987792969,336450000
1994-11-16,465.05999755859375,466.25,464.2799987792969,465.6199951171875,296980000
1994-11-17,465.7099914550781,465.8299865722656,461.4700012207031,463.57000732421875,323190000
1994-11-18,463.6000061035156,463.8399963378906,460.25,461.4700012207031,356730000
1994-11-21,461.69000244140625,463.4100036621094,457.54998779296875,458.29998779296875,293030000
1994-11-22,457.95001220703125,458.0299987792969,450.0799865722656,450.0899963378906,387270000
1994-11-23,450.010009765625,450.6099853515625,444.17999267578125,449.92999267578125,430760000
1994-11-25,449.94000244140625,452.8699951171875,449.94000244140625,452.2900085449219,118290000
1994-11-28,452.260009765625,454.19000244140625,451.0400085449219,454.1600036621094,265480000
1994-11-29,454.2300109863281,455.1700134277344,452.1400146484375,455.1700134277344,286620000
1994-11-30,455.1700134277344,457.1300048828125,453.2699890136719,453.69000244140625,298650000
1994-12-01,453.54998779296875,453.9100036621094,447.9700012207031,448.9200134277344,285920000
1994-12-02,448.9200134277344,453.30999755859375,448.0,453.29998779296875,284750000
1994-12-05,453.29998779296875,455.0400085449219,452.05999755859375,453.32000732421875,258490000
1994-12-06,453.2900085449219,453.92999267578125,450.3500061035156,453.1099853515625,298930000
1994-12-07,453.1099853515625,453.1099853515625,450.010009765625,451.2300109863281,283490000
1994-12-08,451.2300109863281,452.05999755859375,444.5899963378906,445.45001220703125,362290000
1994-12-09,445.45001220703125,446.9800109863281,442.8800048828125,446.9599914550781,336440000
1994-12-12,446.95001220703125,449.4800109863281,445.6199951171875,449.4700012207031,285730000
1994-12-13,449.5199890136719,451.69000244140625,449.42999267578125,450.1499938964844,307110000
1994-12-14,450.04998779296875,456.1600036621094,450.04998779296875,454.9700012207031,355000000
1994-12-15,454.9700012207031,456.8399963378906,454.5,455.3399963378906,332790000
1994-12-16,455.3500061035156,458.79998779296875,455.3500061035156,458.79998779296875,481860000
1994-12-19,458.7799987792969,458.7799987792969,456.6400146484375,457.9100036621094,271850000
1994-12-20,458.0799865722656,458.45001220703125,456.3699951171875,457.1000061035156,326530000
1994-12-21,457.239990234375,461.70001220703125,457.1700134277344,459.6099853515625,379130000
1994-12-22,459.6199951171875,461.2099914550781,459.3299865722656,459.67999267578125,340330000
1994-12-23,459.70001220703125,461.32000732421875,459.3900146484375,459.8299865722656,196540000
1994-12-27,459.8500061035156,462.7300109863281,459.8500061035156,462.4700012207031,211180000
1994-12-28,462.4700012207031,462.489990234375,459.0,460.8599853515625,246260000
1994-12-29,460.9200134277344,461.80999755859375,460.3599853515625,461.1700134277344,250650000
1994-12-30,461.1700134277344,462.1199951171875,459.239990234375,459.2699890136719,256260000
1995-01-03,459.2099914550781,459.2699890136719,457.20001220703125,459.1099853515625,262450000
1995-01-04,459.1300048828125,460.7200012207031,457.55999755859375,460.7099914550781,319510000
1995-01-05,460.7300109863281,461.29998779296875,459.75,460.3399963378906,309050000
1995-01-06,460.3800048828125,462.489990234375,459.4700012207031,460.67999267578125,308070000
1995-01-09,460.6700134277344,461.7699890136719,459.739990234375,460.8299865722656,278790000
1995-01-10,460.8999938964844,464.5899963378906,460.8999938964844,461.67999267578125,352450000
1995-01-11,461.67999267578125,463.6099853515625,458.6499938964844,461.6600036621094,346310000
1995-01-12,461.6400146484375,461.92999267578125,460.6300048828125,461.6400146484375,313040000
1995-01-13,461.6400146484375,466.42999267578125,461.6400146484375,465.9700012207031,336740000
1995-01-16,465.9700012207031,470.3900146484375,465.9700012207031,469.3800048828125,315810000
1995-01-17,469.3800048828125,470.1499938964844,468.19000244140625,470.04998779296875,331520000
1995-01-18,470.04998779296875,470.42999267578125,468.0299987792969,469.7099914550781,344660000
1995-01-19,469.7200012207031,469.7200012207031,466.3999938964844,466.95001220703125,297220000
1995-01-20,466.95001220703125,466.989990234375,463.989990234375,464.7799987792969,378190000
1995-01-23,464.7799987792969,466.2300109863281,461.1400146484375,465.82000732421875,325830000
1995-01-24,465.80999755859375,466.8800048828125,465.4700012207031,465.8599853515625,315430000
1995-01-25,465.8599853515625,469.510009765625,464.3999938964844,467.44000244140625,342610000
1995-01-26,467.44000244140625,468.6199951171875,466.8999938964844,468.32000732421875,304730000
1995-01-27,468.32000732421875,471.3599853515625,468.32000732421875,470.3900146484375,339510000
1995-01-30,470.3900146484375,470.5199890136719,467.489990234375,468.510009765625,318550000
1995-01-31,468.510009765625,471.0299987792969,468.17999267578125,470.4200134277344,411590000
1995-02-01,470.4200134277344,472.75,469.2900085449219,470.3999938964844,395310000
1995-02-02,470.3999938964844,472.7900085449219,469.95001220703125,472.7900085449219,322110000
1995-02-03,472.7799987792969,479.9100036621094,472.7799987792969,478.6499938964844,441000000
1995-02-06,478.6400146484375,481.95001220703125,478.3599853515625,481.1400146484375,325660000
1995-02-07,481.1400146484375,481.32000732421875,479.69000244140625,480.80999755859375,314660000
1995-02-08,480.80999755859375,482.6000061035156,480.3999938964844,481.19000244140625,318430000
1995-02-09,481.19000244140625,482.0,479.9100036621094,480.19000244140625,325570000
1995-02-10,480.19000244140625,481.9599914550781,479.5299987792969,481.4599914550781,295600000
1995-02-13,481.4599914550781,482.8599853515625,481.07000732421875,481.6499938964844,256270000
1995-02-14,481.6499938964844,482.94000244140625,480.8900146484375,482.54998779296875,300720000
1995-02-15,482.54998779296875,485.5400085449219,481.7699890136719,484.5400085449219,378040000
1995-02-16,484.55999755859375,485.2200012207031,483.04998779296875,485.2200012207031,360990000
1995-02-17,485.1499938964844,485.2200012207031,481.9700012207031,481.9700012207031,347970000
1995-02-21,481.95001220703125,483.260009765625,481.94000244140625,482.7200012207031,308090000
1995-02-22,482.739990234375,486.1499938964844,482.45001220703125,485.07000732421875,339460000
1995-02-23,485.07000732421875,489.19000244140625,485.07000732421875,486.9100036621094,394280000
1995-02-24,486.82000732421875,488.2799987792969,485.70001220703125,488.1099853515625,302930000
1995-02-27,488.260009765625,488.260009765625,483.17999267578125,483.80999755859375,285790000
1995-02-28,483.80999755859375,487.44000244140625,483.7699890136719,487.3900146484375,317220000
1995-03-01,487.3900146484375,487.8299865722656,484.9200134277344,485.6499938964844,362600000
1995-03-02,485.6499938964844,485.7099914550781,483.19000244140625,485.1300048828125,330030000
1995-03-03,485.1300048828125,485.4200134277344,483.07000732421875,485.4200134277344,330840000
1995-03-06,485.4200134277344,485.70001220703125,481.5199890136719,485.6300048828125,298870000
1995-03-07,485.6300048828125,485.6300048828125,479.70001220703125,482.1199951171875,355550000
1995-03-08,482.1199951171875,484.0799865722656,481.57000732421875,483.1400146484375,349780000
1995-03-09,483.1400146484375,483.739990234375,482.04998779296875,483.1600036621094,319320000
1995-03-10,483.1600036621094,490.3699951171875,483.1600036621094,489.57000732421875,382940000
1995-03-13,489.57000732421875,491.2799987792969,489.3500061035156,490.04998779296875,275280000
1995-03-14,490.04998779296875,493.69000244140625,490.04998779296875,492.8900146484375,346160000
1995-03-15,492.8900146484375,492.8900146484375,490.8299865722656,491.8800048828125,309540000
1995-03-16,491.8699951171875,495.739990234375,491.7799987792969,495.4100036621094,336670000
1995-03-17,495.42999267578125,496.6700134277344,494.95001220703125,495.5199890136719,417380000
1995-03-20,495.5199890136719,496.6099853515625,495.2699890136719,496.1400146484375,301740000
1995-03-21,496.1499938964844,499.19000244140625,494.0400085449219,495.07000732421875,367110000
1995-03-22,495.07000732421875,495.6700134277344,493.6700134277344,495.6700134277344,313120000
1995-03-23,495.6700134277344,496.7699890136719,494.19000244140625,495.95001220703125,318530000
1995-03-24,496.07000732421875,500.9700012207031,496.07000732421875,500.9700012207031,358370000
1995-03-27,500.9700012207031,503.20001220703125,500.92999267578125,503.20001220703125,296270000
1995-03-28,503.19000244140625,503.9100036621094,501.8299865722656,503.8999938964844,320360000
1995-03-29,503.9200134277344,508.1499938964844,500.9599914550781,503.1199951171875,385940000
1995-03-30,503.1700134277344,504.6600036621094,501.0,502.2200012207031,362940000
1995-03-31,501.94000244140625,502.2200012207031,495.70001220703125,500.7099914550781,353060000
1995-04-03,500.70001220703125,501.9100036621094,500.20001220703125,501.8500061035156,296430000
1995-04-04,501.8500061035156,505.260009765625,501.8500061035156,505.239990234375,330580000
1995-04-05,505.2699890136719,505.57000732421875,503.1700134277344,505.57000732421875,315170000
1995-04-06,505.6300048828125,507.1000061035156,505.0,506.0799865722656,320460000
1995-04-07,506.1300048828125,507.19000244140625,503.5899963378906,506.4200134277344,314760000
1995-04-10,506.29998779296875,507.010009765625,504.6099853515625,507.010009765625,260980000
1995-04-11,507.239990234375,508.8500061035156,505.2900085449219,505.5299987792969,310660000
1995-04-12,505.5899963378906,507.1700134277344,505.07000732421875,507.1700134277344,327880000
1995-04-13,507.19000244140625,509.8299865722656,507.1700134277344,509.2300109863281,301580000
1995-04-17,509.2300109863281,512.030029296875,505.42999267578125,506.1300048828125,333930000
1995-04-18,506.42999267578125,507.6499938964844,504.1199951171875,505.3699951171875,344680000
1995-04-19,505.3699951171875,505.8900146484375,501.19000244140625,504.9200134277344,378050000
1995-04-20,504.9200134277344,506.5,503.44000244140625,505.2900085449219,368450000
1995-04-21,505.6300048828125,508.489990234375,505.6300048828125,508.489990234375,403250000
1995-04-24,508.489990234375,513.02001953125,507.44000244140625,512.8900146484375,326280000
1995-04-25,512.7999877929688,513.5399780273438,511.32000732421875,512.0999755859375,351790000
1995-04-26,511.989990234375,513.0399780273438,510.4700012207031,512.6599731445312,350810000
1995-04-27,512.7000122070312,513.6199951171875,511.6300048828125,513.5499877929688,350850000
1995-04-28,513.6400146484375,515.2899780273438,510.8999938964844,514.7100219726562,320440000
1995-05-01,514.760009765625,515.5999755859375,513.4199829101562,514.260009765625,296830000
1995-05-02,514.22998046875,515.1799926757812,513.030029296875,514.8599853515625,302560000
1995-05-03,514.9299926757812,520.5399780273438,514.8599853515625,520.47998046875,392370000
1995-05-04,520.47998046875,525.4000244140625,519.4400024414062,520.5399780273438,434990000
1995-05-05,520.75,522.3499755859375,518.280029296875,520.1199951171875,342380000
1995-05-08,520.0900268554688,525.1500244140625,519.1400146484375,523.9600219726562,291810000
1995-05-09,523.9600219726562,525.989990234375,521.7899780273438,523.5599975585938,361300000
1995-05-10,523.739990234375,524.4000244140625,521.530029296875,524.3599853515625,381990000
1995-05-11,524.3300170898438,524.8900146484375,522.7000122070312,524.3699951171875,339900000
1995-05-12,524.3699951171875,527.0499877929688,523.2999877929688,525.5499877929688,361000000
1995-05-15,525.5499877929688,527.739990234375,525.0,527.739990234375,316240000
1995-05-16,527.739990234375,529.0800170898438,526.4500122070312,528.1900024414062,366180000
1995-05-17,528.1900024414062,528.4199829101562,525.3800048828125,527.0700073242188,347930000
1995-05-18,526.8800048828125,526.8800048828125,519.5800170898438,519.5800170898438,351900000
1995-05-19,519.5800170898438,519.5800170898438,517.0700073242188,519.1900024414062,354010000
1995-05-22,519.1900024414062,524.3400268554688,519.1900024414062,523.6500244140625,285600000
1995-05-23,523.6500244140625,528.5900268554688,523.6500244140625,528.5900268554688,362690000
1995-05-24,528.5900268554688,531.9099731445312,525.5700073242188,528.6099853515625,391770000
1995-05-25,528.3699951171875,529.0399780273438,524.8900146484375,528.5900268554688,341820000
1995-05-26,528.5900268554688,528.5900268554688,522.510009765625,523.6500244140625,291220000
1995-05-30,523.6500244140625,525.5800170898438,521.3800048828125,523.5800170898438,283020000
1995-05-31,523.7000122070312,533.4099731445312,522.1699829101562,533.4000244140625,358180000
1995-06-01,533.4000244140625,534.2100219726562,530.0499877929688,533.489990234375,345920000
1995-06-02,533.489990234375,536.9099731445312,529.5499877929688,532.510009765625,366000000
1995-06-05,532.510009765625,537.72998046875,532.469970703125,535.5999755859375,337520000
1995-06-06,535.5999755859375,537.0900268554688,535.1400146484375,535.5499877929688,340490000
1995-06-07,535.5499877929688,535.5499877929688,531.6599731445312,533.1300048828125,327790000
1995-06-08,533.1300048828125,533.5599975585938,531.6500244140625,532.3499755859375,289880000
1995-06-09,532.3499755859375,532.3499755859375,526.0,527.9400024414062,327570000
1995-06-12,527.9400024414062,532.5399780273438,527.9400024414062,530.8800048828125,289920000
1995-06-13,530.8800048828125,536.22998046875,530.8800048828125,536.0499877929688,339660000
1995-06-14,536.0499877929688,536.47998046875,533.8300170898438,536.469970703125,330770000
1995-06-15,536.47998046875,539.0700073242188,535.5599975585938,537.1199951171875,334700000
1995-06-16,537.510009765625,539.97998046875,537.1199951171875,539.8300170898438,442740000
1995-06-19,539.8300170898438,545.219970703125,539.8300170898438,545.219970703125,322990000
1995-06-20,545.219970703125,545.4400024414062,543.4299926757812,544.97998046875,382370000
1995-06-21,544.97998046875,545.9299926757812,543.9000244140625,543.97998046875,398210000
1995-06-22,543.97998046875,551.0700073242188,543.97998046875,551.0700073242188,421000000
1995-06-23,551.0700073242188,551.0700073242188,548.22998046875,549.7100219726562,321660000
1995-06-26,549.7100219726562,549.7899780273438,544.0599975585938,544.1300048828125,296720000
1995-06-27,544.1099853515625,547.0700073242188,542.1900024414062,542.4299926757812,346950000
1995-06-28,542.4299926757812,546.3300170898438,540.719970703125,544.72998046875,368060000
1995-06-29,544.72998046875,546.25,540.7899780273438,543.8699951171875,313080000
1995-06-30,543.8699951171875,546.8200073242188,543.510009765625,544.75,311650000
1995-07-03,544.75,547.0999755859375,544.4299926757812,547.0900268554688,117900000
1995-07-05,547.0900268554688,549.97998046875,546.280029296875,547.260009765625,357850000
1995-07-06,547.260009765625,553.989990234375,546.5900268554688,553.989990234375,420500000
1995-07-07,553.9000244140625,556.5700073242188,553.0499877929688,556.3699951171875,466540000
1995-07-10,556.3699951171875,558.47998046875,555.77001953125,557.1900024414062,409700000
1995-07-11,556.780029296875,557.1900024414062,553.7999877929688,554.780029296875,376770000
1995-07-12,555.27001953125,561.5599975585938,554.27001953125,560.8900146484375,416360000
1995-07-13,560.8900146484375,562.0,559.0700073242188,561.0,387500000
1995-07-14,561.0,561.0,556.4099731445312,559.8900146484375,312930000
1995-07-17,560.3400268554688,562.9400024414062,559.4500122070312,562.719970703125,322540000
1995-07-18,562.5499877929688,562.719970703125,556.8599853515625,558.4600219726562,372230000
1995-07-19,556.5800170898438,558.4600219726562,542.510009765625,550.97998046875,489850000
1995-07-20,550.97998046875,554.4299926757812,549.0999755859375,553.5399780273438,383380000
1995-07-21,553.3400268554688,554.72998046875,550.9099731445312,553.6199951171875,431830000
1995-07-24,553.6199951171875,557.2100219726562,553.6199951171875,556.6300048828125,315300000
1995-07-25,556.6300048828125,561.75,556.3400268554688,561.0999755859375,373200000
1995-07-26,561.0999755859375,563.780029296875,560.8499755859375,561.6099853515625,393470000
1995-07-27,561.6099853515625,565.3300170898438,561.6099853515625,565.219970703125,356570000
1995-07-28,565.219970703125,565.4000244140625,562.0399780273438,562.9299926757812,311590000
1995-07-31,562.9299926757812,563.489990234375,560.0599975585938,562.0599975585938,291950000
1995-08-01,562.0599975585938,562.1099853515625,556.6699829101562,559.6400146484375,332210000
1995-08-02,559.6400146484375,565.6199951171875,557.8699951171875,558.7999877929688,374330000
1995-08-03,558.7999877929688,558.7999877929688,554.0999755859375,558.75,353110000
1995-08-04,558.75,559.5700073242188,557.9099731445312,558.9400024414062,314740000
1995-08-07,558.9400024414062,561.239990234375,558.9400024414062,560.030029296875,277050000
1995-08-08,560.030029296875,561.530029296875,558.3200073242188,560.3900146484375,306090000
1995-08-09,560.3900146484375,561.5900268554688,559.2899780273438,559.7100219726562,303390000
1995-08-10,559.7100219726562,560.6300048828125,556.0499877929688,557.4500122070312,306660000
1995-08-11,557.4500122070312,558.5,553.0399780273438,555.1099853515625,267850000
1995-08-14,555.1099853515625,559.739990234375,554.760009765625,559.739990234375,264920000
1995-08-15,559.739990234375,559.97998046875,555.219970703125,558.5700073242188,330070000
1995-08-16,558.5700073242188,559.97998046875,557.3699951171875,559.969970703125,390170000
1995-08-17,559.969970703125,559.969970703125,557.4199829101562,559.0399780273438,354460000
1995-08-18,559.0399780273438,561.239990234375,558.3400268554688,559.2100219726562,320490000
1995-08-21,559.2100219726562,563.3400268554688,557.8900146484375,558.1099853515625,303200000
1995-08-22,558.1099853515625,559.52001953125,555.8699951171875,559.52001953125,290890000
1995-08-23,559.52001953125,560.0,557.0800170898438,557.1400146484375,291890000
1995-08-24,557.1400146484375,558.6300048828125,555.2000122070312,557.4600219726562,299200000
1995-08-25,557.4600219726562,561.3099975585938,557.4600219726562,560.0999755859375,255990000
1995-08-28,560.0999755859375,562.219970703125,557.989990234375,559.0499877929688,267860000
1995-08-29,559.0499877929688,560.010009765625,555.7100219726562,560.0,311290000
1995-08-30,560.0,561.52001953125,559.489990234375,560.9199829101562,329840000
1995-08-31,561.0900268554688,562.3599853515625,560.489990234375,561.8800048828125,300920000
1995-09-01,561.8800048828125,564.6199951171875,561.010009765625,563.8400268554688,256730000
1995-09-05,563.8599853515625,569.2000122070312,563.8400268554688,569.1699829101562,332670000
1995-09-06,569.1699829101562,570.530029296875,569.0,570.1699829101562,369540000
1995-09-07,570.1699829101562,571.1099853515625,569.22998046875,570.2899780273438,321720000
1995-09-08,570.2899780273438,572.6799926757812,569.27001953125,572.6799926757812,317940000
1995-09-11,572.6799926757812,575.1500244140625,572.6799926757812,573.9099731445312,296840000
1995-09-12,573.9099731445312,576.510009765625,573.1099853515625,576.510009765625,344540000
1995-09-13,576.510009765625,579.719970703125,575.469970703125,578.77001953125,384380000
1995-09-14,578.77001953125,583.989990234375,578.77001953125,583.6099853515625,382880000
1995-09-15,583.6099853515625,585.0700073242188,581.7899780273438,583.3499755859375,459370000
1995-09-18,583.3499755859375,583.3699951171875,579.3599853515625,582.77001953125,326090000
1995-09-19,582.780029296875,584.239990234375,580.75,584.2000122070312,371170000
1995-09-20,584.2000122070312,586.77001953125,584.1799926757812,586.77001953125,400050000
1995-09-21,586.77001953125,586.7899780273438,580.9099731445312,583.0,367100000
1995-09-22,583.0,583.0,578.25,581.72998046875,370790000
1995-09-25,581.72998046875,582.1400146484375,579.5,581.8099975585938,273120000
1995-09-26,581.8099975585938,584.6599731445312,580.6500244140625,581.4099731445312,363630000
1995-09-27,581.4099731445312,581.4199829101562,574.6799926757812,581.0399780273438,411300000
1995-09-28,581.0399780273438,585.8800048828125,580.6900024414062,585.8699951171875,367720000
1995-09-29,585.8699951171875,587.6099853515625,584.0,584.4099731445312,335250000
1995-10-02,584.4099731445312,585.0499877929688,580.5399780273438,581.719970703125,304990000
1995-10-03,581.719970703125,582.3400268554688,578.47998046875,582.3400268554688,385940000
1995-10-04,582.3400268554688,582.3400268554688,579.9099731445312,581.469970703125,339380000
1995-10-05,581.469970703125,582.6300048828125,579.5800170898438,582.6300048828125,367480000
1995-10-06,582.6300048828125,584.5399780273438,582.0999755859375,582.489990234375,313680000
1995-10-09,582.489990234375,582.489990234375,576.3499755859375,578.3699951171875,275320000
1995-10-10,578.3699951171875,578.3699951171875,571.5499877929688,577.52001953125,412710000
1995-10-11,577.52001953125,579.52001953125,577.0800170898438,579.4600219726562,340740000
1995-10-12,579.4600219726562,583.1199951171875,579.4600219726562,583.0999755859375,344060000
1995-10-13,583.0999755859375,587.3900146484375,583.0999755859375,584.5,374680000
1995-10-16,584.5,584.8599853515625,582.6300048828125,583.030029296875,300750000
1995-10-17,583.030029296875,586.780029296875,581.9000244140625,586.780029296875,356380000
1995-10-18,586.780029296875,589.77001953125,586.27001953125,587.4400024414062,411270000
1995-10-19,587.4400024414062,590.6599731445312,586.3400268554688,590.6500244140625,406620000
1995-10-20,590.6500244140625,590.6599731445312,586.780029296875,587.4600219726562,389360000
1995-10-23,587.4600219726562,587.4600219726562,583.72998046875,585.0599975585938,330750000
1995-10-24,585.0599975585938,587.3099975585938,584.75,586.5399780273438,415540000
1995-10-25,586.5399780273438,587.1900024414062,581.4099731445312,582.469970703125,433620000
1995-10-26,582.469970703125,582.6300048828125,572.530029296875,576.719970703125,464270000
1995-10-27,576.719970703125,579.7100219726562,573.2100219726562,579.7000122070312,379230000
1995-10-30,579.7000122070312,583.7899780273438,579.7000122070312,583.25,319160000
1995-10-31,583.25,586.7100219726562,581.5,581.5,377390000
1995-11-01,581.5,584.239990234375,581.0399780273438,584.219970703125,378090000
1995-11-02,584.219970703125,589.719970703125,584.219970703125,589.719970703125,397070000
1995-11-03,589.719970703125,590.5700073242188,588.6500244140625,590.5700073242188,348500000
1995-11-06,590.5700073242188,590.6400146484375,588.3099975585938,588.4600219726562,309100000
1995-11-07,588.4600219726562,588.4600219726562,584.239990234375,586.3200073242188,364680000
1995-11-08,586.3200073242188,591.7100219726562,586.3200073242188,591.7100219726562,359780000
1995-11-09,591.7100219726562,593.9000244140625,590.8900146484375,593.260009765625,380760000
1995-11-10,593.260009765625,593.260009765625,590.3900146484375,592.719970703125,298690000
1995-11-13,592.719970703125,593.719970703125,590.5800170898438,592.2999877929688,295840000
1995-11-14,592.2999877929688,592.2999877929688,588.97998046875,589.2899780273438,354420000
1995-11-15,589.2899780273438,593.969970703125,588.3599853515625,593.9600219726562,376100000
1995-11-16,593.9600219726562,597.9099731445312,593.52001953125,597.3400268554688,423280000
1995-11-17,597.3400268554688,600.1400146484375,597.2999877929688,600.0700073242188,437200000
1995-11-20,600.0700073242188,600.4000244140625,596.1699829101562,596.8499755859375,333150000
1995-11-21,596.8499755859375,600.280029296875,595.4199829101562,600.239990234375,408320000
1995-11-22,600.239990234375,600.7100219726562,598.4000244140625,598.4000244140625,404980000
1995-11-24,598.4000244140625,600.239990234375,598.4000244140625,599.969970703125,125870000
1995-11-27,599.969970703125,603.3499755859375,599.969970703125,601.3200073242188,359130000
1995-11-28,601.3200073242188,606.4500122070312,599.02001953125,606.4500122070312,408860000
1995-11-29,606.4500122070312,607.6599731445312,605.469970703125,607.6400146484375,398280000
1995-11-30,607.6400146484375,608.6900024414062,605.3699951171875,605.3699951171875,440050000
1995-12-01,605.3699951171875,608.1099853515625,605.3699951171875,606.97998046875,393310000
1995-12-04,606.97998046875,613.8300170898438,606.8400268554688,613.6799926757812,405480000
1995-12-05,613.6799926757812,618.47998046875,613.1400146484375,617.6799926757812,437360000
1995-12-06,617.6799926757812,621.1099853515625,616.6900024414062,620.1799926757812,417780000
1995-12-07,620.1799926757812,620.1900024414062,615.2100219726562,616.1699829101562,379260000
1995-12-08,616.1699829101562,617.8200073242188,614.3200073242188,617.47998046875,327900000
1995-12-11,617.47998046875,620.9000244140625,617.1400146484375,619.52001953125,342070000
1995-12-12,619.52001953125,619.5499877929688,617.6799926757812,618.780029296875,349860000
1995-12-13,618.780029296875,622.02001953125,618.27001953125,621.6900024414062,415290000
1995-12-14,621.6900024414062,622.8800048828125,616.1300048828125,616.9199829101562,465300000
1995-12-15,616.9199829101562,617.719970703125,614.4600219726562,616.3400268554688,636800000
1995-12-18,616.3400268554688,616.3400268554688,606.1300048828125,606.8099975585938,426270000
1995-12-19,606.8099975585938,611.9400024414062,605.0499877929688,611.9299926757812,478280000
1995-12-20,611.9299926757812,614.27001953125,605.9299926757812,605.9400024414062,437680000
1995-12-21,605.9400024414062,610.52001953125,605.9400024414062,610.489990234375,415810000
1995-12-22,610.489990234375,613.5,610.4500122070312,611.9500122070312,289600000
1995-12-26,611.9600219726562,614.5,611.9600219726562,614.2999877929688,217280000
1995-12-27,614.2999877929688,615.72998046875,613.75,614.530029296875,252300000
1995-12-28,614.530029296875,615.5,612.4000244140625,614.1199951171875,288660000
1995-12-29,614.1199951171875,615.9299926757812,612.3599853515625,615.9299926757812,321250000
1996-01-02,615.9299926757812,620.739990234375,613.1699829101562,620.72998046875,364180000
1996-01-03,620.72998046875,623.25,619.5599975585938,621.3200073242188,468950000
1996-01-04,621.3200073242188,624.489990234375,613.9600219726562,617.7000122070312,512580000
1996-01-05,617.7000122070312,617.7000122070312,612.02001953125,616.7100219726562,437110000
1996-01-08,616.7100219726562,618.4600219726562,616.489990234375,618.4600219726562,130360000
1996-01-09,618.4600219726562,619.1500244140625,608.2100219726562,609.4500122070312,417400000
1996-01-10,609.4500122070312,609.4500122070312,597.2899780273438,598.47998046875,496830000
1996-01-11,598.47998046875,602.7100219726562,597.5399780273438,602.6900024414062,408800000
1996-01-12,602.6900024414062,604.7999877929688,597.4600219726562,601.8099975585938,383400000
1996-01-15,601.8099975585938,603.4299926757812,598.469970703125,599.8200073242188,306180000
1996-01-16,599.8200073242188,608.4400024414062,599.0499877929688,608.4400024414062,425220000
1996-01-17,608.4400024414062,609.9299926757812,604.7000122070312,606.3699951171875,458720000
1996-01-18,606.3699951171875,608.27001953125,604.1199951171875,608.239990234375,450410000
1996-01-19,608.239990234375,612.9199829101562,606.760009765625,611.8300170898438,497720000
1996-01-22,611.8300170898438,613.4500122070312,610.9500122070312,613.4000244140625,398040000
1996-01-23,613.4000244140625,613.4000244140625,610.6500244140625,612.7899780273438,416910000
1996-01-24,612.7899780273438,619.9600219726562,612.7899780273438,619.9600219726562,476380000
1996-01-25,619.9600219726562,620.1500244140625,616.6199951171875,617.030029296875,453270000
1996-01-26,617.030029296875,621.7000122070312,615.260009765625,621.6199951171875,385700000
1996-01-29,621.6199951171875,624.219970703125,621.4199829101562,624.219970703125,363330000
1996-01-30,624.219970703125,630.2899780273438,624.219970703125,630.1500244140625,464350000
1996-01-31,630.1500244140625,636.1799926757812,629.47998046875,636.02001953125,472210000
1996-02-01,636.02001953125,638.4600219726562,634.5399780273438,638.4600219726562,461430000
1996-02-02,638.4600219726562,639.260009765625,634.2899780273438,635.8400268554688,420020000
1996-02-05,635.8400268554688,641.4299926757812,633.7100219726562,641.4299926757812,377760000
1996-02-06,641.4299926757812,646.6699829101562,639.6799926757812,646.3300170898438,465940000
1996-02-07,646.3300170898438,649.9299926757812,645.5900268554688,649.9299926757812,462730000
1996-02-08,649.9299926757812,656.5399780273438,647.9299926757812,656.0700073242188,474970000
1996-02-09,656.0700073242188,661.0800170898438,653.6400146484375,656.3699951171875,477640000
1996-02-12,656.3699951171875,662.9500122070312,656.3400268554688,661.4500122070312,397890000
1996-02-13,661.4500122070312,664.22998046875,657.9199829101562,660.510009765625,441540000
1996-02-14,660.510009765625,661.530029296875,654.3599853515625,655.5800170898438,421790000
1996-02-15,655.5800170898438,656.8400268554688,651.1500244140625,651.3200073242188,415320000
1996-02-16,651.3200073242188,651.4199829101562,646.989990234375,647.97998046875,445570000
1996-02-20,647.97998046875,647.97998046875,638.7899780273438,640.6500244140625,395910000
1996-02-21,640.6500244140625,648.1099853515625,640.6500244140625,648.0999755859375,431220000
1996-02-22,648.0999755859375,659.75,648.0999755859375,658.8599853515625,485470000
1996-02-23,658.8599853515625,663.0,652.25,659.0800170898438,443130000
1996-02-26,659.0800170898438,659.0800170898438,650.1599731445312,650.4600219726562,399330000
1996-02-27,650.4600219726562,650.6199951171875,643.8699951171875,647.239990234375,431340000
1996-02-28,647.239990234375,654.3900146484375,643.989990234375,644.75,447790000
1996-02-29,644.75,646.9500122070312,639.010009765625,640.4299926757812,453170000
1996-03-01,640.4299926757812,644.3800048828125,635.0,644.3699951171875,471480000
1996-03-04,644.3699951171875,653.5399780273438,644.3699951171875,650.8099975585938,417270000
1996-03-05,650.8099975585938,655.7999877929688,648.77001953125,655.7899780273438,445700000
1996-03-06,655.7899780273438,656.969970703125,651.6099853515625,652.0,428220000
1996-03-07,652.0,653.6500244140625,649.5399780273438,653.6500244140625,425790000
1996-03-08,653.6500244140625,653.6500244140625,627.6300048828125,633.5,546550000
1996-03-11,633.5,640.4099731445312,629.9500122070312,640.02001953125,449500000
1996-03-12,640.02001953125,640.02001953125,628.8200073242188,637.0900268554688,454980000
1996-03-13,637.0900268554688,640.52001953125,635.1900024414062,638.5499877929688,413030000
1996-03-14,638.5499877929688,644.1699829101562,638.5499877929688,640.8699951171875,492630000
1996-03-15,640.8699951171875,642.8699951171875,638.3499755859375,641.4299926757812,529970000
1996-03-18,641.4299926757812,652.6500244140625,641.4299926757812,652.6500244140625,437100000
1996-03-19,652.6500244140625,656.1799926757812,649.7999877929688,651.6900024414062,438300000
1996-03-20,651.6900024414062,653.1300048828125,645.5700073242188,649.97998046875,409780000
1996-03-21,649.97998046875,651.5399780273438,648.0999755859375,649.1900024414062,367180000
1996-03-22,649.1900024414062,652.0800170898438,649.1900024414062,650.6199951171875,329390000
1996-03-25,650.6199951171875,655.5,648.8200073242188,650.0399780273438,336700000
1996-03-26,650.0399780273438,654.3099975585938,648.1500244140625,652.969970703125,400090000
1996-03-27,652.969970703125,653.9400024414062,647.5999755859375,648.9099731445312,406280000
1996-03-28,648.9099731445312,649.5800170898438,646.3599853515625,648.9400024414062,370750000
1996-03-29,648.9400024414062,650.9600219726562,644.8900146484375,645.5,413510000
1996-04-01,645.5,653.8699951171875,645.5,653.72998046875,392120000
1996-04-02,653.72998046875,655.27001953125,652.8099975585938,655.260009765625,406640000
1996-04-03,655.260009765625,655.8900146484375,651.8099975585938,655.8800048828125,386620000
1996-04-04,655.8800048828125,656.6799926757812,654.8900146484375,655.8599853515625,383400000
1996-04-08,655.8599853515625,655.8599853515625,638.0399780273438,644.239990234375,411810000
1996-04-09,644.239990234375,646.3300170898438,640.8400268554688,642.1900024414062,426790000
1996-04-10,642.1900024414062,642.780029296875,631.760009765625,633.5,475150000
1996-04-11,633.5,635.260009765625,624.1400146484375,631.1799926757812,519710000
1996-04-12,631.1799926757812,637.1400146484375,631.1799926757812,636.7100219726562,413270000
1996-04-15,636.7100219726562,642.489990234375,636.7100219726562,642.489990234375,346370000
1996-04-16,642.489990234375,645.5700073242188,642.1500244140625,645.0,453310000
1996-04-17,645.0,645.0,638.7100219726562,641.6099853515625,465200000
1996-04-18,641.6099853515625,644.6599731445312,640.760009765625,643.6099853515625,415150000
1996-04-19,643.6099853515625,647.3200073242188,643.6099853515625,645.0700073242188,435690000
1996-04-22,645.0700073242188,650.9099731445312,645.0700073242188,647.8900146484375,395370000
1996-04-23,647.8900146484375,651.5900268554688,647.7000122070312,651.5800170898438,452690000
1996-04-24,651.5800170898438,653.3699951171875,648.25,650.1699829101562,494220000
1996-04-25,650.1699829101562,654.1799926757812,647.0599975585938,652.8699951171875,462120000
1996-04-26,652.8699951171875,656.4299926757812,651.9600219726562,653.4600219726562,402530000
1996-04-29,653.4600219726562,654.7100219726562,651.5999755859375,654.1599731445312,344030000
1996-04-30,654.1599731445312,654.5900268554688,651.0499877929688,654.1699829101562,393390000
1996-05-01,654.1699829101562,656.4400024414062,652.260009765625,654.5800170898438,404620000
1996-05-02,654.5800170898438,654.5800170898438,642.1300048828125,643.3800048828125,442960000
1996-05-03,643.3800048828125,648.4500122070312,640.22998046875,641.6300048828125,434010000
1996-05-06,641.6300048828125,644.6400146484375,636.1900024414062,640.8099975585938,375820000
1996-05-07,640.8099975585938,641.4000244140625,636.9600219726562,638.260009765625,410770000
1996-05-08,638.260009765625,644.7899780273438,630.0700073242188,644.77001953125,495460000
1996-05-09,644.77001953125,647.9500122070312,643.1799926757812,645.4400024414062,404310000
1996-05-10,645.4400024414062,653.0,645.4400024414062,652.0900268554688,428370000
1996-05-13,652.0900268554688,662.1599731445312,652.0900268554688,661.510009765625,394180000
1996-05-14,661.510009765625,666.9600219726562,661.510009765625,665.5999755859375,460440000
1996-05-15,665.5999755859375,669.8200073242188,664.4600219726562,665.4199829101562,447790000
1996-05-16,665.4199829101562,667.1099853515625,662.7899780273438,664.8499755859375,392070000
1996-05-17,664.8499755859375,669.8400268554688,664.8499755859375,668.9099731445312,429140000
1996-05-20,668.9099731445312,673.6599731445312,667.6400146484375,673.1500244140625,385000000
1996-05-21,673.1500244140625,675.5599975585938,672.260009765625,672.760009765625,409610000
1996-05-22,672.760009765625,678.4199829101562,671.22998046875,678.4199829101562,423670000
1996-05-23,678.4199829101562,681.0999755859375,673.4500122070312,676.0,431850000
1996-05-24,676.0,679.719970703125,676.0,678.510009765625,329150000
1996-05-28,678.510009765625,679.97998046875,671.52001953125,672.22998046875,341480000
1996-05-29,672.22998046875,673.72998046875,666.0900268554688,667.9299926757812,346730000
1996-05-30,667.9299926757812,673.510009765625,664.5599975585938,671.7000122070312,381960000
1996-05-31,671.7000122070312,673.4600219726562,667.0,669.1199951171875,351750000
1996-06-03,669.1199951171875,669.1199951171875,665.1900024414062,667.6799926757812,318470000
1996-06-04,667.6799926757812,672.5999755859375,667.6799926757812,672.5599975585938,386040000
1996-06-05,672.5599975585938,678.4500122070312,672.0900268554688,678.4400024414062,380360000
1996-06-06,678.4400024414062,680.3200073242188,673.02001953125,673.030029296875,466940000
1996-06-07,673.030029296875,673.3099975585938,662.47998046875,673.3099975585938,445710000
1996-06-10,673.3099975585938,673.6099853515625,670.1500244140625,672.1599731445312,337480000
1996-06-11,672.1599731445312,676.719970703125,669.9400024414062,670.969970703125,405390000
1996-06-12,670.969970703125,673.6699829101562,668.77001953125,669.0399780273438,397190000
1996-06-13,669.0399780273438,670.5399780273438,665.489990234375,667.9199829101562,397620000
1996-06-14,667.9199829101562,668.4000244140625,664.3499755859375,665.8499755859375,390630000
1996-06-17,665.8499755859375,668.27001953125,664.0900268554688,665.1599731445312,298410000
1996-06-18,665.1599731445312,666.3599853515625,661.3400268554688,662.0599975585938,373290000
1996-06-19,662.0599975585938,665.6199951171875,661.2100219726562,661.9600219726562,383610000
1996-06-20,661.9600219726562,664.9600219726562,658.75,662.0999755859375,441060000
1996-06-21,662.0999755859375,666.8400268554688,662.0999755859375,666.8400268554688,520340000
1996-06-24,666.8400268554688,671.0700073242188,666.8400268554688,668.8499755859375,333840000
1996-06-25,668.8499755859375,670.6500244140625,667.2899780273438,668.47998046875,391900000
1996-06-26,668.47998046875,668.489990234375,663.6699829101562,664.3900146484375,386520000
1996-06-27,664.3900146484375,668.9000244140625,661.5599975585938,668.5499877929688,405580000
1996-06-28,668.5499877929688,672.6799926757812,668.5499877929688,670.6300048828125,470460000
1996-07-01,670.6300048828125,675.8800048828125,670.6300048828125,675.8800048828125,345750000
1996-07-02,675.8800048828125,675.8800048828125,672.5499877929688,673.6099853515625,388000000
1996-07-03,673.6099853515625,673.6400146484375,670.2100219726562,672.4000244140625,336260000
1996-07-05,672.4000244140625,672.4000244140625,657.4099731445312,657.4400024414062,181470000
1996-07-08,657.4400024414062,657.6500244140625,651.1300048828125,652.5399780273438,367560000
1996-07-09,652.5399780273438,656.5999755859375,652.5399780273438,654.75,400170000
1996-07-10,654.75,656.27001953125,648.3900146484375,656.0599975585938,421350000
1996-07-11,656.0599975585938,656.0599975585938,639.52001953125,645.6699829101562,520470000
1996-07-12,645.6699829101562,647.6400146484375,640.2100219726562,646.1900024414062,396740000
1996-07-15,646.1900024414062,646.1900024414062,629.6900024414062,629.7999877929688,419020000
1996-07-16,629.7999877929688,631.989990234375,605.8800048828125,628.3699951171875,682980000
1996-07-17,628.3699951171875,636.6099853515625,628.3699951171875,634.0700073242188,513830000
1996-07-18,634.0700073242188,644.4400024414062,633.2899780273438,643.5599975585938,474460000
1996-07-19,643.510009765625,643.510009765625,635.5,638.72998046875,408070000
1996-07-22,638.72998046875,638.72998046875,630.3800048828125,633.77001953125,327300000
1996-07-23,633.7899780273438,637.7000122070312,625.6500244140625,626.8699951171875,421900000
1996-07-24,626.1900024414062,629.0999755859375,616.4299926757812,626.6500244140625,463030000
1996-07-25,626.6500244140625,633.5700073242188,626.6500244140625,631.1699829101562,405390000
1996-07-26,631.1699829101562,636.22998046875,631.1699829101562,635.9000244140625,349900000
1996-07-29,635.9000244140625,635.9000244140625,630.9000244140625,630.9099731445312,281560000
1996-07-30,630.9099731445312,635.260009765625,629.219970703125,635.260009765625,341090000
1996-07-31,635.260009765625,640.5399780273438,633.739990234375,639.9500122070312,403560000
1996-08-01,639.9500122070312,650.6599731445312,639.489990234375,650.02001953125,439110000
1996-08-02,650.02001953125,662.489990234375,650.02001953125,662.489990234375,442080000
1996-08-05,662.489990234375,663.6400146484375,659.030029296875,660.22998046875,307240000
1996-08-06,660.22998046875,662.75,656.8300170898438,662.3800048828125,347290000
1996-08-07,662.3800048828125,664.6099853515625,660.0,664.1599731445312,394340000
1996-08-08,664.1599731445312,664.1699829101562,661.280029296875,662.5900268554688,334570000
1996-08-09,662.5900268554688,665.3699951171875,660.3099975585938,662.0999755859375,327280000
1996-08-12,662.0999755859375,665.77001953125,658.9500122070312,665.77001953125,312170000
1996-08-13,665.77001953125,665.77001953125,659.1300048828125,660.2000122070312,362470000
1996-08-14,660.2000122070312,662.4199829101562,658.469970703125,662.0499877929688,343460000
1996-08-15,662.0499877929688,664.1799926757812,660.6400146484375,662.280029296875,323950000
1996-08-16,662.280029296875,666.3400268554688,662.260009765625,665.2100219726562,337650000
1996-08-19,665.2100219726562,667.1199951171875,665.0,666.5800170898438,294080000
1996-08-20,666.5800170898438,666.989990234375,665.1500244140625,665.6900024414062,334960000
1996-08-21,665.6900024414062,665.6900024414062,662.1599731445312,665.0700073242188,348820000
1996-08-22,665.0700073242188,670.6799926757812,664.8800048828125,670.6799926757812,354950000
1996-08-23,670.6799926757812,670.6799926757812,664.9299926757812,667.030029296875,308010000
1996-08-26,667.030029296875,667.030029296875,662.3599853515625,663.8800048828125,281430000
1996-08-27,663.8800048828125,666.4000244140625,663.5,666.4000244140625,310520000
1996-08-28,666.4000244140625,667.4099731445312,664.3900146484375,664.8099975585938,296440000
1996-08-29,664.8099975585938,664.8099975585938,655.3499755859375,657.4000244140625,321120000
1996-08-30,657.4000244140625,657.7100219726562,650.52001953125,651.989990234375,258380000
1996-09-03,651.989990234375,655.1300048828125,643.969970703125,654.719970703125,345740000
1996-09-04,654.719970703125,655.8200073242188,652.9299926757812,655.6099853515625,351290000
1996-09-05,655.6099853515625,655.6099853515625,648.8900146484375,649.4400024414062,361430000
1996-09-06,649.4400024414062,658.2100219726562,649.4400024414062,655.6799926757812,348710000
1996-09-09,655.6799926757812,663.77001953125,655.6799926757812,663.760009765625,311530000
1996-09-10,663.760009765625,665.5700073242188,661.5499877929688,663.8099975585938,372960000
1996-09-11,663.8099975585938,667.72998046875,661.7899780273438,667.280029296875,376880000
1996-09-12,667.280029296875,673.0700073242188,667.280029296875,671.1500244140625,398820000
1996-09-13,671.1500244140625,681.3900146484375,671.1500244140625,680.5399780273438,488360000
1996-09-16,680.5399780273438,686.47998046875,680.530029296875,683.97998046875,430080000
1996-09-17,683.97998046875,685.7999877929688,679.9600219726562,682.9400024414062,449850000
1996-09-18,682.9400024414062,683.77001953125,679.75,681.469970703125,396600000
1996-09-19,681.469970703125,684.0700073242188,679.0599975585938,683.0,398580000
1996-09-20,683.0,687.0700073242188,683.0,687.030029296875,519420000
1996-09-23,687.030029296875,687.030029296875,681.010009765625,686.47998046875,297760000
1996-09-24,686.47998046875,690.8800048828125,683.5399780273438,685.6099853515625,460150000
1996-09-25,685.6099853515625,688.260009765625,684.9199829101562,685.8300170898438,451710000
1996-09-26,685.8300170898438,690.1500244140625,683.77001953125,685.8599853515625,500870000
1996-09-27,685.8599853515625,687.1099853515625,683.72998046875,686.1900024414062,414760000
1996-09-30,686.1900024414062,690.1099853515625,686.030029296875,687.3300170898438,388570000
1996-10-01,687.3099975585938,689.5399780273438,684.4400024414062,689.0800170898438,421550000
1996-10-02,689.0800170898438,694.8200073242188,689.0800170898438,694.010009765625,440130000
1996-10-03,694.010009765625,694.8099975585938,691.780029296875,692.780029296875,386500000
1996-10-04,692.780029296875,701.739990234375,692.780029296875,701.4600219726562,463940000
1996-10-07,701.4600219726562,704.1699829101562,701.3900146484375,703.3400268554688,380750000
1996-10-08,703.3400268554688,705.760009765625,699.8800048828125,700.6400146484375,435070000
1996-10-09,700.6400146484375,702.3599853515625,694.4199829101562,696.739990234375,408450000
1996-10-10,696.739990234375,696.8200073242188,693.3400268554688,694.6099853515625,394950000
1996-10-11,694.6099853515625,700.6699829101562,694.6099853515625,700.6599731445312,396050000
1996-10-14,700.6599731445312,705.1599731445312,700.6599731445312,703.5399780273438,322000000
1996-10-15,703.5399780273438,708.0700073242188,699.0700073242188,702.5700073242188,458980000
1996-10-16,702.5700073242188,704.4199829101562,699.1500244140625,704.4099731445312,441410000
1996-10-17,705.0,708.52001953125,704.760009765625,706.989990234375,478550000
1996-10-18,706.989990234375,711.0399780273438,706.1099853515625,710.8200073242188,473020000
1996-10-21,710.8200073242188,714.0999755859375,707.7100219726562,709.8499755859375,414630000
1996-10-22,709.8499755859375,709.8499755859375,704.5499877929688,706.5700073242188,410790000
1996-10-23,706.5700073242188,707.3099975585938,700.97998046875,707.27001953125,442170000
1996-10-24,707.27001953125,708.25,702.1099853515625,702.2899780273438,418970000
1996-10-25,702.2899780273438,704.1099853515625,700.530029296875,700.9199829101562,367640000
1996-10-28,700.9199829101562,705.4000244140625,697.25,697.260009765625,383620000
1996-10-29,697.260009765625,703.25,696.219970703125,701.5,443890000
1996-10-30,701.5,703.4400024414062,700.0499877929688,700.9000244140625,437770000
1996-10-31,700.9000244140625,706.6099853515625,700.3499755859375,705.27001953125,482840000
1996-11-01,705.27001953125,708.5999755859375,701.2999877929688,703.77001953125,465510000
1996-11-04,703.77001953125,707.02001953125,702.8400268554688,706.72998046875,398790000
1996-11-05,706.72998046875,714.5599975585938,706.72998046875,714.1400146484375,486660000
1996-11-06,714.1400146484375,724.5999755859375,712.8300170898438,724.5900268554688,509600000
1996-11-07,724.5900268554688,729.489990234375,722.22998046875,727.6500244140625,502530000
1996-11-08,727.6500244140625,730.8200073242188,725.219970703125,730.8200073242188,402320000
1996-11-11,730.8200073242188,732.5999755859375,729.9400024414062,731.8699951171875,353960000
1996-11-12,731.8699951171875,733.0399780273438,728.2000122070312,729.5599975585938,471740000
1996-11-13,729.5599975585938,732.1099853515625,728.030029296875,731.1300048828125,429840000
1996-11-14,731.1300048828125,735.989990234375,729.2000122070312,735.8800048828125,480350000
1996-11-15,735.8800048828125,741.9199829101562,735.1500244140625,737.6199951171875,529100000
1996-11-18,737.6199951171875,739.239990234375,734.3900146484375,737.02001953125,388520000
1996-11-19,737.02001953125,742.1799926757812,736.8699951171875,742.1599731445312,461980000
1996-11-20,742.1599731445312,746.989990234375,740.4000244140625,743.9500122070312,497900000
1996-11-21,743.9500122070312,745.2000122070312,741.0800170898438,742.75,464430000
1996-11-22,742.75,748.72998046875,742.75,748.72998046875,525210000
1996-11-25,748.72998046875,757.0499877929688,747.989990234375,757.030029296875,475260000
1996-11-26,757.030029296875,762.1199951171875,752.8300170898438,755.9600219726562,527380000
1996-11-27,755.9600219726562,757.2999877929688,753.1799926757812,755.0,377780000
1996-11-29,755.0,758.27001953125,755.0,757.02001953125,14990000
1996-12-02,757.02001953125,757.030029296875,751.489990234375,756.5599975585938,412520000
1996-12-03,756.5599975585938,761.75,747.5800170898438,748.280029296875,516160000
1996-12-04,748.280029296875,748.4000244140625,738.4600219726562,745.0999755859375,498240000
1996-12-05,745.0999755859375,747.6500244140625,742.6099853515625,744.3800048828125,483710000
1996-12-06,744.3800048828125,744.3800048828125,726.8900146484375,739.5999755859375,500860000
1996-12-09,739.5999755859375,749.760009765625,739.5999755859375,749.760009765625,381570000
1996-12-10,749.760009765625,753.4299926757812,747.02001953125,747.5399780273438,446120000
1996-12-11,747.5399780273438,747.5399780273438,732.75,740.72998046875,494210000
1996-12-12,740.72998046875,744.8599853515625,729.2999877929688,729.2999877929688,492920000
1996-12-13,729.3300170898438,731.4000244140625,721.969970703125,728.6400146484375,458540000
1996-12-16,728.6400146484375,732.6799926757812,719.4000244140625,720.97998046875,447560000
1996-12-17,720.97998046875,727.6699829101562,716.6900024414062,726.0399780273438,519840000
1996-12-18,726.0399780273438,732.760009765625,726.0399780273438,731.5399780273438,500490000
1996-12-19,731.5399780273438,746.0599975585938,731.5399780273438,745.760009765625,526410000
1996-12-20,745.760009765625,755.4099731445312,745.760009765625,748.8699951171875,654340000
1996-12-23,748.8699951171875,750.4000244140625,743.280029296875,746.9199829101562,343280000
1996-12-24,746.9199829101562,751.030029296875,746.9199829101562,751.030029296875,165140000
1996-12-26,751.030029296875,757.0700073242188,751.02001953125,755.8200073242188,254630000
1996-12-27,755.8200073242188,758.75,754.8200073242188,756.7899780273438,253810000
1996-12-30,756.7899780273438,759.2000122070312,752.72998046875,753.8499755859375,339060000
1996-12-31,753.8499755859375,753.9500122070312,740.739990234375,740.739990234375,399760000
1997-01-02,740.739990234375,742.8099975585938,729.5499877929688,737.010009765625,463230000
1997-01-03,737.010009765625,748.239990234375,737.010009765625,748.030029296875,452970000
1997-01-06,748.030029296875,753.3099975585938,743.8200073242188,747.6500244140625,531350000
1997-01-07,747.6500244140625,753.260009765625,742.1799926757812,753.22998046875,538220000
1997-01-08,753.22998046875,755.719970703125,747.7100219726562,748.4099731445312,557510000
1997-01-09,748.4099731445312,757.6799926757812,748.4099731445312,754.8499755859375,555370000
1997-01-10,754.8499755859375,759.6500244140625,746.9199829101562,759.5,545850000
1997-01-13,759.5,762.8499755859375,756.6900024414062,759.510009765625,445400000
1997-01-14,759.510009765625,772.0399780273438,759.510009765625,768.8599853515625,531600000
1997-01-15,768.8599853515625,770.9500122070312,763.719970703125,767.2000122070312,524990000
1997-01-16,767.2000122070312,772.0499877929688,765.25,769.75,537290000
1997-01-17,769.75,776.3699951171875,769.719970703125,776.1699829101562,534640000
1997-01-20,776.1699829101562,780.0800170898438,774.1900024414062,776.7000122070312,440470000
1997-01-21,776.7000122070312,783.719970703125,772.0,782.719970703125,571280000
1997-01-22,782.719970703125,786.22998046875,779.5599975585938,786.22998046875,589230000
1997-01-23,786.22998046875,794.6699829101562,776.6400146484375,777.5599975585938,685070000
1997-01-24,777.5599975585938,778.2100219726562,768.1699829101562,770.52001953125,542920000
1997-01-27,770.52001953125,771.4299926757812,764.1799926757812,765.02001953125,445760000
1997-01-28,765.02001953125,776.3200073242188,761.75,765.02001953125,541580000
1997-01-29,765.02001953125,772.7000122070312,765.02001953125,772.5,498390000
1997-01-30,772.5,784.1699829101562,772.5,784.1699829101562,524160000
1997-01-31,784.1699829101562,791.8599853515625,784.1699829101562,786.1599731445312,578550000
1997-02-03,786.1599731445312,787.1400146484375,783.1199951171875,786.72998046875,463600000
1997-02-04,786.72998046875,789.280029296875,783.6799926757812,789.260009765625,506530000
1997-02-05,789.260009765625,792.7100219726562,773.4299926757812,778.280029296875,580520000
1997-02-06,778.280029296875,780.3499755859375,774.4500122070312,780.1500244140625,519660000
1997-02-07,780.1500244140625,789.719970703125,778.1900024414062,789.5599975585938,540910000
1997-02-10,789.5599975585938,793.4600219726562,784.6900024414062,785.4299926757812,471590000
1997-02-11,785.4299926757812,789.5999755859375,780.9500122070312,789.5900268554688,483090000
1997-02-12,789.5900268554688,802.77001953125,789.5900268554688,802.77001953125,563890000
1997-02-13,802.77001953125,812.9299926757812,802.77001953125,811.8200073242188,593710000
1997-02-14,811.8200073242188,812.2000122070312,808.1500244140625,808.47998046875,491540000
1997-02-18,808.47998046875,816.2899780273438,806.3400268554688,816.2899780273438,474110000
1997-02-19,816.2899780273438,817.6799926757812,811.2000122070312,812.489990234375,519350000
1997-02-20,812.489990234375,812.489990234375,800.3499755859375,802.7999877929688,492220000
1997-02-21,802.7999877929688,804.9400024414062,799.989990234375,801.77001953125,478450000
1997-02-24,801.77001953125,810.6400146484375,798.4199829101562,810.280029296875,462450000
1997-02-25,810.280029296875,812.8499755859375,807.6500244140625,812.030029296875,527450000
1997-02-26,812.0999755859375,812.7000122070312,798.1300048828125,805.6799926757812,573920000
1997-02-27,805.6799926757812,805.6799926757812,795.0599975585938,795.0700073242188,464660000
1997-02-28,795.0700073242188,795.7000122070312,788.5,790.8200073242188,508280000
1997-03-03,790.8200073242188,795.3099975585938,785.6599731445312,795.3099975585938,437220000
1997-03-04,795.3099975585938,798.9299926757812,789.97998046875,790.9500122070312,537890000
1997-03-05,790.9500122070312,801.989990234375,790.9500122070312,801.989990234375,532500000
1997-03-06,801.989990234375,804.1099853515625,797.5,798.5599975585938,540310000
1997-03-07,798.5599975585938,808.1900024414062,798.5599975585938,804.969970703125,508270000
1997-03-10,804.969970703125,813.6599731445312,803.6599731445312,813.6500244140625,468780000
1997-03-11,813.6500244140625,814.9000244140625,810.77001953125,811.3400268554688,493250000
1997-03-12,811.3400268554688,811.3400268554688,801.0700073242188,804.260009765625,490200000
1997-03-13,804.260009765625,804.260009765625,789.4400024414062,789.5599975585938,507560000
1997-03-14,789.5599975585938,796.8800048828125,789.5599975585938,793.1699829101562,491540000
1997-03-17,793.1699829101562,796.280029296875,782.97998046875,795.7100219726562,495260000
1997-03-18,795.7100219726562,797.1799926757812,785.469970703125,789.6599731445312,467330000
1997-03-19,789.6599731445312,791.5900268554688,780.030029296875,785.77001953125,535580000
1997-03-20,785.77001953125,786.2899780273438,778.0399780273438,782.6500244140625,497480000
1997-03-21,782.6500244140625,786.4400024414062,782.6500244140625,784.0999755859375,638760000
1997-03-24,784.0999755859375,791.010009765625,780.7899780273438,790.8900146484375,451970000
1997-03-25,790.8900146484375,798.1099853515625,788.3900146484375,789.0700073242188,487520000
1997-03-26,789.0700073242188,794.8900146484375,786.77001953125,790.5,506670000
1997-03-27,790.5,792.5800170898438,767.3200073242188,773.8800048828125,476790000
1997-03-31,773.8800048828125,773.8800048828125,756.1300048828125,757.1199951171875,555880000
1997-04-01,757.1199951171875,761.489990234375,751.260009765625,759.6400146484375,515770000
1997-04-02,759.6400146484375,759.6500244140625,747.5900268554688,750.1099853515625,478210000
1997-04-03,750.1099853515625,751.0399780273438,744.4000244140625,750.3200073242188,498010000
1997-04-04,750.3200073242188,757.9000244140625,744.0399780273438,757.9000244140625,544580000
1997-04-07,757.9000244140625,764.8200073242188,757.9000244140625,762.1300048828125,453790000
1997-04-08,762.1300048828125,766.25,758.3599853515625,766.1199951171875,450790000
1997-04-09,766.1199951171875,769.530029296875,759.1500244140625,760.5999755859375,451500000
1997-04-10,760.5999755859375,763.72998046875,757.6500244140625,758.3400268554688,421790000
1997-04-11,758.3400268554688,758.3400268554688,737.6400146484375,737.6500244140625,444380000
1997-04-14,737.6500244140625,743.72998046875,733.5399780273438,743.72998046875,406800000
1997-04-15,743.72998046875,754.719970703125,743.72998046875,754.719970703125,507370000
1997-04-16,754.719970703125,763.530029296875,751.989990234375,763.530029296875,498820000
1997-04-17,763.530029296875,768.5499877929688,760.489990234375,761.77001953125,503760000
1997-04-18,761.77001953125,767.9299926757812,761.77001953125,766.3400268554688,468940000
1997-04-21,766.3400268554688,767.3900146484375,756.3800048828125,760.3699951171875,397300000
1997-04-22,760.3699951171875,774.6400146484375,759.9000244140625,774.6099853515625,507500000
1997-04-23,774.6099853515625,778.1900024414062,771.9000244140625,773.6400146484375,489350000
1997-04-24,773.6400146484375,779.8900146484375,769.719970703125,771.1799926757812,493640000
1997-04-25,771.1799926757812,771.1799926757812,764.6300048828125,765.3699951171875,414350000
1997-04-28,765.3699951171875,773.8900146484375,763.2999877929688,772.9600219726562,404470000
1997-04-29,772.9600219726562,794.4400024414062,772.9600219726562,794.0499877929688,547690000
1997-04-30,794.0499877929688,804.1300048828125,791.2100219726562,801.3400268554688,556070000
1997-05-01,801.3400268554688,802.9500122070312,793.2100219726562,798.530029296875,460380000
1997-05-02,798.530029296875,812.989990234375,798.530029296875,812.969970703125,499770000
1997-05-05,812.969970703125,830.2899780273438,811.7999877929688,830.2899780273438,549410000
1997-05-06,830.239990234375,832.2899780273438,824.7000122070312,827.760009765625,603680000
1997-05-07,827.760009765625,827.760009765625,814.7000122070312,815.6199951171875,500580000
1997-05-08,815.6199951171875,829.0900268554688,811.8400268554688,820.260009765625,534120000
1997-05-09,820.260009765625,827.6900024414062,815.780029296875,824.780029296875,455690000
1997-05-12,824.780029296875,838.5599975585938,824.780029296875,837.6599731445312,459370000
1997-05-13,837.6599731445312,838.489990234375,829.1199951171875,833.1300048828125,489760000
1997-05-14,833.1300048828125,841.2899780273438,833.1300048828125,836.0399780273438,504960000
1997-05-15,836.0399780273438,842.4500122070312,833.3400268554688,841.8800048828125,458170000
1997-05-16,841.8800048828125,841.8800048828125,829.1500244140625,829.75,486780000
1997-05-19,829.75,835.9199829101562,828.8699951171875,833.27001953125,345140000
1997-05-20,833.27001953125,841.9600219726562,826.4099731445312,841.6599731445312,450850000
1997-05-21,841.6599731445312,846.8699951171875,835.219970703125,839.3499755859375,540730000
1997-05-22,839.3499755859375,841.9099731445312,833.8599853515625,835.6599731445312,426940000
1997-05-23,835.6599731445312,848.489990234375,835.6599731445312,847.030029296875,417030000
1997-05-27,847.030029296875,851.530029296875,840.9600219726562,849.7100219726562,436150000
1997-05-28,849.7100219726562,850.9500122070312,843.2100219726562,847.2100219726562,487340000
1997-05-29,847.2100219726562,848.9600219726562,842.6099853515625,844.0800170898438,462600000
1997-05-30,844.0800170898438,851.8699951171875,831.8699951171875,848.280029296875,537200000
1997-06-02,848.280029296875,851.3400268554688,844.6099853515625,846.3599853515625,435950000
1997-06-03,846.3599853515625,850.5599975585938,841.510009765625,845.47998046875,527120000
1997-06-04,845.47998046875,845.5499877929688,838.8200073242188,840.1099853515625,466690000
1997-06-05,840.1099853515625,848.8900146484375,840.1099853515625,843.4299926757812,452610000
1997-06-06,843.4299926757812,859.239990234375,843.3599853515625,858.010009765625,488940000
1997-06-09,858.010009765625,865.1400146484375,858.010009765625,862.9099731445312,465810000
1997-06-10,862.9099731445312,870.0499877929688,862.1799926757812,865.27001953125,526980000
1997-06-11,865.27001953125,870.6599731445312,865.1500244140625,869.5700073242188,513740000
1997-06-12,869.5700073242188,884.3400268554688,869.010009765625,883.4600219726562,592730000
1997-06-13,883.47998046875,894.6900024414062,883.47998046875,893.27001953125,575810000
1997-06-16,893.27001953125,895.1699829101562,891.2100219726562,893.9000244140625,414280000
1997-06-17,893.9000244140625,897.5999755859375,886.1900024414062,894.4199829101562,543010000
1997-06-18,894.4199829101562,894.4199829101562,887.030029296875,889.0599975585938,491740000
1997-06-19,889.0599975585938,900.0900268554688,888.989990234375,897.989990234375,536940000
1997-06-20,897.989990234375,901.77001953125,897.77001953125,898.7000122070312,653110000
1997-06-23,898.7000122070312,898.7000122070312,878.4299926757812,878.6199951171875,492940000
1997-06-24,878.6199951171875,896.75,878.6199951171875,896.3400268554688,542650000
1997-06-25,896.3400268554688,902.0900268554688,882.239990234375,888.989990234375,603040000
1997-06-26,888.989990234375,893.2100219726562,879.3200073242188,883.6799926757812,499780000
1997-06-27,883.6799926757812,894.7000122070312,883.6799926757812,887.2999877929688,472540000
1997-06-30,887.2999877929688,892.6199951171875,879.8200073242188,885.1400146484375,561540000
1997-07-01,885.1400146484375,893.8800048828125,884.5399780273438,891.030029296875,544190000
1997-07-02,891.030029296875,904.0499877929688,891.030029296875,904.030029296875,526970000
1997-07-03,904.030029296875,917.8200073242188,904.030029296875,916.9199829101562,374680000
1997-07-07,916.9199829101562,923.260009765625,909.6900024414062,912.2000122070312,518780000
1997-07-08,912.2000122070312,918.760009765625,911.5599975585938,918.75,526010000
1997-07-09,918.75,922.030029296875,902.47998046875,907.5399780273438,589110000
1997-07-10,907.5399780273438,916.5399780273438,904.3099975585938,913.780029296875,551340000
1997-07-11,913.780029296875,919.739990234375,913.1099853515625,916.6799926757812,500050000
1997-07-14,916.6799926757812,921.780029296875,912.02001953125,918.3800048828125,485960000
1997-07-15,918.3800048828125,926.1500244140625,914.52001953125,925.760009765625,598370000
1997-07-16,925.760009765625,939.3200073242188,925.760009765625,936.5900268554688,647390000
1997-07-17,936.5900268554688,936.9600219726562,927.9000244140625,931.6099853515625,629250000
1997-07-18,931.6099853515625,931.6099853515625,912.9000244140625,915.2999877929688,589710000
1997-07-21,915.2999877929688,915.3800048828125,907.1199951171875,912.9400024414062,459500000
1997-07-22,912.9400024414062,934.3800048828125,912.9400024414062,933.97998046875,579590000
1997-07-23,933.97998046875,941.7999877929688,933.97998046875,936.5599975585938,616930000
1997-07-24,936.5599975585938,941.510009765625,926.9099731445312,940.2999877929688,571020000
1997-07-25,940.2999877929688,945.6500244140625,936.0900268554688,938.7899780273438,521510000
1997-07-28,938.7899780273438,942.969970703125,935.1900024414062,936.4500122070312,466920000
1997-07-29,936.4500122070312,942.9600219726562,932.5599975585938,942.2899780273438,544540000
1997-07-30,942.2899780273438,953.97998046875,941.97998046875,952.2899780273438,568470000
1997-07-31,952.2899780273438,957.72998046875,948.8900146484375,954.3099975585938,547830000
1997-08-01,954.2899780273438,955.3499755859375,939.0399780273438,947.1400146484375,513750000
1997-08-04,947.1400146484375,953.1799926757812,943.5999755859375,950.2999877929688,456000000
1997-08-05,950.2999877929688,954.2100219726562,948.9199829101562,952.3699951171875,525710000
1997-08-06,952.3699951171875,962.4299926757812,949.4500122070312,960.3200073242188,565200000
1997-08-07,960.3200073242188,964.1699829101562,950.8699951171875,951.1900024414062,576030000
1997-08-08,951.1900024414062,951.1900024414062,925.739990234375,933.5399780273438,563420000
1997-08-11,933.5399780273438,938.5,925.3900146484375,937.0,480340000
1997-08-12,937.0,942.989990234375,925.6599731445312,926.530029296875,499310000
1997-08-13,926.530029296875,935.77001953125,916.5399780273438,922.02001953125,587210000
1997-08-14,922.02001953125,930.0700073242188,916.9199829101562,924.77001953125,530460000
1997-08-15,924.77001953125,924.77001953125,900.8099975585938,900.8099975585938,537820000
1997-08-18,900.8099975585938,912.5700073242188,893.3400268554688,912.489990234375,514330000
1997-08-19,912.489990234375,926.010009765625,912.489990234375,926.010009765625,545630000
1997-08-20,926.010009765625,939.3499755859375,924.5800170898438,939.3499755859375,521270000
1997-08-21,939.3499755859375,939.469970703125,921.3499755859375,925.0499877929688,499000000
1997-08-22,925.0499877929688,925.0499877929688,905.4199829101562,923.5399780273438,460160000
1997-08-25,923.5499877929688,930.9299926757812,917.2899780273438,920.1599731445312,388990000
1997-08-26,920.1599731445312,922.469970703125,911.719970703125,913.02001953125,449110000
1997-08-27,913.02001953125,916.22998046875,903.8300170898438,913.7000122070312,492150000
1997-08-28,913.7000122070312,915.9000244140625,898.6500244140625,903.6699829101562,486300000
1997-08-29,903.6699829101562,907.280029296875,896.8200073242188,899.469970703125,413910000
1997-09-02,899.469970703125,927.5800170898438,899.469970703125,927.5800170898438,491870000
1997-09-03,927.5800170898438,935.9000244140625,926.8699951171875,927.8599853515625,549060000
1997-09-04,927.8599853515625,933.3599853515625,925.5900268554688,930.8699951171875,559310000
1997-09-05,930.8699951171875,940.3699951171875,924.0499877929688,929.0499877929688,536400000
1997-09-08,929.0499877929688,936.5,929.0499877929688,931.2000122070312,466430000
1997-09-09,931.2000122070312,938.9000244140625,927.280029296875,933.6199951171875,502200000
1997-09-10,933.6199951171875,933.6199951171875,918.760009765625,919.030029296875,517620000
1997-09-11,919.030029296875,919.030029296875,902.5599975585938,912.5900268554688,575020000
1997-09-12,912.5900268554688,925.0499877929688,906.7000122070312,923.9099731445312,544150000
1997-09-15,923.9099731445312,928.9000244140625,919.4099731445312,919.77001953125,468030000
1997-09-16,919.77001953125,947.6599731445312,919.77001953125,945.6400146484375,636380000
1997-09-17,945.6400146484375,950.2899780273438,941.989990234375,943.0,590550000
1997-09-18,943.0,958.1900024414062,943.0,947.2899780273438,566830000
1997-09-19,947.2899780273438,952.3499755859375,943.9000244140625,950.510009765625,631040000
1997-09-22,950.510009765625,960.5900268554688,950.510009765625,955.4299926757812,490900000
1997-09-23,955.4299926757812,955.780029296875,948.0700073242188,951.9299926757812,522930000
1997-09-24,951.9299926757812,959.780029296875,944.0700073242188,944.47998046875,639460000
1997-09-25,944.47998046875,947.0,937.3800048828125,937.9099731445312,524880000
1997-09-26,937.9099731445312,946.4400024414062,937.9099731445312,945.219970703125,505340000
1997-09-29,945.219970703125,953.9600219726562,941.9400024414062,953.3400268554688,477100000
1997-09-30,953.3400268554688,955.1699829101562,947.280029296875,947.280029296875,587500000
1997-10-01,947.280029296875,956.7100219726562,947.280029296875,955.4099731445312,598660000
1997-10-02,955.4099731445312,960.4600219726562,952.9400024414062,960.4600219726562,474760000
1997-10-03,960.4600219726562,975.469970703125,955.1300048828125,965.030029296875,623370000
1997-10-06,965.030029296875,974.1599731445312,965.030029296875,972.6900024414062,495620000
1997-10-07,972.6900024414062,983.1199951171875,971.9500122070312,983.1199951171875,551970000
1997-10-08,983.1199951171875,983.1199951171875,968.6500244140625,973.8400268554688,573110000
1997-10-09,973.8400268554688,974.719970703125,963.3400268554688,970.6199951171875,551840000
1997-10-10,970.6199951171875,970.6199951171875,963.4199829101562,966.97998046875,500680000
1997-10-13,966.97998046875,973.4600219726562,966.9500122070312,968.0999755859375,354800000
1997-10-14,968.0999755859375,972.8599853515625,961.8699951171875,970.280029296875,510330000
1997-10-15,970.280029296875,970.280029296875,962.75,965.719970703125,505310000
1997-10-16,965.719970703125,973.3800048828125,950.77001953125,955.25,597010000
1997-10-17,955.22998046875,955.22998046875,931.5800170898438,944.1599731445312,624980000
1997-10-20,944.1599731445312,955.719970703125,941.4299926757812,955.6099853515625,483880000
1997-10-21,955.6099853515625,972.5599975585938,955.6099853515625,972.280029296875,582310000
1997-10-22,972.280029296875,972.6099853515625,965.6599731445312,968.489990234375,613490000
1997-10-23,968.489990234375,968.489990234375,944.1599731445312,950.6900024414062,673270000
1997-10-24,950.6900024414062,960.0399780273438,937.5499877929688,941.6400146484375,677630000
1997-10-27,941.6400146484375,941.6400146484375,876.72998046875,876.989990234375,693730000
1997-10-28,876.989990234375,923.0900268554688,855.27001953125,921.8499755859375,1202550000
1997-10-29,921.8499755859375,935.239990234375,913.8800048828125,919.1599731445312,777660000
1997-10-30,919.1599731445312,923.280029296875,903.6799926757812,903.6799926757812,712230000
1997-10-31,903.6799926757812,919.9299926757812,903.6799926757812,914.6199951171875,638070000
1997-11-03,914.6199951171875,939.02001953125,914.6199951171875,938.989990234375,564740000
1997-11-04,938.989990234375,941.4000244140625,932.6599731445312,940.760009765625,541590000
1997-11-05,940.760009765625,949.6199951171875,938.1599731445312,942.760009765625,565680000
1997-11-06,942.760009765625,942.8499755859375,934.1599731445312,938.030029296875,522890000
1997-11-07,938.030029296875,938.030029296875,915.3900146484375,927.510009765625,569980000
1997-11-10,927.510009765625,935.9000244140625,920.260009765625,921.1300048828125,464140000
1997-11-11,921.1300048828125,928.2899780273438,919.6300048828125,923.780029296875,435660000
1997-11-12,923.780029296875,923.8800048828125,905.3400268554688,905.9600219726562,585340000
1997-11-13,905.9600219726562,917.7899780273438,900.6099853515625,916.6599731445312,653960000
1997-11-14,916.6599731445312,930.4400024414062,915.3400268554688,928.3499755859375,635760000
1997-11-17,928.3499755859375,949.6599731445312,928.3499755859375,946.2000122070312,576540000
1997-11-18,946.2000122070312,947.6500244140625,937.4299926757812,938.22998046875,521380000
1997-11-19,938.22998046875,947.280029296875,934.8300170898438,944.5900268554688,542720000
1997-11-20,944.5900268554688,961.8300170898438,944.5900268554688,958.97998046875,602610000
1997-11-21,958.97998046875,964.5499877929688,954.5999755859375,963.0900268554688,611000000
1997-11-24,963.0900268554688,963.0900268554688,945.219970703125,946.6699829101562,514920000
1997-11-25,946.6699829101562,954.469970703125,944.7100219726562,950.8200073242188,587890000
1997-11-26,950.8200073242188,956.469970703125,950.8200073242188,951.6400146484375,487750000
1997-11-28,951.6400146484375,959.1300048828125,951.6400146484375,955.4000244140625,189070000
1997-12-01,955.4000244140625,974.77001953125,955.4000244140625,974.77001953125,590300000
1997-12-02,974.780029296875,976.2000122070312,969.8300170898438,971.6799926757812,576120000
1997-12-03,971.6799926757812,980.8099975585938,966.1599731445312,976.77001953125,624610000
1997-12-04,976.77001953125,983.3599853515625,971.3699951171875,973.0999755859375,633470000
1997-12-05,973.0999755859375,986.25,969.0999755859375,983.7899780273438,563590000
1997-12-08,983.7899780273438,985.6699829101562,979.5700073242188,982.3699951171875,490320000
1997-12-09,982.3699951171875,982.3699951171875,973.8099975585938,975.780029296875,539130000
1997-12-10,975.780029296875,975.780029296875,962.6799926757812,969.7899780273438,602290000
1997-12-11,969.7899780273438,969.7899780273438,951.8900146484375,954.9400024414062,631770000
1997-12-12,954.9400024414062,961.3200073242188,947.0,953.3900146484375,579280000
1997-12-15,953.3900146484375,965.9600219726562,953.3900146484375,963.3900146484375,597150000
1997-12-16,963.3900146484375,973.0,963.3900146484375,968.0399780273438,623320000
1997-12-17,968.0399780273438,974.2999877929688,964.25,965.5399780273438,618900000
1997-12-18,965.5399780273438,965.5399780273438,950.5499877929688,955.2999877929688,618870000
1997-12-19,955.2999877929688,955.2999877929688,924.9199829101562,946.780029296875,793200000
1997-12-22,946.780029296875,956.72998046875,946.25,953.7000122070312,530670000
1997-12-23,953.7000122070312,954.510009765625,938.9099731445312,939.1300048828125,515070000
1997-12-24,939.1300048828125,942.8800048828125,932.7000122070312,932.7000122070312,265980000
1997-12-26,932.7000122070312,939.989990234375,932.7000122070312,936.4600219726562,154900000
1997-12-29,936.4600219726562,953.9500122070312,936.4600219726562,953.3499755859375,443160000
1997-12-30,953.3499755859375,970.8400268554688,953.3499755859375,970.8400268554688,499500000
1997-12-31,970.8400268554688,975.02001953125,967.4099731445312,970.4299926757812,467280000
1998-01-02,970.4299926757812,975.0399780273438,965.72998046875,975.0399780273438,366730000
1998-01-05,975.0399780273438,982.6300048828125,969.0,977.0700073242188,628070000
1998-01-06,977.0700073242188,977.0700073242188,962.6799926757812,966.5800170898438,618360000
1998-01-07,966.5800170898438,966.5800170898438,952.6699829101562,964.0,667390000
1998-01-08,964.0,964.0,955.0399780273438,956.0499877929688,652140000
1998-01-09,956.0499877929688,956.0499877929688,921.719970703125,927.6900024414062,746420000
1998-01-12,927.6900024414062,939.25,912.8300170898438,939.2100219726562,705450000
1998-01-13,939.2100219726562,952.1400146484375,939.2100219726562,952.1199951171875,646740000
1998-01-14,952.1199951171875,958.1199951171875,948.0,957.9400024414062,603280000
1998-01-15,957.9400024414062,957.9400024414062,950.27001953125,950.72998046875,569050000
1998-01-16,950.72998046875,965.1199951171875,950.72998046875,961.510009765625,670080000
1998-01-20,961.510009765625,978.5999755859375,961.47998046875,978.5999755859375,644790000
1998-01-21,978.5999755859375,978.5999755859375,963.2899780273438,970.8099975585938,626160000
1998-01-22,970.8099975585938,970.8099975585938,959.489990234375,963.0399780273438,646570000
1998-01-23,963.0399780273438,966.4400024414062,950.8599853515625,957.5900268554688,635770000
1998-01-26,957.5900268554688,963.0399780273438,954.239990234375,956.9500122070312,555080000
1998-01-27,956.9500122070312,973.22998046875,956.260009765625,969.02001953125,679140000
1998-01-28,969.02001953125,978.6300048828125,969.02001953125,977.4600219726562,708470000
1998-01-29,977.4600219726562,992.6500244140625,975.2100219726562,985.489990234375,750760000
1998-01-30,985.489990234375,987.4099731445312,979.6300048828125,980.280029296875,613380000
1998-02-02,980.280029296875,1002.47998046875,980.280029296875,1001.27001953125,724320000
1998-02-03,1001.27001953125,1006.1300048828125,996.9000244140625,1006.0,692120000
1998-02-04,1006.0,1009.52001953125,999.4299926757812,1006.9000244140625,695420000
1998-02-05,1006.9000244140625,1013.510009765625,1000.27001953125,1003.5399780273438,703980000
1998-02-06,1003.5399780273438,1013.0700073242188,1003.3599853515625,1012.4600219726562,569650000
1998-02-09,1012.4600219726562,1015.3300170898438,1006.280029296875,1010.739990234375,524810000
1998-02-10,1010.739990234375,1022.1500244140625,1010.7100219726562,1019.010009765625,642800000
1998-02-11,1019.010009765625,1020.7100219726562,1016.3800048828125,1020.010009765625,599300000
1998-02-12,1020.010009765625,1026.300048828125,1008.5499877929688,1024.1400146484375,611480000
1998-02-13,1024.1400146484375,1024.1400146484375,1017.7100219726562,1020.0900268554688,531940000
1998-02-17,1020.0900268554688,1028.02001953125,1020.0900268554688,1022.760009765625,605890000
1998-02-18,1022.760009765625,1032.0799560546875,1021.7000122070312,1032.0799560546875,606000000
1998-02-19,1032.0799560546875,1032.9300537109375,1026.6199951171875,1028.280029296875,581820000
1998-02-20,1028.280029296875,1034.2099609375,1022.6900024414062,1034.2099609375,594300000
1998-02-23,1034.2099609375,1038.6800537109375,1031.760009765625,1038.1400146484375,550730000
1998-02-24,1038.1400146484375,1038.72998046875,1028.8900146484375,1030.56005859375,589880000
1998-02-25,1030.56005859375,1045.7900390625,1030.56005859375,1042.9000244140625,611350000
1998-02-26,1042.9000244140625,1048.6800537109375,1039.8499755859375,1048.6700439453125,646280000
1998-02-27,1048.6700439453125,1051.6600341796875,1044.4000244140625,1049.3399658203125,574480000
1998-03-02,1049.3399658203125,1053.97998046875,1044.699951171875,1047.699951171875,591470000
1998-03-03,1047.699951171875,1052.02001953125,1043.4100341796875,1052.02001953125,612360000
1998-03-04,1052.02001953125,1052.02001953125,1042.739990234375,1047.3299560546875,644280000
1998-03-05,1047.3299560546875,1047.3299560546875,1030.8699951171875,1035.050048828125,648270000
1998-03-06,1035.050048828125,1055.68994140625,1035.050048828125,1055.68994140625,665500000
1998-03-09,1055.68994140625,1058.550048828125,1050.02001953125,1052.31005859375,624700000
1998-03-10,1052.31005859375,1064.5899658203125,1052.31005859375,1064.25,631920000
1998-03-11,1064.25,1069.1800537109375,1064.219970703125,1068.469970703125,655260000
1998-03-12,1068.469970703125,1071.8699951171875,1063.5400390625,1069.9200439453125,594940000
1998-03-13,1069.9200439453125,1075.8599853515625,1066.5699462890625,1068.6099853515625,597800000
1998-03-16,1068.6099853515625,1079.4599609375,1068.6099853515625,1079.27001953125,548980000
1998-03-17,1079.27001953125,1080.52001953125,1073.2900390625,1080.449951171875,680960000
1998-03-18,1080.449951171875,1085.52001953125,1077.77001953125,1085.52001953125,632690000
1998-03-19,1085.52001953125,1089.739990234375,1084.300048828125,1089.739990234375,598240000
1998-03-20,1089.739990234375,1101.0400390625,1089.3900146484375,1099.1600341796875,717310000
1998-03-23,1099.1600341796875,1101.1600341796875,1094.25,1095.550048828125,631350000
1998-03-24,1095.550048828125,1106.75,1095.550048828125,1105.6500244140625,605720000
1998-03-25,1105.6500244140625,1113.0699462890625,1092.8399658203125,1101.9300537109375,676550000
1998-03-26,1101.9300537109375,1106.280029296875,1097.0,1100.800048828125,606770000
1998-03-27,1100.800048828125,1107.1800537109375,1091.1400146484375,1095.43994140625,582190000
1998-03-30,1095.43994140625,1099.0999755859375,1090.02001953125,1093.5999755859375,497400000
1998-03-31,1093.550048828125,1110.1300048828125,1093.550048828125,1101.75,674930000
1998-04-01,1101.75,1109.18994140625,1095.2900390625,1108.1500244140625,677310000
1998-04-02,1108.1500244140625,1121.010009765625,1107.8900146484375,1120.010009765625,674340000
1998-04-03,1120.010009765625,1126.3599853515625,1118.1199951171875,1122.699951171875,653880000
1998-04-06,1122.699951171875,1131.989990234375,1121.3699951171875,1121.3800048828125,625810000
1998-04-07,1121.3800048828125,1121.3800048828125,1102.43994140625,1109.550048828125,670760000
1998-04-08,1109.550048828125,1111.5999755859375,1098.2099609375,1101.6500244140625,616330000
1998-04-09,1101.6500244140625,1111.449951171875,1101.6500244140625,1110.6700439453125,548940000
1998-04-13,1110.6700439453125,1110.75,1100.5999755859375,1109.68994140625,564480000
1998-04-14,1109.68994140625,1115.949951171875,1109.47998046875,1115.75,613730000
1998-04-15,1115.75,1119.9000244140625,1112.239990234375,1119.3199462890625,685020000
1998-04-16,1119.3199462890625,1119.3199462890625,1105.27001953125,1108.1700439453125,699570000
1998-04-17,1108.1700439453125,1122.719970703125,1104.949951171875,1122.719970703125,672290000
1998-04-20,1122.719970703125,1124.8800048828125,1118.4300537109375,1123.6500244140625,595190000
1998-04-21,1123.6500244140625,1129.6500244140625,1119.5400390625,1126.6700439453125,675640000
1998-04-22,1126.6700439453125,1132.97998046875,1126.2900390625,1130.5400390625,696740000
1998-04-23,1130.5400390625,1130.5400390625,1117.489990234375,1119.5799560546875,653190000
1998-04-24,1119.5799560546875,1122.81005859375,1104.77001953125,1107.9000244140625,633890000
1998-04-27,1107.9000244140625,1107.9000244140625,1076.699951171875,1086.5400390625,685960000
1998-04-28,1086.5400390625,1095.93994140625,1081.489990234375,1085.1099853515625,678600000
1998-04-29,1085.1099853515625,1098.239990234375,1084.6500244140625,1094.6199951171875,638790000
1998-04-30,1094.6300048828125,1116.969970703125,1094.6300048828125,1111.75,695600000
1998-05-01,1111.75,1121.02001953125,1111.75,1121.0,581970000
1998-05-04,1121.0,1130.52001953125,1121.0,1122.0699462890625,551700000
1998-05-05,1122.0699462890625,1122.0699462890625,1111.1600341796875,1115.5,583630000
1998-05-06,1115.5,1118.3900146484375,1104.6400146484375,1104.9200439453125,606540000
1998-05-07,1104.9200439453125,1105.5799560546875,1094.5899658203125,1095.1400146484375,582240000
1998-05-08,1095.1400146484375,1111.4200439453125,1094.530029296875,1108.1400146484375,567890000
1998-05-11,1108.1400146484375,1119.1300048828125,1103.719970703125,1106.6400146484375,560840000
1998-05-12,1106.6400146484375,1115.9599609375,1102.780029296875,1115.7900390625,604420000
1998-05-13,1115.7900390625,1122.219970703125,1114.9300537109375,1118.8599853515625,600010000
1998-05-14,1118.8599853515625,1124.030029296875,1112.4300537109375,1117.3699951171875,578380000
1998-05-15,1117.3699951171875,1118.6600341796875,1107.1099853515625,1108.72998046875,621990000
1998-05-18,1108.72998046875,1112.43994140625,1097.989990234375,1105.8199462890625,519100000
1998-05-19,1105.8199462890625,1113.5,1105.8199462890625,1109.52001953125,566020000
1998-05-20,1109.52001953125,1119.0799560546875,1107.510009765625,1119.06005859375,587240000
1998-05-21,1119.06005859375,1124.449951171875,1111.93994140625,1114.6400146484375,551970000
1998-05-22,1114.6400146484375,1116.8900146484375,1107.989990234375,1110.469970703125,444070000
1998-05-26,1110.469970703125,1116.7900390625,1094.010009765625,1094.02001953125,541410000
1998-05-27,1094.02001953125,1094.43994140625,1074.3900146484375,1092.22998046875,682040000
1998-05-28,1092.22998046875,1099.72998046875,1089.06005859375,1097.5999755859375,588900000
1998-05-29,1097.5999755859375,1104.1600341796875,1090.8199462890625,1090.8199462890625,556780000
1998-06-01,1090.8199462890625,1097.8499755859375,1084.219970703125,1090.97998046875,537660000
1998-06-02,1090.97998046875,1098.7099609375,1089.6700439453125,1093.219970703125,590930000
1998-06-03,1093.219970703125,1097.4300537109375,1081.0899658203125,1082.72998046875,584480000
1998-06-04,1082.72998046875,1095.9300537109375,1078.0999755859375,1094.8299560546875,577470000
1998-06-05,1095.0999755859375,1113.8800048828125,1094.8299560546875,1113.8599853515625,558440000
1998-06-08,1113.8599853515625,1119.699951171875,1113.31005859375,1115.719970703125,543390000
1998-06-09,1115.719970703125,1119.9200439453125,1111.31005859375,1118.4100341796875,563610000
1998-06-10,1118.4100341796875,1126.0,1110.27001953125,1112.280029296875,609410000
1998-06-11,1112.280029296875,1114.199951171875,1094.280029296875,1094.5799560546875,627470000
1998-06-12,1094.5799560546875,1098.8399658203125,1080.8299560546875,1098.8399658203125,633300000
1998-06-15,1098.8399658203125,1098.8399658203125,1077.010009765625,1077.010009765625,595820000
1998-06-16,1077.010009765625,1087.5899658203125,1074.6700439453125,1087.5899658203125,664600000
1998-06-17,1087.5899658203125,1112.8699951171875,1087.5799560546875,1107.1099853515625,744400000
1998-06-18,1107.1099853515625,1109.3599853515625,1103.7099609375,1106.3699951171875,590440000
1998-06-19,1106.3699951171875,1111.25,1097.0999755859375,1100.6500244140625,715500000
1998-06-22,1100.6500244140625,1109.010009765625,1099.4200439453125,1103.2099609375,531550000
1998-06-23,1103.2099609375,1119.489990234375,1103.2099609375,1119.489990234375,657100000
1998-06-24,1119.489990234375,1134.4000244140625,1115.0999755859375,1132.8800048828125,714900000
1998-06-25,1132.8800048828125,1142.0400390625,1127.5999755859375,1129.280029296875,669900000
1998-06-26,1129.280029296875,1136.8299560546875,1129.280029296875,1133.199951171875,520050000
1998-06-29,1133.199951171875,1145.1500244140625,1133.199951171875,1138.489990234375,564350000
1998-06-30,1138.489990234375,1140.800048828125,1131.97998046875,1133.8399658203125,757200000
1998-07-01,1133.8399658203125,1148.56005859375,1133.8399658203125,1148.56005859375,701600000
1998-07-02,1148.56005859375,1148.56005859375,1142.989990234375,1146.4200439453125,510210000
1998-07-06,1146.4200439453125,1157.3299560546875,1145.030029296875,1157.3299560546875,514750000
1998-07-07,1157.3299560546875,1159.81005859375,1152.8499755859375,1154.6600341796875,624890000
1998-07-08,1154.6600341796875,1166.8900146484375,1154.6600341796875,1166.3800048828125,607230000
1998-07-09,1166.3800048828125,1166.3800048828125,1156.030029296875,1158.56005859375,663600000
1998-07-10,1158.5699462890625,1166.9300537109375,1150.8800048828125,1164.3299560546875,576080000
1998-07-13,1164.3299560546875,1166.97998046875,1160.2099609375,1165.18994140625,574880000
1998-07-14,1165.18994140625,1179.760009765625,1165.18994140625,1177.5799560546875,700300000
1998-07-15,1177.5799560546875,1181.47998046875,1174.72998046875,1174.81005859375,723900000
1998-07-16,1174.81005859375,1184.02001953125,1170.4000244140625,1183.989990234375,677800000
1998-07-17,1183.989990234375,1188.0999755859375,1182.4200439453125,1186.75,618030000
1998-07-20,1186.75,1190.5799560546875,1179.18994140625,1184.0999755859375,560580000
1998-07-21,1184.0999755859375,1187.3699951171875,1163.050048828125,1165.0699462890625,659700000
1998-07-22,1165.0699462890625,1167.6700439453125,1155.199951171875,1164.0799560546875,739800000
1998-07-23,1164.0799560546875,1164.3499755859375,1139.75,1139.75,741600000
1998-07-24,1139.75,1150.1400146484375,1129.1099853515625,1140.800048828125,698600000
1998-07-27,1140.800048828125,1147.27001953125,1128.18994140625,1147.27001953125,619990000
1998-07-28,1147.27001953125,1147.27001953125,1119.43994140625,1130.239990234375,703600000
1998-07-29,1130.239990234375,1138.56005859375,1121.97998046875,1125.2099609375,644350000
1998-07-30,1125.2099609375,1143.0699462890625,1125.2099609375,1142.949951171875,687400000
1998-07-31,1142.949951171875,1142.969970703125,1114.300048828125,1120.6700439453125,645910000
1998-08-03,1120.6700439453125,1121.7900390625,1110.3900146484375,1112.43994140625,620400000
1998-08-04,1112.43994140625,1119.72998046875,1071.8199462890625,1072.1199951171875,852600000
1998-08-05,1072.1199951171875,1084.800048828125,1057.3499755859375,1081.4300537109375,851600000
1998-08-06,1081.4300537109375,1090.949951171875,1074.93994140625,1089.6300048828125,768400000
1998-08-07,1089.6300048828125,1102.5400390625,1084.719970703125,1089.449951171875,759100000
1998-08-10,1089.449951171875,1092.8199462890625,1081.760009765625,1083.1400146484375,579180000
1998-08-11,1083.1400146484375,1083.1400146484375,1054.0,1068.97998046875,774400000
1998-08-12,1068.97998046875,1084.699951171875,1068.97998046875,1084.219970703125,711700000
1998-08-13,1084.219970703125,1091.5,1074.9100341796875,1074.9100341796875,660700000
1998-08-14,1074.9100341796875,1083.9200439453125,1057.219970703125,1062.75,644030000
1998-08-17,1062.75,1083.6700439453125,1055.0799560546875,1083.6700439453125,584380000
1998-08-18,1083.6700439453125,1101.719970703125,1083.6700439453125,1101.199951171875,690600000
1998-08-19,1101.199951171875,1106.3199462890625,1094.9300537109375,1098.06005859375,633630000
1998-08-20,1098.06005859375,1098.7900390625,1089.550048828125,1091.5999755859375,621630000
1998-08-21,1091.5999755859375,1091.5999755859375,1054.9200439453125,1081.239990234375,725700000
1998-08-24,1081.239990234375,1093.8199462890625,1081.239990234375,1088.1400146484375,558100000
1998-08-25,1088.1400146484375,1106.6400146484375,1085.530029296875,1092.8499755859375,664900000
1998-08-26,1092.8499755859375,1092.8499755859375,1075.9100341796875,1084.18994140625,674100000
1998-08-27,1084.18994140625,1084.18994140625,1037.6099853515625,1042.5899658203125,938600000
1998-08-28,1042.5899658203125,1051.800048828125,1021.0399780273438,1027.1400146484375,840300000
1998-08-31,1027.1400146484375,1033.469970703125,957.280029296875,957.280029296875,917500000
1998-09-01,957.280029296875,1000.7100219726562,939.97998046875,994.260009765625,1216600000
1998-09-02,994.260009765625,1013.1900024414062,988.4000244140625,990.47998046875,894600000
1998-09-03,990.469970703125,990.469970703125,969.3200073242188,982.260009765625,880500000
1998-09-04,982.260009765625,991.4099731445312,956.510009765625,973.8900146484375,780300000
1998-09-08,973.8900146484375,1023.4600219726562,973.8900146484375,1023.4600219726562,814800000
1998-09-09,1023.4600219726562,1027.719970703125,1004.5599975585938,1006.2000122070312,704300000
1998-09-10,1006.2000122070312,1006.2000122070312,968.6400146484375,980.1900024414062,880300000
1998-09-11,980.1900024414062,1009.0599975585938,969.7100219726562,1009.0599975585938,819100000
1998-09-14,1009.0599975585938,1038.3800048828125,1009.0599975585938,1029.719970703125,714400000
1998-09-15,1029.719970703125,1037.9000244140625,1021.4199829101562,1037.6800537109375,724600000
1998-09-16,1037.6800537109375,1046.0699462890625,1029.31005859375,1045.47998046875,797500000
1998-09-17,1045.47998046875,1045.47998046875,1016.0499877929688,1018.8699951171875,694500000
1998-09-18,1018.8699951171875,1022.010009765625,1011.8599853515625,1020.0900268554688,794700000
1998-09-21,1020.0900268554688,1026.02001953125,993.8200073242188,1023.8900146484375,609880000
1998-09-22,1023.8900146484375,1033.8900146484375,1021.9600219726562,1029.6300048828125,694900000
1998-09-23,1029.6300048828125,1066.0899658203125,1029.6300048828125,1066.0899658203125,899700000
1998-09-24,1066.0899658203125,1066.1099853515625,1033.0400390625,1042.719970703125,805900000
1998-09-25,1042.719970703125,1051.8900146484375,1028.489990234375,1044.75,736800000
1998-09-28,1044.75,1061.4599609375,1042.22998046875,1048.68994140625,690500000
1998-09-29,1048.68994140625,1056.31005859375,1039.8800048828125,1049.02001953125,760100000
1998-09-30,1049.02001953125,1049.02001953125,1015.72998046875,1017.010009765625,800100000
1998-10-01,1017.010009765625,1017.010009765625,981.2899780273438,986.3900146484375,899700000
1998-10-02,986.3900146484375,1005.4500122070312,971.6900024414062,1002.5999755859375,902900000
1998-10-05,1002.5999755859375,1002.5999755859375,964.719970703125,988.5599975585938,817500000
1998-10-06,988.5599975585938,1008.77001953125,974.8099975585938,984.5900268554688,845700000
1998-10-07,984.5900268554688,995.6599731445312,957.1500244140625,970.6799926757812,977000000
1998-10-08,970.6799926757812,970.6799926757812,923.3200073242188,959.4400024414062,1114600000
1998-10-09,959.4400024414062,984.4199829101562,953.0399780273438,984.3900146484375,878100000
1998-10-12,984.3900146484375,1010.7100219726562,984.3900146484375,997.7100219726562,691100000
1998-10-13,997.7100219726562,1000.780029296875,987.5499877929688,994.7999877929688,733300000
1998-10-14,994.7999877929688,1014.4199829101562,987.7999877929688,1005.530029296875,791200000
1998-10-15,1005.530029296875,1053.0899658203125,1000.1199951171875,1047.489990234375,937600000
1998-10-16,1047.489990234375,1062.6500244140625,1047.489990234375,1056.4200439453125,1042200000
1998-10-19,1056.4200439453125,1065.2099609375,1054.22998046875,1062.3900146484375,738600000
1998-10-20,1062.3900146484375,1084.06005859375,1060.6099853515625,1063.9300537109375,958200000
1998-10-21,1063.9300537109375,1073.6099853515625,1058.0799560546875,1069.9200439453125,745100000
1998-10-22,1069.9200439453125,1080.4300537109375,1061.469970703125,1078.47998046875,754900000
1998-10-23,1078.47998046875,1078.47998046875,1067.4300537109375,1070.6700439453125,637640000
1998-10-26,1070.6700439453125,1081.22998046875,1068.1700439453125,1072.3199462890625,609910000
1998-10-27,1072.3199462890625,1087.0799560546875,1063.06005859375,1065.3399658203125,764500000
1998-10-28,1065.3399658203125,1072.7900390625,1059.6500244140625,1068.0899658203125,677500000
1998-10-29,1068.0899658203125,1086.1099853515625,1065.949951171875,1085.9300537109375,699400000
1998-10-30,1085.9300537109375,1103.780029296875,1085.9300537109375,1098.6700439453125,785000000
1998-11-02,1098.6700439453125,1114.43994140625,1098.6700439453125,1111.5999755859375,753800000
1998-11-03,1111.5999755859375,1115.02001953125,1106.4200439453125,1110.8399658203125,704300000
1998-11-04,1110.8399658203125,1127.1800537109375,1110.5899658203125,1118.6700439453125,861100000
1998-11-05,1118.6700439453125,1133.8800048828125,1109.550048828125,1133.8499755859375,770200000
1998-11-06,1133.8499755859375,1141.300048828125,1131.1800537109375,1141.010009765625,683100000
1998-11-09,1141.010009765625,1141.010009765625,1123.1700439453125,1130.199951171875,592990000
1998-11-10,1130.199951171875,1135.3699951171875,1122.800048828125,1128.260009765625,671300000
1998-11-11,1128.260009765625,1136.25,1117.4000244140625,1120.969970703125,715700000
1998-11-12,1120.969970703125,1126.5699462890625,1115.550048828125,1117.68994140625,662300000
1998-11-13,1117.68994140625,1126.3399658203125,1116.760009765625,1125.719970703125,602270000
1998-11-16,1125.719970703125,1138.719970703125,1125.719970703125,1135.8699951171875,615580000
1998-11-17,1135.8699951171875,1151.7099609375,1129.6700439453125,1139.3199462890625,705200000
1998-11-18,1139.3199462890625,1144.52001953125,1133.0699462890625,1144.47998046875,652510000
1998-11-19,1144.47998046875,1155.0999755859375,1144.4200439453125,1152.6099853515625,671000000
1998-11-20,1152.6099853515625,1163.550048828125,1152.6099853515625,1163.550048828125,721200000
1998-11-23,1163.550048828125,1188.2099609375,1163.550048828125,1188.2099609375,774100000
1998-11-24,1188.2099609375,1191.300048828125,1181.81005859375,1182.989990234375,766200000
1998-11-25,1182.989990234375,1187.1600341796875,1179.3699951171875,1186.8699951171875,583580000
1998-11-27,1186.8699951171875,1192.969970703125,1186.8299560546875,1192.3299560546875,256950000
1998-11-30,1192.3299560546875,1192.719970703125,1163.6300048828125,1163.6300048828125,687900000
1998-12-01,1163.6300048828125,1175.8900146484375,1150.31005859375,1175.280029296875,789200000
1998-12-02,1175.280029296875,1175.280029296875,1157.760009765625,1171.25,727400000
1998-12-03,1171.25,1176.989990234375,1149.6099853515625,1150.1400146484375,799100000
1998-12-04,1150.1400146484375,1176.739990234375,1150.1400146484375,1176.739990234375,709700000
1998-12-07,1176.739990234375,1188.9599609375,1176.7099609375,1187.699951171875,671200000
1998-12-08,1187.699951171875,1193.530029296875,1172.780029296875,1181.3800048828125,727700000
1998-12-09,1181.3800048828125,1185.219970703125,1175.8900146484375,1183.489990234375,694200000
1998-12-10,1183.489990234375,1183.77001953125,1163.75,1165.02001953125,748600000
1998-12-11,1165.02001953125,1167.8900146484375,1153.18994140625,1166.4599609375,688900000
1998-12-14,1166.4599609375,1166.4599609375,1136.8900146484375,1141.199951171875,741800000
1998-12-15,1141.199951171875,1162.8299560546875,1141.199951171875,1162.8299560546875,777900000
1998-12-16,1162.8299560546875,1166.2900390625,1154.68994140625,1161.93994140625,725500000
1998-12-17,1161.93994140625,1180.030029296875,1161.93994140625,1179.97998046875,739400000
1998-12-18,1179.97998046875,1188.8900146484375,1178.27001953125,1188.030029296875,839600000
1998-12-21,1188.030029296875,1210.8800048828125,1188.030029296875,1202.8399658203125,744800000
1998-12-22,1202.8399658203125,1209.219970703125,1192.719970703125,1203.5699462890625,680500000
1998-12-23,1203.5699462890625,1229.8900146484375,1203.5699462890625,1228.5400390625,697500000
1998-12-24,1228.5400390625,1229.719970703125,1224.8499755859375,1226.27001953125,246980000
1998-12-28,1226.27001953125,1231.52001953125,1221.1700439453125,1225.489990234375,531560000
1998-12-29,1225.489990234375,1241.8599853515625,1220.780029296875,1241.81005859375,586490000
1998-12-30,1241.81005859375,1244.9300537109375,1231.199951171875,1231.9300537109375,594220000
1998-12-31,1231.9300537109375,1237.1800537109375,1224.9599609375,1229.22998046875,719200000
1999-01-04,1229.22998046875,1248.81005859375,1219.0999755859375,1228.0999755859375,877000000
1999-01-05,1228.0999755859375,1246.1099853515625,1228.0999755859375,1244.780029296875,775000000
1999-01-06,1244.780029296875,1272.5,1244.780029296875,1272.3399658203125,986900000
1999-01-07,1272.3399658203125,1272.3399658203125,1257.6800537109375,1269.72998046875,863000000
1999-01-08,1269.72998046875,1278.239990234375,1261.8199462890625,1275.0899658203125,937800000
1999-01-11,1275.0899658203125,1276.219970703125,1253.3399658203125,1263.8800048828125,818000000
1999-01-12,1263.8800048828125,1264.449951171875,1238.2900390625,1239.510009765625,800200000
1999-01-13,1239.510009765625,1247.75,1205.4599609375,1234.4000244140625,931500000
1999-01-14,1234.4000244140625,1236.81005859375,1209.5400390625,1212.18994140625,797200000
1999-01-15,1212.18994140625,1243.260009765625,1212.18994140625,1243.260009765625,798100000
1999-01-19,1243.260009765625,1253.27001953125,1234.9100341796875,1252.0,785500000
1999-01-20,1252.0,1274.0699462890625,1251.5400390625,1256.6199951171875,905700000
1999-01-21,1256.6199951171875,1256.93994140625,1232.18994140625,1235.1600341796875,871800000
1999-01-22,1235.1600341796875,1236.4100341796875,1217.969970703125,1225.18994140625,785900000
1999-01-25,1225.18994140625,1233.97998046875,1219.4599609375,1233.97998046875,723900000
1999-01-26,1233.97998046875,1253.25,1233.97998046875,1252.31005859375,896400000
1999-01-27,1252.31005859375,1262.6099853515625,1242.8199462890625,1243.1700439453125,893800000
1999-01-28,1243.1700439453125,1266.4000244140625,1243.1700439453125,1265.3699951171875,848800000
1999-01-29,1265.3699951171875,1280.3699951171875,1255.1800537109375,1279.6400146484375,917000000
1999-02-01,1279.6400146484375,1283.75,1271.31005859375,1273.0,799400000
1999-02-02,1273.0,1273.489990234375,1247.56005859375,1261.989990234375,845500000
1999-02-03,1261.989990234375,1276.0400390625,1255.27001953125,1272.0699462890625,876500000
1999-02-04,1272.0699462890625,1272.22998046875,1248.3599853515625,1248.489990234375,854400000
1999-02-05,1248.489990234375,1251.8599853515625,1232.280029296875,1239.4000244140625,872000000
1999-02-08,1239.4000244140625,1246.9300537109375,1231.97998046875,1243.77001953125,705400000
1999-02-09,1243.77001953125,1243.969970703125,1215.6300048828125,1216.1400146484375,736000000
1999-02-10,1216.1400146484375,1226.780029296875,1211.8900146484375,1223.550048828125,721400000
1999-02-11,1223.550048828125,1254.050048828125,1223.18994140625,1254.0400390625,815800000
1999-02-12,1254.0400390625,1254.0400390625,1225.530029296875,1230.1300048828125,691500000
1999-02-16,1230.1300048828125,1252.1700439453125,1230.1300048828125,1241.8699951171875,653760000
1999-02-17,1241.8699951171875,1249.31005859375,1220.9200439453125,1224.030029296875,735100000
1999-02-18,1224.030029296875,1239.1300048828125,1220.699951171875,1237.280029296875,742400000
1999-02-19,1237.280029296875,1247.9100341796875,1232.030029296875,1239.219970703125,700000000
1999-02-22,1239.219970703125,1272.219970703125,1239.219970703125,1272.1400146484375,718500000
1999-02-23,1272.1400146484375,1280.3800048828125,1263.3599853515625,1271.1800537109375,781100000
1999-02-24,1271.1800537109375,1283.8399658203125,1251.93994140625,1253.4100341796875,782000000
1999-02-25,1253.4100341796875,1253.4100341796875,1225.010009765625,1245.02001953125,740500000
1999-02-26,1245.02001953125,1246.72998046875,1226.239990234375,1238.3299560546875,784600000
1999-03-01,1238.3299560546875,1238.699951171875,1221.8800048828125,1236.1600341796875,699500000
1999-03-02,1236.1600341796875,1248.31005859375,1221.8699951171875,1225.5,753600000
1999-03-03,1225.5,1231.6300048828125,1216.030029296875,1227.699951171875,751700000
1999-03-04,1227.699951171875,1247.739990234375,1227.699951171875,1246.6400146484375,770900000
1999-03-05,1246.6400146484375,1275.72998046875,1246.6400146484375,1275.469970703125,834900000
1999-03-08,1275.469970703125,1282.739990234375,1271.5799560546875,1282.72998046875,714600000
1999-03-09,1282.72998046875,1293.739990234375,1275.1099853515625,1279.8399658203125,803700000
1999-03-10,1279.8399658203125,1287.02001953125,1275.1600341796875,1286.8399658203125,841900000
1999-03-11,1286.8399658203125,1306.4300537109375,1286.8399658203125,1297.6800537109375,904800000
1999-03-12,1297.6800537109375,1304.4200439453125,1289.1700439453125,1294.5899658203125,825800000
1999-03-15,1294.5899658203125,1307.469970703125,1291.030029296875,1307.260009765625,727200000
1999-03-16,1307.260009765625,1311.1099853515625,1302.2900390625,1306.3800048828125,751900000
1999-03-17,1306.3800048828125,1306.550048828125,1292.6300048828125,1297.8199462890625,752300000
1999-03-18,1297.8199462890625,1317.6199951171875,1294.75,1316.550048828125,831000000
1999-03-19,1316.550048828125,1323.8199462890625,1298.9200439453125,1299.2900390625,914700000
1999-03-22,1299.2900390625,1303.8399658203125,1294.260009765625,1297.010009765625,658200000
1999-03-23,1297.010009765625,1297.010009765625,1257.4599609375,1262.1400146484375,811300000
1999-03-24,1262.1400146484375,1269.02001953125,1256.4300537109375,1268.5899658203125,761900000
1999-03-25,1268.5899658203125,1289.989990234375,1268.5899658203125,1289.989990234375,784200000
1999-03-26,1289.989990234375,1289.989990234375,1277.25,1282.800048828125,707200000
1999-03-29,1282.800048828125,1311.760009765625,1282.800048828125,1310.1700439453125,747900000
1999-03-30,1310.1700439453125,1310.1700439453125,1295.469970703125,1300.75,729000000
1999-03-31,1300.75,1313.5999755859375,1285.8699951171875,1286.3699951171875,924300000
1999-04-01,1286.3699951171875,1294.5400390625,1282.56005859375,1293.719970703125,703000000
1999-04-05,1293.719970703125,1321.1199951171875,1293.719970703125,1321.1199951171875,695800000
1999-04-06,1321.1199951171875,1326.760009765625,1311.0699462890625,1317.8900146484375,787500000
1999-04-07,1317.8900146484375,1329.5799560546875,1312.5899658203125,1326.8900146484375,816400000
1999-04-08,1326.8900146484375,1344.0799560546875,1321.5999755859375,1343.97998046875,850500000
1999-04-09,1343.97998046875,1351.219970703125,1335.239990234375,1348.3499755859375,716100000
1999-04-12,1348.3499755859375,1358.68994140625,1333.47998046875,1358.6300048828125,810800000
1999-04-13,1358.6400146484375,1362.3800048828125,1344.030029296875,1349.8199462890625,810900000
1999-04-14,1349.8199462890625,1357.239990234375,1326.4100341796875,1328.43994140625,952000000
1999-04-15,1328.43994140625,1332.4100341796875,1308.3800048828125,1322.8499755859375,1089800000
1999-04-16,1322.8599853515625,1325.030029296875,1311.4000244140625,1319.0,1002300000
1999-04-19,1319.0,1340.0999755859375,1284.47998046875,1289.47998046875,1214400000
1999-04-20,1289.47998046875,1306.300048828125,1284.2099609375,1306.1700439453125,985400000
1999-04-21,1306.1700439453125,1336.1199951171875,1301.8399658203125,1336.1199951171875,920000000
1999-04-22,1336.1199951171875,1358.8399658203125,1336.1199951171875,1358.8199462890625,927900000
1999-04-23,1358.8299560546875,1363.6500244140625,1348.449951171875,1356.8499755859375,744900000
1999-04-26,1356.8499755859375,1363.56005859375,1353.719970703125,1360.0400390625,712000000
1999-04-27,1360.0400390625,1371.56005859375,1356.550048828125,1362.800048828125,891700000
1999-04-28,1362.800048828125,1368.6199951171875,1348.2900390625,1350.9100341796875,951700000
1999-04-29,1350.9100341796875,1356.75,1336.81005859375,1342.8299560546875,1003600000
1999-04-30,1342.8299560546875,1351.8299560546875,1314.5799560546875,1335.1800537109375,936500000
1999-05-03,1335.1800537109375,1354.6300048828125,1329.010009765625,1354.6300048828125,811400000
1999-05-04,1354.6300048828125,1354.6400146484375,1330.6400146484375,1332.0,933100000
1999-05-05,1332.0,1347.3199462890625,1317.43994140625,1347.31005859375,913500000
1999-05-06,1347.31005859375,1348.3599853515625,1322.56005859375,1332.050048828125,875400000
1999-05-07,1332.050048828125,1345.989990234375,1332.050048828125,1345.0,814900000
1999-05-10,1345.0,1352.010009765625,1334.0,1340.300048828125,773300000
1999-05-11,1340.300048828125,1360.0,1340.300048828125,1355.6099853515625,836100000
1999-05-12,1355.6099853515625,1367.3599853515625,1333.0999755859375,1364.0,825500000
1999-05-13,1364.0,1375.97998046875,1364.0,1367.56005859375,796900000
1999-05-14,1367.56005859375,1367.56005859375,1332.6300048828125,1337.800048828125,727800000
1999-05-17,1337.800048828125,1339.949951171875,1321.18994140625,1339.489990234375,665500000
1999-05-18,1339.489990234375,1345.43994140625,1323.4599609375,1333.3199462890625,753400000
1999-05-19,1333.3199462890625,1344.22998046875,1327.050048828125,1344.22998046875,801100000
1999-05-20,1344.22998046875,1350.489990234375,1338.8299560546875,1338.8299560546875,752200000
1999-05-21,1338.8299560546875,1340.8800048828125,1326.18994140625,1330.2900390625,686600000
1999-05-24,1330.2900390625,1333.02001953125,1303.530029296875,1306.6500244140625,754700000
1999-05-25,1306.6500244140625,1317.52001953125,1284.3800048828125,1284.4000244140625,826700000
1999-05-26,1284.4000244140625,1304.8499755859375,1278.4300537109375,1304.760009765625,870800000
1999-05-27,1304.760009765625,1304.760009765625,1277.31005859375,1281.4100341796875,811400000
1999-05-28,1281.4100341796875,1304.0,1281.4100341796875,1301.8399658203125,649960000
1999-06-01,1301.8399658203125,1301.8399658203125,1281.43994140625,1294.260009765625,683800000
1999-06-02,1294.260009765625,1297.0999755859375,1277.469970703125,1294.81005859375,728000000
1999-06-03,1294.81005859375,1304.1500244140625,1294.199951171875,1299.5400390625,719600000
1999-06-04,1299.5400390625,1327.75,1299.5400390625,1327.75,694500000
1999-06-07,1327.75,1336.4200439453125,1325.8900146484375,1334.52001953125,664300000
1999-06-08,1334.52001953125,1334.52001953125,1312.8299560546875,1317.3299560546875,685900000
1999-06-09,1317.3299560546875,1326.010009765625,1314.72998046875,1318.6400146484375,662000000
1999-06-10,1318.6400146484375,1318.6400146484375,1293.280029296875,1302.8199462890625,716500000
1999-06-11,1302.8199462890625,1311.969970703125,1287.8800048828125,1293.6400146484375,698200000
1999-06-14,1293.6400146484375,1301.989990234375,1292.199951171875,1294.0,669400000
1999-06-15,1294.0,1310.760009765625,1294.0,1301.1600341796875,696600000
1999-06-16,1301.1600341796875,1332.8299560546875,1301.1600341796875,1330.4100341796875,806800000
1999-06-17,1330.4100341796875,1343.5400390625,1322.75,1339.9000244140625,700300000
1999-06-18,1339.9000244140625,1344.47998046875,1333.52001953125,1342.8399658203125,914500000
1999-06-21,1342.8399658203125,1349.06005859375,1337.6300048828125,1349.0,686600000
1999-06-22,1349.0,1351.1199951171875,1335.52001953125,1335.8800048828125,716500000
1999-06-23,1335.8699951171875,1335.8800048828125,1322.550048828125,1333.06005859375,731800000
1999-06-24,1333.06005859375,1333.06005859375,1308.469970703125,1315.780029296875,690400000
1999-06-25,1315.780029296875,1329.1300048828125,1312.6400146484375,1315.31005859375,623460000
1999-06-28,1315.31005859375,1333.6800537109375,1315.31005859375,1331.3499755859375,652910000
1999-06-29,1331.3499755859375,1351.510009765625,1328.4000244140625,1351.449951171875,820100000
1999-06-30,1351.449951171875,1372.9300537109375,1338.780029296875,1372.7099609375,1117000000
1999-07-01,1372.7099609375,1382.800048828125,1360.800048828125,1380.9599609375,843400000
1999-07-02,1380.9599609375,1391.219970703125,1379.5699462890625,1391.219970703125,613570000
1999-07-06,1391.219970703125,1405.2900390625,1387.0799560546875,1388.1199951171875,722900000
1999-07-07,1388.1199951171875,1395.8800048828125,1384.949951171875,1395.8599853515625,791200000
1999-07-08,1395.8599853515625,1403.25,1386.68994140625,1394.4200439453125,830600000
1999-07-09,1394.4200439453125,1403.280029296875,1394.4200439453125,1403.280029296875,701000000
1999-07-12,1403.280029296875,1406.8199462890625,1394.699951171875,1399.0999755859375,685300000
1999-07-13,1399.0999755859375,1399.0999755859375,1386.8399658203125,1393.56005859375,736000000
1999-07-14,1393.56005859375,1400.050048828125,1386.510009765625,1398.1700439453125,756100000
1999-07-15,1398.1700439453125,1409.8399658203125,1398.1700439453125,1409.6199951171875,818800000
1999-07-16,1409.6199951171875,1418.780029296875,1407.0699462890625,1418.780029296875,714100000
1999-07-19,1418.780029296875,1420.3299560546875,1404.56005859375,1407.6500244140625,642330000
1999-07-20,1407.6500244140625,1407.6500244140625,1375.1500244140625,1377.0999755859375,754800000
1999-07-21,1377.0999755859375,1386.6600341796875,1372.6300048828125,1379.2900390625,785500000
1999-07-22,1379.2900390625,1379.2900390625,1353.97998046875,1360.969970703125,771700000
1999-07-23,1360.969970703125,1367.4100341796875,1349.9100341796875,1356.93994140625,630580000
1999-07-26,1356.93994140625,1358.6099853515625,1346.199951171875,1347.760009765625,613450000
1999-07-27,1347.75,1368.699951171875,1347.75,1362.8399658203125,723800000
1999-07-28,1362.8399658203125,1370.530029296875,1355.5400390625,1365.4000244140625,690900000
1999-07-29,1365.4000244140625,1365.4000244140625,1332.8199462890625,1341.030029296875,770100000
1999-07-30,1341.030029296875,1350.9200439453125,1328.489990234375,1328.719970703125,736800000
1999-08-02,1328.719970703125,1344.68994140625,1325.2099609375,1328.050048828125,649550000
1999-08-03,1328.050048828125,1336.1300048828125,1314.9100341796875,1322.1800537109375,739600000
1999-08-04,1322.1800537109375,1330.1600341796875,1304.5,1305.3299560546875,789300000
1999-08-05,1305.3299560546875,1313.7099609375,1287.22998046875,1313.7099609375,859300000
1999-08-06,1313.7099609375,1316.739990234375,1293.18994140625,1300.2900390625,698900000
1999-08-09,1300.2900390625,1306.6800537109375,1295.989990234375,1297.800048828125,684300000
1999-08-10,1297.800048828125,1298.6199951171875,1267.72998046875,1281.4300537109375,836200000
1999-08-11,1281.4300537109375,1301.9300537109375,1281.4300537109375,1301.9300537109375,792300000
1999-08-12,1301.9300537109375,1313.6099853515625,1298.06005859375,1298.1600341796875,745600000
1999-08-13,1298.1600341796875,1327.719970703125,1298.1600341796875,1327.6800537109375,691700000
1999-08-16,1327.6800537109375,1331.050048828125,1320.510009765625,1330.77001953125,583550000
1999-08-17,1330.77001953125,1344.1600341796875,1328.760009765625,1344.1600341796875,691500000
1999-08-18,1344.1600341796875,1344.1600341796875,1332.1300048828125,1332.8399658203125,682800000
1999-08-19,1332.8399658203125,1332.8399658203125,1315.3499755859375,1323.5899658203125,684200000
1999-08-20,1323.5899658203125,1336.6099853515625,1323.5899658203125,1336.6099853515625,661200000
1999-08-23,1336.6099853515625,1360.239990234375,1336.6099853515625,1360.219970703125,682600000
1999-08-24,1360.219970703125,1373.3199462890625,1353.6300048828125,1363.5,732700000
1999-08-25,1363.5,1382.8399658203125,1359.199951171875,1381.7900390625,864600000
1999-08-26,1381.7900390625,1381.7900390625,1361.530029296875,1362.010009765625,719000000
1999-08-27,1362.010009765625,1365.6300048828125,1347.3499755859375,1348.27001953125,570050000
1999-08-30,1348.27001953125,1350.699951171875,1322.800048828125,1324.02001953125,597900000
1999-08-31,1324.02001953125,1333.27001953125,1306.9599609375,1320.4100341796875,861700000
1999-09-01,1320.4100341796875,1331.1800537109375,1320.3900146484375,1331.0699462890625,708200000
1999-09-02,1331.0699462890625,1331.0699462890625,1304.8800048828125,1319.1099853515625,687100000
1999-09-03,1319.1099853515625,1357.739990234375,1319.1099853515625,1357.239990234375,663200000
1999-09-07,1357.239990234375,1361.3900146484375,1349.5899658203125,1350.449951171875,715300000
1999-09-08,1350.449951171875,1355.1800537109375,1337.3599853515625,1344.1500244140625,791200000
1999-09-09,1344.1500244140625,1347.6600341796875,1333.9100341796875,1347.6600341796875,773900000
1999-09-10,1347.6600341796875,1357.6199951171875,1346.199951171875,1351.6600341796875,808500000
1999-09-13,1351.6600341796875,1351.6600341796875,1341.699951171875,1344.1300048828125,657900000
1999-09-14,1344.1300048828125,1344.1800537109375,1330.6099853515625,1336.2900390625,734500000
1999-09-15,1336.2900390625,1347.2099609375,1317.969970703125,1317.969970703125,787300000
1999-09-16,1317.969970703125,1322.510009765625,1299.969970703125,1318.47998046875,739000000
1999-09-17,1318.47998046875,1337.5899658203125,1318.47998046875,1335.4200439453125,861900000
1999-09-20,1335.4200439453125,1338.3800048828125,1330.6099853515625,1335.530029296875,568000000
1999-09-21,1335.52001953125,1335.530029296875,1301.969970703125,1307.5799560546875,817300000
1999-09-22,1307.5799560546875,1316.1800537109375,1297.81005859375,1310.510009765625,822200000
1999-09-23,1310.510009765625,1315.25,1277.300048828125,1280.4100341796875,890800000
1999-09-24,1280.4100341796875,1281.1700439453125,1263.8399658203125,1277.3599853515625,872800000
1999-09-27,1277.3599853515625,1295.030029296875,1277.3599853515625,1283.31005859375,780600000
1999-09-28,1283.31005859375,1285.550048828125,1256.260009765625,1282.199951171875,885400000
1999-09-29,1282.199951171875,1288.8299560546875,1268.1600341796875,1268.3699951171875,856000000
1999-09-30,1268.3699951171875,1291.31005859375,1268.3699951171875,1282.7099609375,1017600000
1999-10-01,1282.7099609375,1283.1700439453125,1265.780029296875,1282.81005859375,896200000
1999-10-04,1282.81005859375,1304.5999755859375,1282.81005859375,1304.5999755859375,803300000
1999-10-05,1304.5999755859375,1316.4100341796875,1286.43994140625,1301.3499755859375,965700000
1999-10-06,1301.3499755859375,1325.4599609375,1301.3499755859375,1325.4000244140625,895200000
1999-10-07,1325.4000244140625,1328.050048828125,1314.1300048828125,1317.6400146484375,827800000
1999-10-08,1317.6400146484375,1336.6099853515625,1311.8800048828125,1336.02001953125,897300000
1999-10-11,1336.02001953125,1339.22998046875,1332.9599609375,1335.2099609375,655900000
1999-10-12,1335.2099609375,1335.2099609375,1311.800048828125,1313.0400390625,778300000
1999-10-13,1313.0400390625,1313.0400390625,1282.800048828125,1285.550048828125,821500000
1999-10-14,1285.550048828125,1289.6300048828125,1267.6199951171875,1283.4200439453125,892300000
1999-10-15,1283.4200439453125,1283.4200439453125,1245.3900146484375,1247.4100341796875,912600000
1999-10-18,1247.4100341796875,1254.1300048828125,1233.699951171875,1254.1300048828125,818700000
1999-10-19,1254.1300048828125,1279.3199462890625,1254.1300048828125,1261.3199462890625,905700000
1999-10-20,1261.3199462890625,1289.43994140625,1261.3199462890625,1289.4300537109375,928800000
1999-10-21,1289.4300537109375,1289.4300537109375,1265.6099853515625,1283.6099853515625,1012500000
1999-10-22,1283.6099853515625,1308.81005859375,1283.6099853515625,1301.6500244140625,959200000
1999-10-25,1301.6500244140625,1301.6800537109375,1286.0699462890625,1293.6300048828125,777000000
1999-10-26,1293.6300048828125,1303.4599609375,1281.8599853515625,1281.9100341796875,878300000
1999-10-27,1281.9100341796875,1299.3900146484375,1280.47998046875,1296.7099609375,950100000
1999-10-28,1296.7099609375,1342.469970703125,1296.7099609375,1342.43994140625,1135100000
1999-10-29,1342.43994140625,1373.1700439453125,1342.43994140625,1362.9300537109375,1120500000
1999-11-01,1362.9300537109375,1367.300048828125,1354.050048828125,1354.1199951171875,861000000
1999-11-02,1354.1199951171875,1369.3199462890625,1346.4100341796875,1347.739990234375,904500000
1999-11-03,1347.739990234375,1360.3299560546875,1347.739990234375,1354.9300537109375,914400000
1999-11-04,1354.9300537109375,1369.4100341796875,1354.9300537109375,1362.6400146484375,981700000
1999-11-05,1362.6400146484375,1387.47998046875,1362.6400146484375,1370.22998046875,1007300000
1999-11-08,1370.22998046875,1380.780029296875,1365.8699951171875,1377.010009765625,806800000
1999-11-09,1377.010009765625,1383.81005859375,1361.449951171875,1365.280029296875,854300000
1999-11-10,1365.280029296875,1379.1800537109375,1359.97998046875,1373.4599609375,984700000
1999-11-11,1373.4599609375,1382.1199951171875,1372.18994140625,1381.4599609375,891300000
1999-11-12,1381.4599609375,1396.1199951171875,1368.5400390625,1396.06005859375,900200000
1999-11-15,1396.06005859375,1398.5799560546875,1392.280029296875,1394.3900146484375,795700000
1999-11-16,1394.3900146484375,1420.3599853515625,1394.3900146484375,1420.0699462890625,942200000
1999-11-17,1420.0699462890625,1423.43994140625,1410.68994140625,1410.7099609375,960000000
1999-11-18,1410.7099609375,1425.31005859375,1410.7099609375,1424.93994140625,1022800000
1999-11-19,1424.93994140625,1424.93994140625,1417.5400390625,1422.0,893800000
1999-11-22,1422.0,1425.0,1412.4000244140625,1420.93994140625,873500000
1999-11-23,1420.93994140625,1423.9100341796875,1402.199951171875,1404.6400146484375,926100000
1999-11-24,1404.6400146484375,1419.7099609375,1399.1700439453125,1417.0799560546875,734800000
1999-11-26,1417.0799560546875,1425.239990234375,1416.1400146484375,1416.6199951171875,312120000
1999-11-29,1416.6199951171875,1416.6199951171875,1404.1500244140625,1407.8299560546875,866100000
1999-11-30,1407.8299560546875,1410.5899658203125,1386.949951171875,1388.9100341796875,951500000
1999-12-01,1388.9100341796875,1400.1199951171875,1387.3800048828125,1397.719970703125,884000000
1999-12-02,1397.719970703125,1409.0400390625,1397.719970703125,1409.0400390625,900700000
1999-12-03,1409.0400390625,1447.4200439453125,1409.0400390625,1433.300048828125,1006400000
1999-12-06,1433.300048828125,1434.1500244140625,1418.25,1423.3299560546875,916800000
1999-12-07,1423.3299560546875,1426.81005859375,1409.1700439453125,1409.1700439453125,1085800000
1999-12-08,1409.1700439453125,1415.6600341796875,1403.8800048828125,1403.8800048828125,957000000
1999-12-09,1403.8800048828125,1418.4300537109375,1391.469970703125,1408.1099853515625,1122100000
1999-12-10,1408.1099853515625,1421.5799560546875,1405.6500244140625,1417.0400390625,987200000
1999-12-13,1417.0400390625,1421.5799560546875,1410.0999755859375,1415.219970703125,977600000
1999-12-14,1415.219970703125,1418.300048828125,1401.5899658203125,1403.1700439453125,1027800000
1999-12-15,1403.1700439453125,1417.4000244140625,1396.199951171875,1413.3299560546875,1033900000
1999-12-16,1413.3199462890625,1423.1099853515625,1408.3499755859375,1418.780029296875,1070300000
1999-12-17,1418.780029296875,1431.77001953125,1418.780029296875,1421.030029296875,1349800000
1999-12-20,1421.030029296875,1429.1600341796875,1411.0999755859375,1418.0899658203125,904600000
1999-12-21,1418.0899658203125,1436.469970703125,1414.800048828125,1433.4300537109375,963500000
1999-12-22,1433.4300537109375,1440.02001953125,1429.1300048828125,1436.1300048828125,850000000
1999-12-23,1436.1300048828125,1461.43994140625,1436.1300048828125,1458.3399658203125,728600000
1999-12-27,1458.3399658203125,1463.18994140625,1450.8299560546875,1457.0999755859375,722600000
1999-12-28,1457.0899658203125,1462.6800537109375,1452.780029296875,1457.6600341796875,655400000
1999-12-29,1457.6600341796875,1467.469970703125,1457.6600341796875,1463.4599609375,567860000
1999-12-30,1463.4599609375,1473.0999755859375,1462.5999755859375,1464.469970703125,554680000
1999-12-31,1464.469970703125,1472.4200439453125,1458.18994140625,1469.25,374050000
2000-01-03,1469.25,1478.0,1438.3599853515625,1455.219970703125,931800000
2000-01-04,1455.219970703125,1455.219970703125,1397.4300537109375,1399.4200439453125,1009000000
2000-01-05,1399.4200439453125,1413.27001953125,1377.6800537109375,1402.1099853515625,1085500000
2000-01-06,1402.1099853515625,1411.9000244140625,1392.0999755859375,1403.449951171875,1092300000
2000-01-07,1403.449951171875,1441.469970703125,1400.72998046875,1441.469970703125,1225200000
2000-01-10,1441.469970703125,1464.3599853515625,1441.469970703125,1457.5999755859375,1064800000
2000-01-11,1457.5999755859375,1458.6600341796875,1434.4200439453125,1438.56005859375,1014000000
2000-01-12,1438.56005859375,1442.5999755859375,1427.0799560546875,1432.25,974600000
2000-01-13,1432.25,1454.199951171875,1432.25,1449.6800537109375,1030400000
2000-01-14,1449.6800537109375,1473.0,1449.6800537109375,1465.1500244140625,1085900000
2000-01-18,1465.1500244140625,1465.1500244140625,1451.300048828125,1455.1400146484375,1056700000
2000-01-19,1455.1400146484375,1461.3900146484375,1448.6800537109375,1455.9000244140625,1087800000
2000-01-20,1455.9000244140625,1465.7099609375,1438.5400390625,1445.5699462890625,1100700000
2000-01-21,1445.5699462890625,1453.1800537109375,1439.5999755859375,1441.3599853515625,1209800000
2000-01-24,1441.3599853515625,1454.0899658203125,1395.4200439453125,1401.530029296875,1115800000
2000-01-25,1401.530029296875,1414.260009765625,1388.489990234375,1410.030029296875,1073700000
2000-01-26,1410.030029296875,1412.72998046875,1400.1600341796875,1404.0899658203125,1117300000
2000-01-27,1404.0899658203125,1418.8599853515625,1370.989990234375,1398.56005859375,1129500000
2000-01-28,1398.56005859375,1398.56005859375,1356.199951171875,1360.1600341796875,1095800000
2000-01-31,1360.1600341796875,1394.47998046875,1350.1400146484375,1394.4599609375,993800000
2000-02-01,1394.4599609375,1412.489990234375,1384.7900390625,1409.280029296875,981000000
2000-02-02,1409.280029296875,1420.6099853515625,1403.489990234375,1409.1199951171875,1038600000
2000-02-03,1409.1199951171875,1425.780029296875,1398.52001953125,1424.969970703125,1146500000
2000-02-04,1424.969970703125,1435.9100341796875,1420.6300048828125,1424.3699951171875,1045100000
2000-02-07,1424.3699951171875,1427.1500244140625,1413.3299560546875,1424.239990234375,918100000
2000-02-08,1424.239990234375,1441.8299560546875,1424.239990234375,1441.719970703125,1047700000
2000-02-09,1441.719970703125,1444.550048828125,1411.6500244140625,1411.7099609375,1050500000
2000-02-10,1411.699951171875,1422.0999755859375,1406.4300537109375,1416.8299560546875,1058800000
2000-02-11,1416.8299560546875,1416.8299560546875,1378.8900146484375,1387.1199951171875,1025700000
2000-02-14,1387.1199951171875,1394.9300537109375,1380.530029296875,1389.93994140625,927300000
2000-02-15,1389.93994140625,1407.719970703125,1376.25,1402.050048828125,1092100000
2000-02-16,1402.050048828125,1404.550048828125,1385.5799560546875,1387.6700439453125,1018800000
2000-02-17,1387.6700439453125,1399.8800048828125,1380.0699462890625,1388.260009765625,1034800000
2000-02-18,1388.260009765625,1388.5899658203125,1345.3199462890625,1346.0899658203125,1042300000
2000-02-22,1346.0899658203125,1358.1099853515625,1331.8800048828125,1352.1700439453125,980000000
2000-02-23,1352.1700439453125,1370.1099853515625,1342.43994140625,1360.68994140625,993700000
2000-02-24,1360.68994140625,1364.800048828125,1329.8800048828125,1353.4300537109375,1215000000
2000-02-25,1353.4300537109375,1362.1400146484375,1329.1500244140625,1333.3599853515625,1065200000
2000-02-28,1333.3599853515625,1360.8199462890625,1325.0699462890625,1348.050048828125,1026500000
2000-02-29,1348.050048828125,1369.6300048828125,1348.050048828125,1366.4200439453125,1204300000
2000-03-01,1366.4200439453125,1383.4599609375,1366.4200439453125,1379.18994140625,1274100000
2000-03-02,1379.18994140625,1386.56005859375,1370.3499755859375,1381.760009765625,1198600000
2000-03-03,1381.760009765625,1410.8800048828125,1381.760009765625,1409.1700439453125,1150300000
2000-03-06,1409.1700439453125,1409.739990234375,1384.75,1391.280029296875,1029000000
2000-03-07,1391.280029296875,1399.2099609375,1349.989990234375,1355.6199951171875,1314100000
2000-03-08,1355.6199951171875,1373.7900390625,1346.6199951171875,1366.699951171875,1203000000
2000-03-09,1366.699951171875,1401.8199462890625,1357.8800048828125,1401.68994140625,1123000000
2000-03-10,1401.68994140625,1413.4599609375,1392.0699462890625,1395.0699462890625,1138800000
2000-03-13,1395.0699462890625,1398.3900146484375,1364.8399658203125,1383.6199951171875,1016100000
2000-03-14,1383.6199951171875,1395.1500244140625,1359.1500244140625,1359.1500244140625,1094000000
2000-03-15,1359.1500244140625,1397.989990234375,1356.989990234375,1392.1400146484375,1302800000
2000-03-16,1392.1500244140625,1458.469970703125,1392.1500244140625,1458.469970703125,1482300000
2000-03-17,1458.469970703125,1477.3299560546875,1453.3199462890625,1464.469970703125,1295100000
2000-03-20,1464.469970703125,1470.300048828125,1448.489990234375,1456.6300048828125,920800000
2000-03-21,1456.6300048828125,1493.9200439453125,1446.06005859375,1493.8699951171875,1065900000
2000-03-22,1493.8699951171875,1505.0799560546875,1487.3299560546875,1500.6400146484375,1075000000
2000-03-23,1500.6400146484375,1532.5,1492.3900146484375,1527.3499755859375,1078300000
2000-03-24,1527.3499755859375,1552.8699951171875,1516.8299560546875,1527.4599609375,1052200000
2000-03-27,1527.4599609375,1534.6300048828125,1518.4599609375,1523.8599853515625,901000000
2000-03-28,1523.8599853515625,1527.3599853515625,1507.0899658203125,1507.72998046875,959100000
2000-03-29,1507.72998046875,1521.449951171875,1497.449951171875,1508.52001953125,1061900000
2000-03-30,1508.52001953125,1517.3800048828125,1474.6300048828125,1487.9200439453125,1193400000
2000-03-31,1487.9200439453125,1519.81005859375,1484.3800048828125,1498.5799560546875,1227400000
2000-04-03,1498.5799560546875,1507.18994140625,1486.9599609375,1505.969970703125,1021700000
2000-04-04,1505.97998046875,1526.449951171875,1416.4100341796875,1494.72998046875,1515460000
2000-04-05,1494.72998046875,1506.550048828125,1478.050048828125,1487.3699951171875,1110300000
2000-04-06,1487.3699951171875,1511.760009765625,1487.3699951171875,1501.3399658203125,1008000000
2000-04-07,1501.3399658203125,1518.6800537109375,1501.3399658203125,1516.3499755859375,891600000
2000-04-10,1516.3499755859375,1527.18994140625,1503.3499755859375,1504.4599609375,853700000
2000-04-11,1504.4599609375,1512.800048828125,1486.780029296875,1500.5899658203125,971400000
2000-04-12,1500.5899658203125,1509.0799560546875,1466.1500244140625,1467.1700439453125,1175900000
2000-04-13,1467.1700439453125,1477.52001953125,1439.3399658203125,1440.510009765625,1032000000
2000-04-14,1440.510009765625,1440.510009765625,1339.4000244140625,1356.56005859375,1279700000
2000-04-17,1356.56005859375,1401.530029296875,1346.5,1401.43994140625,1204700000
2000-04-18,1401.43994140625,1441.6099853515625,1397.81005859375,1441.6099853515625,1109400000
2000-04-19,1441.6099853515625,1447.68994140625,1424.260009765625,1427.469970703125,1001400000
2000-04-20,1427.469970703125,1435.489990234375,1422.0799560546875,1434.5400390625,896200000
2000-04-24,1434.5400390625,1434.5400390625,1407.1300048828125,1429.8599853515625,868700000
2000-04-25,1429.8599853515625,1477.6700439453125,1429.8599853515625,1477.43994140625,1071100000
2000-04-26,1477.43994140625,1482.93994140625,1456.97998046875,1460.989990234375,999600000
2000-04-27,1460.989990234375,1469.2099609375,1434.81005859375,1464.9200439453125,1111000000
2000-04-28,1464.9200439453125,1473.6199951171875,1448.1500244140625,1452.4300537109375,984600000
2000-05-01,1452.4300537109375,1481.510009765625,1452.4300537109375,1468.25,966300000
2000-05-02,1468.25,1468.25,1445.219970703125,1446.2900390625,1011500000
2000-05-03,1446.2900390625,1446.2900390625,1398.3599853515625,1415.0999755859375,991600000
2000-05-04,1415.0999755859375,1420.989990234375,1404.93994140625,1409.5699462890625,925800000
2000-05-05,1409.5699462890625,1436.030029296875,1405.0799560546875,1432.6300048828125,805500000
2000-05-08,1432.6300048828125,1432.6300048828125,1417.050048828125,1424.1700439453125,787600000
2000-05-09,1424.1700439453125,1430.280029296875,1401.8499755859375,1412.1400146484375,896600000
2000-05-10,1412.1400146484375,1412.1400146484375,1375.1400146484375,1383.050048828125,1006400000
2000-05-11,1383.050048828125,1410.260009765625,1383.050048828125,1407.81005859375,953600000
2000-05-12,1407.81005859375,1430.1300048828125,1407.81005859375,1420.9599609375,858200000
2000-05-15,1420.9599609375,1452.3900146484375,1416.5400390625,1452.3599853515625,854600000
2000-05-16,1452.3599853515625,1470.4000244140625,1450.760009765625,1466.0400390625,955500000
2000-05-17,1466.0400390625,1466.0400390625,1441.6700439453125,1447.800048828125,820500000
2000-05-18,1447.800048828125,1458.0400390625,1436.5899658203125,1437.2099609375,807900000
2000-05-19,1437.2099609375,1437.2099609375,1401.739990234375,1406.949951171875,853700000
2000-05-22,1406.949951171875,1410.550048828125,1368.72998046875,1400.719970703125,869000000
2000-05-23,1400.719970703125,1403.77001953125,1373.4300537109375,1373.8599853515625,869900000
2000-05-24,1373.8599853515625,1401.75,1361.0899658203125,1399.050048828125,1152300000
2000-05-25,1399.050048828125,1411.6500244140625,1373.9300537109375,1381.52001953125,984500000
2000-05-26,1381.52001953125,1391.4200439453125,1369.75,1378.02001953125,722600000
2000-05-30,1378.02001953125,1422.449951171875,1378.02001953125,1422.449951171875,844200000
2000-05-31,1422.43994140625,1434.489990234375,1415.5,1420.5999755859375,960500000
2000-06-01,1420.5999755859375,1448.81005859375,1420.5999755859375,1448.81005859375,960100000
2000-06-02,1448.81005859375,1483.22998046875,1448.81005859375,1477.260009765625,1162400000
2000-06-05,1477.260009765625,1477.280029296875,1464.6800537109375,1467.6300048828125,838600000
2000-06-06,1467.6300048828125,1471.3599853515625,1454.739990234375,1457.8399658203125,950100000
2000-06-07,1457.8399658203125,1474.6400146484375,1455.06005859375,1471.3599853515625,854600000
2000-06-08,1471.3599853515625,1475.6500244140625,1456.489990234375,1461.6700439453125,854300000
2000-06-09,1461.6700439453125,1472.6700439453125,1454.9599609375,1456.949951171875,786000000
2000-06-12,1456.949951171875,1462.9300537109375,1445.989990234375,1446.0,774100000
2000-06-13,1446.0,1470.4200439453125,1442.3800048828125,1469.43994140625,935900000
2000-06-14,1469.43994140625,1483.6199951171875,1467.7099609375,1470.5400390625,929700000
2000-06-15,1470.5400390625,1482.0400390625,1464.6199951171875,1478.72998046875,1011400000
2000-06-16,1478.72998046875,1480.77001953125,1460.4200439453125,1464.4599609375,1250800000
2000-06-19,1464.4599609375,1488.9300537109375,1459.050048828125,1486.0,921700000
2000-06-20,1486.0,1487.3199462890625,1470.1800537109375,1475.949951171875,1031500000
2000-06-21,1475.949951171875,1482.18994140625,1468.0,1479.1300048828125,1009600000
2000-06-22,1479.1300048828125,1479.1300048828125,1448.030029296875,1452.1800537109375,1022700000
2000-06-23,1452.1800537109375,1459.93994140625,1438.31005859375,1441.47998046875,847600000
2000-06-26,1441.47998046875,1459.6600341796875,1441.47998046875,1455.31005859375,889000000
2000-06-27,1455.31005859375,1463.3499755859375,1450.550048828125,1450.550048828125,1042500000
2000-06-28,1450.550048828125,1467.6300048828125,1450.550048828125,1454.8199462890625,1095100000
2000-06-29,1454.8199462890625,1455.1400146484375,1434.6300048828125,1442.3900146484375,1110900000
2000-06-30,1442.3900146484375,1454.6800537109375,1438.7099609375,1454.5999755859375,1459700000
2000-07-03,1454.5999755859375,1469.5799560546875,1450.8499755859375,1469.5400390625,451900000
2000-07-05,1469.5400390625,1469.5400390625,1442.449951171875,1446.22998046875,1019300000
2000-07-06,1446.22998046875,1461.6500244140625,1439.56005859375,1456.6700439453125,947300000
2000-07-07,1456.6700439453125,1484.1199951171875,1456.6700439453125,1478.9000244140625,931700000
2000-07-10,1478.9000244140625,1486.56005859375,1474.760009765625,1475.6199951171875,838700000
2000-07-11,1475.6199951171875,1488.77001953125,1470.47998046875,1480.8800048828125,980500000
2000-07-12,1480.8800048828125,1497.68994140625,1480.8800048828125,1492.9200439453125,1001200000
2000-07-13,1492.9200439453125,1501.3900146484375,1489.6500244140625,1495.8399658203125,1026800000
2000-07-14,1495.8399658203125,1509.989990234375,1494.56005859375,1509.97998046875,960600000
2000-07-17,1509.97998046875,1517.3199462890625,1505.260009765625,1510.489990234375,906000000
2000-07-18,1510.489990234375,1510.489990234375,1491.3499755859375,1493.739990234375,908300000
2000-07-19,1493.739990234375,1495.6300048828125,1479.9200439453125,1481.9599609375,909400000
2000-07-20,1481.9599609375,1501.9200439453125,1481.9599609375,1495.5699462890625,1064600000
2000-07-21,1495.5699462890625,1495.5699462890625,1477.9100341796875,1480.18994140625,968300000
2000-07-24,1480.18994140625,1485.8800048828125,1463.800048828125,1464.2900390625,880300000
2000-07-25,1464.2900390625,1476.22998046875,1464.2900390625,1474.469970703125,969400000
2000-07-26,1474.469970703125,1474.469970703125,1452.4200439453125,1452.4200439453125,1235800000
2000-07-27,1452.4200439453125,1464.9100341796875,1445.3299560546875,1449.6199951171875,1156400000
2000-07-28,1449.6199951171875,1456.6800537109375,1413.8900146484375,1419.8900146484375,980000000
2000-07-31,1419.8900146484375,1437.6500244140625,1418.7099609375,1430.8299560546875,952600000
2000-08-01,1430.8299560546875,1443.5400390625,1428.9599609375,1438.0999755859375,938700000
2000-08-02,1438.0999755859375,1451.5899658203125,1433.489990234375,1438.699951171875,994500000
2000-08-03,1438.699951171875,1454.18994140625,1425.4300537109375,1452.56005859375,1095600000
2000-08-04,1452.56005859375,1462.9300537109375,1451.31005859375,1462.9300537109375,956000000
2000-08-07,1462.9300537109375,1480.800048828125,1460.719970703125,1479.3199462890625,854800000
2000-08-08,1479.3199462890625,1484.52001953125,1472.6099853515625,1482.800048828125,992200000
2000-08-09,1482.800048828125,1490.3299560546875,1471.1600341796875,1472.8699951171875,1054000000
2000-08-10,1472.8699951171875,1475.1500244140625,1459.8900146484375,1460.25,940800000
2000-08-11,1460.25,1475.719970703125,1453.06005859375,1471.8399658203125,835500000
2000-08-14,1471.8399658203125,1491.6400146484375,1468.56005859375,1491.56005859375,783800000
2000-08-15,1491.56005859375,1493.1199951171875,1482.739990234375,1484.4300537109375,895900000
2000-08-16,1484.4300537109375,1496.0899658203125,1475.739990234375,1479.8499755859375,929800000
2000-08-17,1479.8499755859375,1499.3199462890625,1479.8499755859375,1496.0699462890625,922400000
2000-08-18,1496.0699462890625,1499.469970703125,1488.989990234375,1491.719970703125,821400000
2000-08-21,1491.719970703125,1502.8399658203125,1491.1300048828125,1499.47998046875,731600000
2000-08-22,1499.47998046875,1508.449951171875,1497.4200439453125,1498.1300048828125,818800000
2000-08-23,1498.1300048828125,1507.199951171875,1489.52001953125,1505.969970703125,871000000
2000-08-24,1505.969970703125,1511.1600341796875,1501.25,1508.31005859375,837100000
2000-08-25,1508.31005859375,1513.469970703125,1505.0899658203125,1506.449951171875,685600000
2000-08-28,1506.449951171875,1523.949951171875,1506.449951171875,1514.0899658203125,733600000
2000-08-29,1514.0899658203125,1514.81005859375,1505.4599609375,1509.8399658203125,795600000
2000-08-30,1509.8399658203125,1510.489990234375,1500.0899658203125,1502.5899658203125,818400000
2000-08-31,1502.5899658203125,1525.2099609375,1502.5899658203125,1517.6800537109375,1056600000
2000-09-01,1517.6800537109375,1530.0899658203125,1515.530029296875,1520.77001953125,767700000
2000-09-05,1520.77001953125,1520.77001953125,1504.2099609375,1507.0799560546875,838500000
2000-09-06,1507.0799560546875,1512.6099853515625,1492.1199951171875,1492.25,995100000
2000-09-07,1492.25,1505.3399658203125,1492.25,1502.510009765625,985500000
2000-09-08,1502.510009765625,1502.510009765625,1489.8800048828125,1494.5,961000000
2000-09-11,1494.5,1506.760009765625,1483.010009765625,1489.260009765625,899300000
2000-09-12,1489.260009765625,1496.9300537109375,1479.6700439453125,1481.989990234375,991200000
2000-09-13,1481.989990234375,1487.449951171875,1473.6099853515625,1484.9100341796875,1068300000
2000-09-14,1484.9100341796875,1494.1600341796875,1476.72998046875,1480.8699951171875,1014000000
2000-09-15,1480.8699951171875,1480.9599609375,1460.219970703125,1465.81005859375,1268400000
2000-09-18,1465.81005859375,1467.77001953125,1441.9200439453125,1444.510009765625,962500000
2000-09-19,1444.510009765625,1461.1600341796875,1444.510009765625,1459.9000244140625,1024900000
2000-09-20,1459.9000244140625,1460.489990234375,1430.949951171875,1451.3399658203125,1104000000
2000-09-21,1451.3399658203125,1452.77001953125,1436.300048828125,1449.050048828125,1105400000
2000-09-22,1449.050048828125,1449.050048828125,1421.8800048828125,1448.719970703125,1185500000
2000-09-25,1448.719970703125,1457.4200439453125,1435.9300537109375,1439.030029296875,982400000
2000-09-26,1439.030029296875,1448.0400390625,1425.25,1427.2099609375,1106600000
2000-09-27,1427.2099609375,1437.219970703125,1419.43994140625,1426.5699462890625,1174700000
2000-09-28,1426.5699462890625,1461.68994140625,1425.780029296875,1458.2900390625,1206200000
2000-09-29,1458.2900390625,1458.2900390625,1436.2900390625,1436.510009765625,1197100000
2000-10-02,1436.52001953125,1445.5999755859375,1429.8299560546875,1436.22998046875,1051200000
2000-10-03,1436.22998046875,1454.8199462890625,1425.280029296875,1426.4599609375,1098100000
2000-10-04,1426.4599609375,1439.989990234375,1416.31005859375,1434.3199462890625,1167400000
2000-10-05,1434.3199462890625,1444.1700439453125,1431.800048828125,1436.280029296875,1176100000
2000-10-06,1436.280029296875,1443.300048828125,1397.06005859375,1408.989990234375,1150100000
2000-10-09,1408.989990234375,1409.68994140625,1392.47998046875,1402.030029296875,716600000
2000-10-10,1402.030029296875,1408.8299560546875,1383.8499755859375,1387.02001953125,1044000000
2000-10-11,1387.02001953125,1387.02001953125,1349.6700439453125,1364.5899658203125,1387500000
2000-10-12,1364.5899658203125,1374.9300537109375,1328.06005859375,1329.780029296875,1388600000
2000-10-13,1329.780029296875,1374.1700439453125,1327.0799560546875,1374.1700439453125,1223900000
2000-10-16,1374.1700439453125,1379.47998046875,1365.06005859375,1374.6199951171875,1005400000
2000-10-17,1374.6199951171875,1380.989990234375,1342.3399658203125,1349.969970703125,1161500000
2000-10-18,1349.969970703125,1356.6500244140625,1305.7900390625,1342.1300048828125,1441700000
2000-10-19,1342.1300048828125,1389.9300537109375,1342.1300048828125,1388.760009765625,1297900000
2000-10-20,1388.760009765625,1408.469970703125,1382.18994140625,1396.9300537109375,1177400000
2000-10-23,1396.9300537109375,1406.9599609375,1387.75,1395.780029296875,1046800000
2000-10-24,1395.780029296875,1415.6400146484375,1388.1300048828125,1398.1300048828125,1158600000
2000-10-25,1398.1300048828125,1398.1300048828125,1362.2099609375,1364.9000244140625,1315600000
2000-10-26,1364.9000244140625,1372.719970703125,1337.81005859375,1364.43994140625,1303800000
2000-10-27,1364.43994140625,1384.5699462890625,1364.1300048828125,1379.5799560546875,1086300000
2000-10-30,1379.5799560546875,1406.3599853515625,1376.8599853515625,1398.6600341796875,1186500000
2000-10-31,1398.6600341796875,1432.219970703125,1398.6600341796875,1429.4000244140625,1366400000
2000-11-01,1429.4000244140625,1429.5999755859375,1410.449951171875,1421.219970703125,1206800000
2000-11-02,1421.219970703125,1433.4000244140625,1421.219970703125,1428.3199462890625,1167700000
2000-11-03,1428.3199462890625,1433.2099609375,1420.9200439453125,1426.68994140625,997700000
2000-11-06,1428.760009765625,1438.4599609375,1427.719970703125,1432.18994140625,930900000
2000-11-07,1432.18994140625,1436.219970703125,1423.260009765625,1431.8699951171875,880900000
2000-11-08,1431.8699951171875,1437.280029296875,1408.780029296875,1409.280029296875,909300000
2000-11-09,1409.280029296875,1409.280029296875,1369.6800537109375,1400.1400146484375,1111000000
2000-11-10,1400.1400146484375,1400.1400146484375,1365.969970703125,1365.97998046875,962500000
2000-11-13,1365.97998046875,1365.97998046875,1328.6199951171875,1351.260009765625,1129300000
2000-11-14,1351.260009765625,1390.06005859375,1351.260009765625,1382.949951171875,1118800000
2000-11-15,1382.949951171875,1395.9599609375,1374.75,1389.81005859375,1066800000
2000-11-16,1389.81005859375,1394.760009765625,1370.3900146484375,1372.3199462890625,956300000
2000-11-17,1372.3199462890625,1384.8499755859375,1355.550048828125,1367.719970703125,1070400000
2000-11-20,1367.719970703125,1367.719970703125,1341.6700439453125,1342.6199951171875,955800000
2000-11-21,1342.6199951171875,1355.8699951171875,1333.6199951171875,1347.3499755859375,1137100000
2000-11-22,1347.3499755859375,1347.3499755859375,1321.8900146484375,1322.3599853515625,963200000
2000-11-24,1322.3599853515625,1343.8299560546875,1322.3599853515625,1341.77001953125,404870000
2000-11-27,1341.77001953125,1362.5,1341.77001953125,1348.969970703125,946100000
2000-11-28,1348.969970703125,1358.81005859375,1334.969970703125,1336.0899658203125,1028200000
2000-11-29,1336.0899658203125,1352.3800048828125,1329.280029296875,1341.9300537109375,402100000
2000-11-30,1341.9100341796875,1341.9100341796875,1294.9000244140625,1314.949951171875,1186530000
2000-12-01,1314.949951171875,1334.6700439453125,1307.02001953125,1315.22998046875,1195200000
2000-12-04,1315.1800537109375,1332.06005859375,1310.22998046875,1324.969970703125,1103000000
2000-12-05,1324.969970703125,1376.56005859375,1324.969970703125,1376.5400390625,900300000
2000-12-06,1376.5400390625,1376.5400390625,1346.1500244140625,1351.4599609375,1399300000
2000-12-07,1351.4599609375,1353.5,1339.260009765625,1343.550048828125,1128000000
2000-12-08,1343.550048828125,1380.3299560546875,1343.550048828125,1369.8900146484375,1358300000
2000-12-11,1369.8900146484375,1389.050048828125,1364.1400146484375,1380.199951171875,1202400000
2000-12-12,1380.199951171875,1380.27001953125,1370.27001953125,1371.1800537109375,1083400000
2000-12-13,1371.1800537109375,1385.8199462890625,1358.47998046875,1359.989990234375,1195100000
2000-12-14,1359.989990234375,1359.989990234375,1340.47998046875,1340.9300537109375,1061300000
2000-12-15,1340.9300537109375,1340.9300537109375,1305.3800048828125,1312.1500244140625,1561100000
2000-12-18,1312.1500244140625,1332.3199462890625,1312.1500244140625,1322.739990234375,1189900000
2000-12-19,1322.9599609375,1346.43994140625,1305.199951171875,1305.5999755859375,1324900000
2000-12-20,1305.5999755859375,1305.5999755859375,1261.1600341796875,1264.739990234375,1421600000
2000-12-21,1264.739990234375,1285.31005859375,1254.0699462890625,1274.8599853515625,1449900000
2000-12-22,1274.8599853515625,1305.969970703125,1274.8599853515625,1305.949951171875,1087100000
2000-12-26,1305.969970703125,1315.93994140625,1301.6400146484375,1315.18994140625,806500000
2000-12-27,1315.18994140625,1332.030029296875,1310.9599609375,1328.9200439453125,1092700000
2000-12-28,1328.9200439453125,1335.9300537109375,1325.780029296875,1334.219970703125,1015300000
2000-12-29,1334.219970703125,1340.0999755859375,1317.510009765625,1320.280029296875,1035500000
2001-01-02,1320.280029296875,1320.280029296875,1276.050048828125,1283.27001953125,1129400000
2001-01-03,1283.27001953125,1347.760009765625,1274.6199951171875,1347.56005859375,1880700000
2001-01-04,1347.56005859375,1350.239990234375,1329.1400146484375,1333.3399658203125,2131000000
2001-01-05,1333.3399658203125,1334.77001953125,1294.949951171875,1298.3499755859375,1430800000
2001-01-08,1298.3499755859375,1298.3499755859375,1276.2900390625,1295.8599853515625,1115500000
2001-01-09,1295.8599853515625,1311.719970703125,1295.1400146484375,1300.800048828125,1191300000
2001-01-10,1300.800048828125,1313.760009765625,1287.280029296875,1313.27001953125,1296500000
2001-01-11,1313.27001953125,1332.18994140625,1309.719970703125,1326.8199462890625,1411200000
2001-01-12,1326.8199462890625,1333.2099609375,1311.5899658203125,1318.550048828125,1276000000
2001-01-16,1318.3199462890625,1327.81005859375,1313.3299560546875,1326.6500244140625,1205700000
2001-01-17,1326.6500244140625,1346.9200439453125,1325.4100341796875,1329.469970703125,1349100000
2001-01-18,1329.8900146484375,1352.7099609375,1327.4100341796875,1347.969970703125,1445000000
2001-01-19,1347.969970703125,1354.550048828125,1336.739990234375,1342.5400390625,1407800000
2001-01-22,1342.5400390625,1353.6199951171875,1333.8399658203125,1342.9000244140625,1164000000
2001-01-23,1342.9000244140625,1362.9000244140625,1339.6300048828125,1360.4000244140625,1232600000
2001-01-24,1360.4000244140625,1369.75,1357.280029296875,1364.300048828125,1309000000
2001-01-25,1364.300048828125,1367.3499755859375,1354.6300048828125,1357.510009765625,1258000000
2001-01-26,1357.510009765625,1357.510009765625,1342.75,1354.949951171875,1098000000
2001-01-29,1354.9200439453125,1365.5400390625,1350.3599853515625,1364.1700439453125,1053100000
2001-01-30,1364.1700439453125,1375.6800537109375,1356.199951171875,1373.72998046875,1149800000
2001-01-31,1373.72998046875,1383.3699951171875,1364.6600341796875,1366.010009765625,1295300000
2001-02-01,1366.010009765625,1373.5,1359.3399658203125,1373.469970703125,1118800000
2001-02-02,1373.469970703125,1376.3800048828125,1348.719970703125,1349.469970703125,1048400000
2001-02-05,1349.469970703125,1354.56005859375,1344.47998046875,1354.31005859375,1013000000
2001-02-06,1354.31005859375,1363.550048828125,1350.0400390625,1352.260009765625,1059600000
2001-02-07,1352.260009765625,1352.260009765625,1334.260009765625,1340.8900146484375,1158300000
2001-02-08,1341.0999755859375,1350.3199462890625,1332.4200439453125,1332.530029296875,1107200000
2001-02-09,1332.530029296875,1332.530029296875,1309.97998046875,1314.760009765625,1075500000
2001-02-12,1314.760009765625,1330.9599609375,1313.6400146484375,1330.31005859375,1039100000
2001-02-13,1330.31005859375,1336.6199951171875,1317.510009765625,1318.800048828125,1075200000
2001-02-14,1318.800048828125,1320.72998046875,1304.719970703125,1315.9200439453125,1150300000
2001-02-15,1315.9200439453125,1331.2900390625,1315.9200439453125,1326.6099853515625,1153700000
2001-02-16,1326.6099853515625,1326.6099853515625,1293.1800537109375,1301.530029296875,1257200000
2001-02-20,1301.530029296875,1307.1600341796875,1278.43994140625,1278.93994140625,1112200000
2001-02-21,1278.93994140625,1282.969970703125,1253.1600341796875,1255.27001953125,1208500000
2001-02-22,1255.27001953125,1259.93994140625,1228.3299560546875,1252.8199462890625,1365900000
2001-02-23,1252.8199462890625,1252.8199462890625,1215.43994140625,1245.8599853515625,1231300000
2001-02-26,1245.8599853515625,1267.68994140625,1241.7099609375,1267.6500244140625,1130800000
2001-02-27,1267.6500244140625,1272.760009765625,1252.260009765625,1257.93994140625,1114100000
2001-02-28,1257.93994140625,1263.469970703125,1229.6500244140625,1239.93994140625,1225300000
2001-03-01,1239.93994140625,1241.3599853515625,1214.5,1241.22998046875,1294900000
2001-03-02,1241.22998046875,1251.010009765625,1219.739990234375,1234.1800537109375,1294000000
2001-03-05,1234.1800537109375,1242.550048828125,1234.0400390625,1241.4100341796875,929200000
2001-03-06,1241.4100341796875,1267.4200439453125,1241.4100341796875,1253.800048828125,1091800000
2001-03-07,1253.800048828125,1263.8599853515625,1253.800048828125,1261.8900146484375,1132200000
2001-03-08,1261.8900146484375,1266.5,1257.5999755859375,1264.739990234375,1114100000
2001-03-09,1264.739990234375,1264.739990234375,1228.4200439453125,1233.4200439453125,1085900000
2001-03-12,1233.4200439453125,1233.4200439453125,1176.780029296875,1180.1600341796875,1229000000
2001-03-13,1180.1600341796875,1197.8299560546875,1171.5,1197.6600341796875,1360900000
2001-03-14,1197.6600341796875,1197.6600341796875,1155.3499755859375,1166.7099609375,1397400000
2001-03-15,1166.7099609375,1182.0400390625,1166.7099609375,1173.56005859375,1259500000
2001-03-16,1173.56005859375,1173.56005859375,1148.6400146484375,1150.530029296875,1543560000
2001-03-19,1150.530029296875,1173.5,1147.1800537109375,1170.81005859375,1126200000
2001-03-20,1170.81005859375,1180.56005859375,1142.18994140625,1142.6199951171875,1235900000
2001-03-21,1142.6199951171875,1149.3900146484375,1118.739990234375,1122.1400146484375,1346300000
2001-03-22,1122.1400146484375,1124.27001953125,1081.18994140625,1117.5799560546875,1723950000
2001-03-23,1117.5799560546875,1141.8299560546875,1117.5799560546875,1139.8299560546875,1364900000
2001-03-26,1139.8299560546875,1160.02001953125,1139.8299560546875,1152.68994140625,1114000000
2001-03-27,1152.68994140625,1183.3499755859375,1150.9599609375,1182.1700439453125,1314200000
2001-03-28,1182.1700439453125,1182.1700439453125,1147.8299560546875,1153.2900390625,1333400000
2001-03-29,1153.2900390625,1161.68994140625,1136.260009765625,1147.949951171875,1234500000
2001-03-30,1147.949951171875,1162.800048828125,1143.8299560546875,1160.3299560546875,1280800000
2001-04-02,1160.3299560546875,1169.510009765625,1137.510009765625,1145.8699951171875,1254900000
2001-04-03,1145.8699951171875,1145.8699951171875,1100.18994140625,1106.4599609375,1386100000
2001-04-04,1106.4599609375,1117.5,1091.989990234375,1103.25,1425590000
2001-04-05,1103.25,1151.469970703125,1103.25,1151.43994140625,1368000000
2001-04-06,1151.43994140625,1151.43994140625,1119.2900390625,1128.4300537109375,1266800000
2001-04-09,1128.4300537109375,1146.1300048828125,1126.3800048828125,1137.5899658203125,1062800000
2001-04-10,1137.5899658203125,1173.9200439453125,1137.5899658203125,1168.3800048828125,1349600000
2001-04-11,1168.3800048828125,1182.239990234375,1160.260009765625,1165.8900146484375,1290300000
2001-04-12,1165.8900146484375,1183.510009765625,1157.72998046875,1183.5,1102000000
2001-04-16,1183.5,1184.6400146484375,1167.3800048828125,1179.6800537109375,913900000
2001-04-17,1179.6800537109375,1192.25,1168.9000244140625,1191.81005859375,1109600000
2001-04-18,1191.81005859375,1248.4200439453125,1191.81005859375,1238.1600341796875,1918900000
2001-04-19,1238.1600341796875,1253.7099609375,1233.3900146484375,1253.68994140625,1486800000
2001-04-20,1253.699951171875,1253.699951171875,1234.4100341796875,1242.97998046875,1338700000
2001-04-23,1242.97998046875,1242.97998046875,1217.469970703125,1224.3599853515625,1012600000
2001-04-24,1224.3599853515625,1233.5400390625,1208.8900146484375,1209.469970703125,1216500000
2001-04-25,1209.469970703125,1232.3599853515625,1207.3800048828125,1228.75,1203600000
2001-04-26,1228.75,1248.300048828125,1228.75,1234.52001953125,1345200000
2001-04-27,1234.52001953125,1253.0699462890625,1234.52001953125,1253.050048828125,1091300000
2001-04-30,1253.050048828125,1269.300048828125,1243.989990234375,1249.4599609375,1266800000
2001-05-01,1249.4599609375,1266.469970703125,1243.550048828125,1266.43994140625,1181300000
2001-05-02,1266.43994140625,1272.9300537109375,1257.699951171875,1267.4300537109375,1342200000
2001-05-03,1267.4300537109375,1267.4300537109375,1239.8800048828125,1248.5799560546875,1137900000
2001-05-04,1248.5799560546875,1267.510009765625,1232.0,1266.6099853515625,1082100000
2001-05-07,1266.6099853515625,1270.0,1259.18994140625,1263.510009765625,949000000
2001-05-08,1266.7099609375,1267.010009765625,1253.0,1261.199951171875,1006300000
2001-05-09,1261.199951171875,1261.6500244140625,1247.8299560546875,1255.5400390625,1132400000
2001-05-10,1255.5400390625,1268.1400146484375,1254.56005859375,1255.1800537109375,1056700000
2001-05-11,1255.1800537109375,1259.8399658203125,1240.7900390625,1245.6700439453125,906200000
2001-05-14,1245.6700439453125,1249.6800537109375,1241.02001953125,1248.9200439453125,858200000
2001-05-15,1248.9200439453125,1257.449951171875,1245.3599853515625,1249.43994140625,1071800000
2001-05-16,1249.43994140625,1286.3900146484375,1243.02001953125,1284.989990234375,1405300000
2001-05-17,1284.989990234375,1296.47998046875,1282.6500244140625,1288.489990234375,1355600000
2001-05-18,1288.489990234375,1292.06005859375,1281.1500244140625,1291.9599609375,1130800000
2001-05-21,1291.9599609375,1312.949951171875,1287.8699951171875,1312.8299560546875,1174900000
2001-05-22,1312.8299560546875,1315.9300537109375,1306.8900146484375,1309.3800048828125,1260400000
2001-05-23,1309.3800048828125,1309.3800048828125,1288.699951171875,1289.050048828125,1134800000
2001-05-24,1289.050048828125,1295.0400390625,1281.219970703125,1293.1700439453125,1100700000
2001-05-25,1293.1700439453125,1293.1700439453125,1276.4200439453125,1277.8900146484375,828100000
2001-05-29,1277.8900146484375,1278.4200439453125,1265.4100341796875,1267.9300537109375,1026000000
2001-05-30,1267.9300537109375,1267.9300537109375,1245.9599609375,1248.0799560546875,1158600000
2001-05-31,1248.0799560546875,1261.9100341796875,1248.0699462890625,1255.8199462890625,1226600000
2001-06-01,1255.8199462890625,1265.3399658203125,1246.8800048828125,1260.6700439453125,1015000000
2001-06-04,1260.6700439453125,1267.1700439453125,1256.3599853515625,1267.1099853515625,836500000
2001-06-05,1267.1099853515625,1286.6199951171875,1267.1099853515625,1283.5699462890625,1116800000
2001-06-06,1283.5699462890625,1283.8499755859375,1269.010009765625,1270.030029296875,1061900000
2001-06-07,1270.030029296875,1277.0799560546875,1265.0799560546875,1276.9599609375,1089600000
2001-06-08,1276.9599609375,1277.1099853515625,1259.989990234375,1264.9599609375,726200000
2001-06-11,1264.9599609375,1264.9599609375,1249.22998046875,1254.3900146484375,870100000
2001-06-12,1254.3900146484375,1261.0,1235.75,1255.8499755859375,1136500000
2001-06-13,1255.8499755859375,1259.75,1241.5899658203125,1241.5999755859375,1063600000
2001-06-14,1241.5999755859375,1241.5999755859375,1218.9000244140625,1219.8699951171875,1242900000
2001-06-15,1219.8699951171875,1221.5,1203.030029296875,1214.3599853515625,1635550000
2001-06-18,1214.3599853515625,1221.22998046875,1208.3299560546875,1208.4300537109375,1111600000
2001-06-19,1208.4300537109375,1226.1099853515625,1207.7099609375,1212.5799560546875,1184900000
2001-06-20,1212.5799560546875,1225.6099853515625,1210.0699462890625,1223.1400146484375,1350100000
2001-06-21,1223.1400146484375,1240.239990234375,1220.25,1237.0400390625,1546820000
2001-06-22,1237.0400390625,1237.72998046875,1221.4100341796875,1225.3499755859375,1189200000
2001-06-25,1225.3499755859375,1231.5,1213.5999755859375,1218.5999755859375,1050100000
2001-06-26,1218.5999755859375,1220.699951171875,1204.6400146484375,1216.760009765625,1198900000
2001-06-27,1216.760009765625,1219.9200439453125,1207.2900390625,1211.0699462890625,1162100000
2001-06-28,1211.0699462890625,1234.43994140625,1211.0699462890625,1226.199951171875,1327300000
2001-06-29,1226.199951171875,1237.2900390625,1221.1400146484375,1224.3800048828125,1832360000
2001-07-02,1224.4200439453125,1239.780029296875,1224.030029296875,1236.719970703125,1128300000
2001-07-03,1236.7099609375,1236.7099609375,1229.4300537109375,1234.449951171875,622110000
2001-07-05,1234.449951171875,1234.449951171875,1219.1500244140625,1219.239990234375,934900000
2001-07-06,1219.239990234375,1219.239990234375,1188.739990234375,1190.5899658203125,1056700000
2001-07-09,1190.5899658203125,1201.760009765625,1189.75,1198.780029296875,1045700000
2001-07-10,1198.780029296875,1203.4300537109375,1179.9300537109375,1181.52001953125,1263800000
2001-07-11,1181.52001953125,1184.9300537109375,1168.4599609375,1180.1800537109375,1384100000
2001-07-12,1180.1800537109375,1210.25,1180.1800537109375,1208.1400146484375,1394000000
2001-07-13,1208.1400146484375,1218.5400390625,1203.6099853515625,1215.6800537109375,1121700000
2001-07-16,1215.6800537109375,1219.6300048828125,1200.050048828125,1202.449951171875,1039800000
2001-07-17,1202.449951171875,1215.3599853515625,1196.1400146484375,1214.43994140625,1238100000
2001-07-18,1214.43994140625,1214.43994140625,1198.3299560546875,1207.7099609375,1316300000
2001-07-19,1207.7099609375,1225.0400390625,1205.800048828125,1215.02001953125,1343500000
2001-07-20,1215.02001953125,1215.68994140625,1207.0400390625,1210.8499755859375,1170900000
2001-07-23,1210.8499755859375,1215.219970703125,1190.5,1191.030029296875,986900000
2001-07-24,1191.030029296875,1191.030029296875,1165.5400390625,1171.6500244140625,1198700000
2001-07-25,1171.6500244140625,1190.52001953125,1171.280029296875,1190.489990234375,1280700000
2001-07-26,1190.489990234375,1204.1800537109375,1182.6500244140625,1202.9300537109375,1213900000
2001-07-27,1202.9300537109375,1209.260009765625,1195.989990234375,1205.8199462890625,1015300000
2001-07-30,1205.8199462890625,1209.050048828125,1200.4100341796875,1204.52001953125,909100000
2001-07-31,1204.52001953125,1222.739990234375,1204.52001953125,1211.22998046875,1129200000
2001-08-01,1211.22998046875,1223.0400390625,1211.22998046875,1215.9300537109375,1340300000
2001-08-02,1215.9300537109375,1226.27001953125,1215.31005859375,1220.75,1218300000
2001-08-03,1220.75,1220.75,1205.31005859375,1214.3499755859375,939900000
2001-08-06,1214.3499755859375,1214.3499755859375,1197.3499755859375,1200.47998046875,811700000
2001-08-07,1200.469970703125,1207.56005859375,1195.6400146484375,1204.4000244140625,1012000000
2001-08-08,1204.4000244140625,1206.7900390625,1181.27001953125,1183.530029296875,1124600000
2001-08-09,1183.530029296875,1184.7099609375,1174.6800537109375,1183.4300537109375,1104200000
2001-08-10,1183.4300537109375,1193.3299560546875,1169.550048828125,1190.1600341796875,960900000
2001-08-13,1190.1600341796875,1193.8199462890625,1185.1199951171875,1191.2900390625,837600000
2001-08-14,1191.2900390625,1198.7900390625,1184.260009765625,1186.72998046875,964600000
2001-08-15,1186.72998046875,1191.2099609375,1177.6099853515625,1178.02001953125,1065600000
2001-08-16,1178.02001953125,1181.800048828125,1166.0799560546875,1181.6600341796875,1055400000
2001-08-17,1181.6600341796875,1181.6600341796875,1156.0699462890625,1161.969970703125,974300000
2001-08-20,1161.969970703125,1171.4100341796875,1160.93994140625,1171.4100341796875,897100000
2001-08-21,1171.4100341796875,1179.8499755859375,1156.56005859375,1157.260009765625,1041600000
2001-08-22,1157.260009765625,1168.56005859375,1153.3399658203125,1165.31005859375,1110800000
2001-08-23,1165.31005859375,1169.8599853515625,1160.9599609375,1162.0899658203125,986200000
2001-08-24,1162.0899658203125,1185.1500244140625,1162.0899658203125,1184.9300537109375,1043600000
2001-08-27,1184.9300537109375,1186.8499755859375,1178.0699462890625,1179.2099609375,842600000
2001-08-28,1179.2099609375,1179.6600341796875,1161.1700439453125,1161.510009765625,987100000
2001-08-29,1161.510009765625,1166.969970703125,1147.3800048828125,1148.56005859375,963700000
2001-08-30,1148.5999755859375,1151.75,1124.8699951171875,1129.030029296875,1157000000
2001-08-31,1129.030029296875,1141.8299560546875,1126.3800048828125,1133.5799560546875,920100000
2001-09-04,1133.5799560546875,1155.4000244140625,1129.06005859375,1132.93994140625,1178300000
2001-09-05,1132.93994140625,1135.52001953125,1114.8599853515625,1131.739990234375,1384500000
2001-09-06,1131.739990234375,1131.739990234375,1105.8299560546875,1106.4000244140625,1359700000
2001-09-07,1106.4000244140625,1106.4000244140625,1082.1199951171875,1085.780029296875,1424300000
2001-09-10,1085.780029296875,1096.93994140625,1073.1500244140625,1092.5400390625,1276600000
2001-09-17,1092.5400390625,1092.5400390625,1037.4599609375,1038.77001953125,2330830000
2001-09-18,1038.77001953125,1046.4200439453125,1029.25,1032.739990234375,1650410000
2001-09-19,1032.739990234375,1038.9100341796875,984.6199951171875,1016.0999755859375,2120550000
2001-09-20,1016.0999755859375,1016.0999755859375,984.489990234375,984.5399780273438,2004800000
2001-09-21,984.5399780273438,984.5399780273438,944.75,965.7999877929688,2317300000
2001-09-24,965.7999877929688,1008.4400024414062,965.7999877929688,1003.4500122070312,1746600000
2001-09-25,1003.4500122070312,1017.1400146484375,998.3300170898438,1012.27001953125,1613800000
2001-09-26,1012.27001953125,1020.2899780273438,1002.6199951171875,1007.0399780273438,1519100000
2001-09-27,1007.0399780273438,1018.9199829101562,998.239990234375,1018.6099853515625,1467000000
2001-09-28,1018.6099853515625,1040.93994140625,1018.6099853515625,1040.93994140625,1631500000
2001-10-01,1040.93994140625,1040.93994140625,1026.760009765625,1038.550048828125,1175600000
2001-10-02,1038.550048828125,1051.3299560546875,1034.469970703125,1051.3299560546875,1289800000
2001-10-03,1051.3299560546875,1075.3800048828125,1041.47998046875,1072.280029296875,1650600000
2001-10-04,1072.280029296875,1084.1199951171875,1067.8199462890625,1069.6300048828125,1609100000
2001-10-05,1069.6199951171875,1072.3499755859375,1053.5,1071.3800048828125,1301700000
2001-10-08,1071.3699951171875,1071.3699951171875,1056.8800048828125,1062.43994140625,979000000
2001-10-09,1062.43994140625,1063.3699951171875,1053.8299560546875,1056.75,1227800000
2001-10-10,1056.75,1081.6199951171875,1052.760009765625,1080.989990234375,1312400000
2001-10-11,1080.989990234375,1099.1600341796875,1080.989990234375,1097.4300537109375,1704580000
2001-10-12,1097.4300537109375,1097.4300537109375,1072.1500244140625,1091.6500244140625,1331400000
2001-10-15,1091.6500244140625,1091.6500244140625,1078.18994140625,1089.97998046875,1024700000
2001-10-16,1089.97998046875,1101.6600341796875,1087.1300048828125,1097.5400390625,1210500000
2001-10-17,1097.5400390625,1107.1199951171875,1076.5699462890625,1077.0899658203125,1452200000
2001-10-18,1077.0899658203125,1077.93994140625,1064.5400390625,1068.6099853515625,1262900000
2001-10-19,1068.6099853515625,1075.52001953125,1057.239990234375,1073.47998046875,1294900000
2001-10-22,1073.47998046875,1090.5699462890625,1070.7900390625,1089.9000244140625,1105700000
2001-10-23,1089.9000244140625,1098.989990234375,1081.530029296875,1084.780029296875,1317300000
2001-10-24,1084.780029296875,1090.260009765625,1079.97998046875,1085.199951171875,1336200000
2001-10-25,1085.199951171875,1100.0899658203125,1065.6400146484375,1100.0899658203125,1364400000
2001-10-26,1100.0899658203125,1110.6099853515625,1094.239990234375,1104.6099853515625,1244500000
2001-10-29,1104.6099853515625,1104.6099853515625,1078.300048828125,1078.300048828125,1106100000
2001-10-30,1078.300048828125,1078.300048828125,1053.6099853515625,1059.7900390625,1297400000
2001-10-31,1059.7900390625,1074.7900390625,1057.550048828125,1059.780029296875,1352500000
2001-11-01,1059.780029296875,1085.6099853515625,1054.31005859375,1084.0999755859375,1317400000
2001-11-02,1084.0999755859375,1089.6300048828125,1075.5799560546875,1087.199951171875,1121900000
2001-11-05,1087.199951171875,1106.719970703125,1087.199951171875,1102.8399658203125,1267700000
2001-11-06,1102.8399658203125,1119.72998046875,1095.3599853515625,1118.8599853515625,1356000000
2001-11-07,1118.8599853515625,1126.6199951171875,1112.97998046875,1115.800048828125,1411300000
2001-11-08,1115.800048828125,1135.75,1115.4200439453125,1118.5400390625,1517500000
2001-11-09,1118.5400390625,1123.02001953125,1111.1300048828125,1120.31005859375,1093800000
2001-11-12,1120.31005859375,1121.7099609375,1098.3199462890625,1118.3299560546875,991600000
2001-11-13,1118.3299560546875,1139.1400146484375,1118.3299560546875,1139.0899658203125,1370100000
2001-11-14,1139.0899658203125,1148.280029296875,1132.8699951171875,1141.2099609375,1443400000
2001-11-15,1141.2099609375,1146.4599609375,1135.06005859375,1142.239990234375,1454500000
2001-11-16,1142.239990234375,1143.52001953125,1129.9200439453125,1138.6500244140625,1337400000
2001-11-19,1138.6500244140625,1151.06005859375,1138.6500244140625,1151.06005859375,1316800000
2001-11-20,1151.06005859375,1152.449951171875,1142.1700439453125,1142.6600341796875,1330200000
2001-11-21,1142.6600341796875,1142.6600341796875,1129.780029296875,1137.030029296875,1029300000
2001-11-23,1137.030029296875,1151.050048828125,1135.9000244140625,1150.3399658203125,410300000
2001-11-26,1150.3399658203125,1157.8800048828125,1146.1700439453125,1157.4200439453125,1129800000
2001-11-27,1157.4200439453125,1163.3800048828125,1140.81005859375,1149.5,1288000000
2001-11-28,1149.5,1149.5,1128.2900390625,1128.52001953125,1423700000
2001-11-29,1128.52001953125,1140.4000244140625,1125.510009765625,1140.199951171875,1375700000
2001-11-30,1140.199951171875,1143.5699462890625,1135.8900146484375,1139.449951171875,1343600000
2001-12-03,1139.449951171875,1139.449951171875,1125.780029296875,1129.9000244140625,1202900000
2001-12-04,1129.9000244140625,1144.800048828125,1128.8599853515625,1144.800048828125,1318500000
2001-12-05,1143.77001953125,1173.6199951171875,1143.77001953125,1170.3499755859375,1765300000
2001-12-06,1170.3499755859375,1173.3499755859375,1164.4300537109375,1167.0999755859375,1487900000
2001-12-07,1167.0999755859375,1167.0999755859375,1152.6600341796875,1158.31005859375,1248200000
2001-12-10,1158.31005859375,1158.31005859375,1139.6600341796875,1139.9300537109375,1218700000
2001-12-11,1139.9300537109375,1150.8900146484375,1134.3199462890625,1136.760009765625,1367200000
2001-12-12,1136.760009765625,1141.5799560546875,1126.010009765625,1137.0699462890625,1449700000
2001-12-13,1137.0699462890625,1137.0699462890625,1117.8499755859375,1119.3800048828125,1511500000
2001-12-14,1119.3800048828125,1128.280029296875,1114.530029296875,1123.0899658203125,1306800000
2001-12-17,1123.0899658203125,1137.300048828125,1122.6600341796875,1134.3599853515625,1260400000
2001-12-18,1134.3599853515625,1145.0999755859375,1134.3599853515625,1142.9200439453125,1354000000
2001-12-19,1142.9200439453125,1152.43994140625,1134.75,1149.56005859375,1484900000
2001-12-20,1149.56005859375,1151.4200439453125,1139.9300537109375,1139.9300537109375,1490500000
2001-12-21,1139.9300537109375,1147.4599609375,1139.9300537109375,1144.8900146484375,1694000000
2001-12-24,1144.8900146484375,1147.8299560546875,1144.6199951171875,1144.6500244140625,439670000
2001-12-26,1144.6500244140625,1159.1800537109375,1144.6500244140625,1149.3699951171875,791100000
2001-12-27,1149.3699951171875,1157.1300048828125,1149.3699951171875,1157.1300048828125,876300000
2001-12-28,1157.1300048828125,1164.6400146484375,1157.1300048828125,1161.02001953125,917400000
2001-12-31,1161.02001953125,1161.1600341796875,1148.0400390625,1148.0799560546875,943600000
2002-01-02,1148.0799560546875,1154.6700439453125,1136.22998046875,1154.6700439453125,1171000000
2002-01-03,1154.6700439453125,1165.27001953125,1154.010009765625,1165.27001953125,1398900000
2002-01-04,1165.27001953125,1176.550048828125,1163.4200439453125,1172.510009765625,1513000000
2002-01-07,1172.510009765625,1176.969970703125,1163.550048828125,1164.8900146484375,1308300000
2002-01-08,1164.8900146484375,1167.5999755859375,1157.4599609375,1160.7099609375,1258800000
2002-01-09,1160.7099609375,1174.260009765625,1151.8900146484375,1155.1400146484375,1452000000
2002-01-10,1155.1400146484375,1159.9300537109375,1150.8499755859375,1156.550048828125,1299000000
2002-01-11,1156.550048828125,1159.4100341796875,1145.449951171875,1145.5999755859375,1211900000
2002-01-14,1145.5999755859375,1145.5999755859375,1138.1500244140625,1138.4100341796875,1286400000
2002-01-15,1138.4100341796875,1148.81005859375,1136.8800048828125,1146.18994140625,1386900000
2002-01-16,1146.18994140625,1146.18994140625,1127.489990234375,1127.5699462890625,1482500000
2002-01-17,1127.5699462890625,1139.27001953125,1127.5699462890625,1138.8800048828125,1380100000
2002-01-18,1138.8800048828125,1138.8800048828125,1124.449951171875,1127.5799560546875,1333300000
2002-01-22,1127.5799560546875,1135.260009765625,1117.9100341796875,1119.31005859375,1311600000
2002-01-23,1119.31005859375,1131.93994140625,1117.4300537109375,1128.1800537109375,1479200000
2002-01-24,1128.1800537109375,1139.5,1128.1800537109375,1132.1500244140625,1552800000
2002-01-25,1132.1500244140625,1138.31005859375,1127.8199462890625,1133.280029296875,1345100000
2002-01-28,1133.280029296875,1138.6300048828125,1126.6600341796875,1133.06005859375,1186800000
2002-01-29,1133.06005859375,1137.469970703125,1098.739990234375,1100.6400146484375,1812000000
2002-01-30,1100.6400146484375,1113.7900390625,1081.6600341796875,1113.5699462890625,2019600000
2002-01-31,1113.5699462890625,1130.2099609375,1113.300048828125,1130.199951171875,1557000000
2002-02-01,1130.199951171875,1130.199951171875,1118.510009765625,1122.199951171875,1367200000
2002-02-04,1122.199951171875,1122.199951171875,1092.25,1094.43994140625,1437600000
2002-02-05,1094.43994140625,1100.9599609375,1082.5799560546875,1090.02001953125,1778300000
2002-02-06,1090.02001953125,1093.5799560546875,1077.780029296875,1083.510009765625,1665800000
2002-02-07,1083.510009765625,1094.030029296875,1078.43994140625,1080.1700439453125,1441600000
2002-02-08,1080.1700439453125,1096.300048828125,1079.9100341796875,1096.219970703125,1371900000
2002-02-11,1096.219970703125,1112.010009765625,1094.6800537109375,1111.93994140625,1159400000
2002-02-12,1111.93994140625,1112.6800537109375,1102.97998046875,1107.5,1094200000
2002-02-13,1107.5,1120.56005859375,1107.5,1118.510009765625,1215900000
2002-02-14,1118.510009765625,1124.719970703125,1112.300048828125,1116.47998046875,1272500000
2002-02-15,1116.47998046875,1117.0899658203125,1103.22998046875,1104.1800537109375,1359200000
2002-02-19,1104.1800537109375,1104.1800537109375,1082.239990234375,1083.3399658203125,1189900000
2002-02-20,1083.3399658203125,1098.3199462890625,1074.3599853515625,1097.97998046875,1438900000
2002-02-21,1097.97998046875,1101.5,1080.239990234375,1080.949951171875,1381600000
2002-02-22,1080.949951171875,1093.9300537109375,1074.3900146484375,1089.8399658203125,1411000000
2002-02-25,1089.8399658203125,1112.7099609375,1089.8399658203125,1109.4300537109375,1367400000
2002-02-26,1109.4300537109375,1115.050048828125,1101.719970703125,1109.3800048828125,1309200000
2002-02-27,1109.3800048828125,1123.06005859375,1102.260009765625,1109.8900146484375,1393800000
2002-02-28,1109.8900146484375,1121.5699462890625,1106.72998046875,1106.72998046875,1392200000
2002-03-01,1106.72998046875,1131.7900390625,1106.72998046875,1131.780029296875,1456500000
2002-03-04,1131.780029296875,1153.8399658203125,1130.9300537109375,1153.8399658203125,1594300000
2002-03-05,1153.8399658203125,1157.739990234375,1144.780029296875,1146.1400146484375,1549300000
2002-03-06,1146.1400146484375,1165.2900390625,1145.1099853515625,1162.77001953125,1541300000
2002-03-07,1162.77001953125,1167.93994140625,1150.68994140625,1157.5400390625,1517400000
2002-03-08,1157.5400390625,1172.760009765625,1157.5400390625,1164.31005859375,1412000000
2002-03-11,1164.31005859375,1173.030029296875,1159.5799560546875,1168.260009765625,1210200000
2002-03-12,1168.260009765625,1168.260009765625,1154.3399658203125,1165.5799560546875,1304400000
2002-03-13,1165.5799560546875,1165.5799560546875,1151.010009765625,1154.0899658203125,1354000000
2002-03-14,1154.0899658203125,1157.8299560546875,1151.0799560546875,1153.0400390625,1208800000
2002-03-15,1153.0400390625,1166.47998046875,1153.0400390625,1166.1600341796875,1493900000
2002-03-18,1166.1600341796875,1172.72998046875,1159.1400146484375,1165.550048828125,1169500000
2002-03-19,1165.550048828125,1173.93994140625,1165.550048828125,1170.2900390625,1255000000
2002-03-20,1170.2900390625,1170.2900390625,1151.6099853515625,1151.8499755859375,1304900000
2002-03-21,1151.8499755859375,1155.0999755859375,1139.47998046875,1153.5899658203125,1339200000
2002-03-22,1153.5899658203125,1156.489990234375,1144.5999755859375,1148.699951171875,1243300000
2002-03-25,1148.699951171875,1151.0400390625,1131.8699951171875,1131.8699951171875,1057900000
2002-03-26,1131.8699951171875,1147.0,1131.6099853515625,1138.489990234375,1223600000
2002-03-27,1138.489990234375,1146.949951171875,1135.3299560546875,1144.5799560546875,1180100000
2002-03-28,1144.5799560546875,1154.449951171875,1144.5799560546875,1147.3900146484375,1147600000
2002-04-01,1147.3900146484375,1147.8399658203125,1132.8699951171875,1146.5400390625,1050900000
2002-04-02,1146.5400390625,1146.5400390625,1135.7099609375,1136.760009765625,1176700000
2002-04-03,1136.760009765625,1138.8499755859375,1119.6800537109375,1125.4000244140625,1219700000
2002-04-04,1125.4000244140625,1130.449951171875,1120.06005859375,1126.3399658203125,1283800000
2002-04-05,1126.3399658203125,1133.31005859375,1119.489990234375,1122.72998046875,1110200000
2002-04-08,1122.72998046875,1125.4100341796875,1111.7900390625,1125.2900390625,1095300000
2002-04-09,1125.2900390625,1128.2900390625,1116.72998046875,1117.800048828125,1235400000
2002-04-10,1117.800048828125,1131.760009765625,1117.800048828125,1130.469970703125,1447900000
2002-04-11,1130.469970703125,1130.469970703125,1102.4200439453125,1103.68994140625,1505600000
2002-04-12,1103.68994140625,1112.77001953125,1102.739990234375,1111.010009765625,1282100000
2002-04-15,1111.010009765625,1114.8599853515625,1099.4100341796875,1102.550048828125,1120400000
2002-04-16,1102.550048828125,1129.4000244140625,1102.550048828125,1128.3699951171875,1341300000
2002-04-17,1128.3699951171875,1133.0,1123.3699951171875,1126.0699462890625,1376900000
2002-04-18,1126.0699462890625,1130.489990234375,1109.2900390625,1124.469970703125,1359300000
2002-04-19,1124.469970703125,1128.8199462890625,1122.5899658203125,1125.1700439453125,1185000000
2002-04-22,1125.1700439453125,1125.1700439453125,1105.6199951171875,1107.8299560546875,1181800000
2002-04-23,1107.8299560546875,1111.1700439453125,1098.93994140625,1100.9599609375,1388500000
2002-04-24,1100.9599609375,1108.4599609375,1092.510009765625,1093.1400146484375,1373200000
2002-04-25,1093.1400146484375,1094.3599853515625,1084.81005859375,1091.47998046875,1517400000
2002-04-26,1091.47998046875,1096.77001953125,1076.31005859375,1076.3199462890625,1374200000
2002-04-29,1076.3199462890625,1078.949951171875,1063.6199951171875,1065.449951171875,1314700000
2002-04-30,1065.449951171875,1082.6199951171875,1063.4599609375,1076.9200439453125,1628600000
2002-05-01,1076.9200439453125,1088.3199462890625,1065.2900390625,1086.4599609375,1451400000
2002-05-02,1086.4599609375,1091.4200439453125,1079.4599609375,1084.56005859375,1364000000
2002-05-03,1084.56005859375,1084.56005859375,1068.8900146484375,1073.4300537109375,1284500000
2002-05-06,1073.4300537109375,1075.9599609375,1052.6500244140625,1052.6700439453125,1122600000
2002-05-07,1052.6700439453125,1058.6700439453125,1048.9599609375,1049.489990234375,1354700000
2002-05-08,1049.489990234375,1088.9200439453125,1049.489990234375,1088.8499755859375,1502000000
2002-05-09,1088.8499755859375,1088.8499755859375,1072.22998046875,1073.010009765625,1153000000
2002-05-10,1073.010009765625,1075.4300537109375,1053.9300537109375,1054.989990234375,1171900000
2002-05-13,1054.989990234375,1074.8399658203125,1053.9000244140625,1074.56005859375,1088600000
2002-05-14,1074.56005859375,1097.7099609375,1074.56005859375,1097.280029296875,1414500000
2002-05-15,1097.280029296875,1104.22998046875,1088.93994140625,1091.0699462890625,1420200000
2002-05-16,1091.0699462890625,1099.2900390625,1089.1700439453125,1098.22998046875,1256600000
2002-05-17,1098.22998046875,1106.5899658203125,1096.77001953125,1106.5899658203125,1274400000
2002-05-20,1106.5899658203125,1106.5899658203125,1090.6099853515625,1091.8800048828125,989800000
2002-05-21,1091.8800048828125,1099.550048828125,1079.0799560546875,1079.8800048828125,1200500000
2002-05-22,1079.8800048828125,1086.02001953125,1075.6400146484375,1086.02001953125,1136300000
2002-05-23,1086.02001953125,1097.0999755859375,1080.550048828125,1097.0799560546875,1192900000
2002-05-24,1097.0799560546875,1097.0799560546875,1082.18994140625,1083.8199462890625,885400000
2002-05-28,1083.8199462890625,1085.97998046875,1070.31005859375,1074.550048828125,996500000
2002-05-29,1074.550048828125,1074.8299560546875,1067.6600341796875,1067.6600341796875,1081800000
2002-05-30,1067.6600341796875,1069.5,1054.260009765625,1064.6600341796875,1286600000
2002-05-31,1064.6600341796875,1079.9300537109375,1064.6600341796875,1067.1400146484375,1277300000
2002-06-03,1067.1400146484375,1070.739990234375,1039.9000244140625,1040.6800537109375,1324300000
2002-06-04,1040.6800537109375,1046.06005859375,1030.52001953125,1040.68994140625,1466600000
2002-06-05,1040.68994140625,1050.1099853515625,1038.8399658203125,1049.9000244140625,1300100000
2002-06-06,1049.9000244140625,1049.9000244140625,1026.9100341796875,1029.1500244140625,1601500000
2002-06-07,1029.1500244140625,1033.02001953125,1012.489990234375,1027.530029296875,1341300000
2002-06-10,1027.530029296875,1038.1800537109375,1025.449951171875,1030.739990234375,1226200000
2002-06-11,1030.739990234375,1039.0400390625,1012.9400024414062,1013.5999755859375,1212400000
2002-06-12,1013.260009765625,1021.8499755859375,1002.5800170898438,1020.260009765625,1795720000
2002-06-13,1020.260009765625,1023.469970703125,1008.1199951171875,1009.5599975585938,1405500000
2002-06-14,1009.5599975585938,1009.5599975585938,981.6300048828125,1007.27001953125,1549000000
2002-06-17,1007.27001953125,1036.1700439453125,1007.27001953125,1036.1700439453125,1236600000
2002-06-18,1036.1700439453125,1040.8299560546875,1030.9200439453125,1037.1400146484375,1193100000
2002-06-19,1037.1400146484375,1037.6099853515625,1017.8800048828125,1019.989990234375,1336100000
2002-06-20,1019.989990234375,1023.3300170898438,1004.5900268554688,1006.2899780273438,1389700000
2002-06-21,1006.2899780273438,1006.2899780273438,985.6500244140625,989.1400146484375,1497200000
2002-06-24,989.1400146484375,1002.1099853515625,970.8499755859375,992.719970703125,1552600000
2002-06-25,992.719970703125,1005.8800048828125,974.2100219726562,976.1400146484375,1513700000
2002-06-26,976.1400146484375,977.4299926757812,952.9199829101562,973.530029296875,2014290000
2002-06-27,973.530029296875,990.6699829101562,963.739990234375,990.6400146484375,1908600000
2002-06-28,990.6400146484375,1001.7899780273438,988.3099975585938,989.8200073242188,2117000000
2002-07-01,989.8200073242188,994.4600219726562,967.4299926757812,968.6500244140625,1425500000
2002-07-02,968.6500244140625,968.6500244140625,945.5399780273438,948.0900268554688,1823000000
2002-07-03,948.0900268554688,954.2999877929688,934.8699951171875,953.989990234375,1527800000
2002-07-05,953.989990234375,989.0700073242188,953.989990234375,989.030029296875,699400000
2002-07-08,989.030029296875,993.5599975585938,972.9099731445312,976.97998046875,1184400000
2002-07-09,976.97998046875,979.6300048828125,951.7100219726562,952.8300170898438,1348900000
2002-07-10,952.8300170898438,956.3400268554688,920.2899780273438,920.469970703125,1816900000
2002-07-11,920.469970703125,929.1599731445312,900.9400024414062,927.3699951171875,2080480000
2002-07-12,927.3699951171875,934.3099975585938,913.7100219726562,921.3900146484375,1607400000
2002-07-15,921.3900146484375,921.3900146484375,876.4600219726562,917.9299926757812,2574800000
2002-07-16,917.9299926757812,918.6500244140625,897.1300048828125,900.9400024414062,1843700000
2002-07-17,901.0499877929688,926.52001953125,895.030029296875,906.0399780273438,2566500000
2002-07-18,905.4500122070312,907.7999877929688,880.5999755859375,881.5599975585938,1736300000
2002-07-19,881.5599975585938,881.5599975585938,842.0700073242188,847.75,2654100000
2002-07-22,847.760009765625,854.1300048828125,813.260009765625,819.8499755859375,2248060000
2002-07-23,819.8499755859375,827.6900024414062,796.1300048828125,797.7000122070312,2441020000
2002-07-24,797.7100219726562,844.3200073242188,775.6799926757812,843.4299926757812,2775560000
2002-07-25,843.4199829101562,853.8300170898438,816.1099853515625,838.6799926757812,2424700000
2002-07-26,838.6799926757812,852.8499755859375,835.9199829101562,852.8400268554688,1796100000
2002-07-29,852.8400268554688,898.9600219726562,852.8400268554688,898.9600219726562,1778650000
2002-07-30,898.9600219726562,909.8099975585938,884.7000122070312,902.780029296875,1826090000
2002-07-31,902.780029296875,911.6400146484375,889.8800048828125,911.6199951171875,2049360000
2002-08-01,911.6199951171875,911.6199951171875,882.47998046875,884.6599731445312,1672200000
2002-08-02,884.4000244140625,884.719970703125,853.9500122070312,864.239990234375,1538100000
2002-08-05,864.239990234375,864.239990234375,833.4400024414062,834.5999755859375,1425500000
2002-08-06,834.5999755859375,874.4400024414062,834.5999755859375,859.5700073242188,1514100000
2002-08-07,859.5700073242188,878.739990234375,854.1500244140625,876.77001953125,1490400000
2002-08-08,876.77001953125,905.8400268554688,875.1699829101562,905.4600219726562,1646700000
2002-08-09,898.72998046875,913.9500122070312,890.77001953125,908.6400146484375,1294900000
2002-08-12,908.6400146484375,908.6400146484375,892.3800048828125,903.7999877929688,1036500000
2002-08-13,903.7999877929688,911.7100219726562,883.6199951171875,884.2100219726562,1297700000
2002-08-14,884.2100219726562,920.2100219726562,876.2000122070312,919.6199951171875,1533800000
2002-08-15,919.6199951171875,933.2899780273438,918.1699829101562,930.25,1505100000
2002-08-16,930.25,935.3800048828125,916.2100219726562,928.77001953125,1265300000
2002-08-19,928.77001953125,951.1699829101562,927.2100219726562,950.7000122070312,1299800000
2002-08-20,950.7000122070312,950.7000122070312,931.8599853515625,937.4299926757812,1308500000
2002-08-21,937.4299926757812,951.5900268554688,931.3200073242188,949.3599853515625,1353100000
2002-08-22,949.3599853515625,965.0,946.4299926757812,962.7000122070312,1373000000
2002-08-23,962.7000122070312,962.7000122070312,937.1699829101562,940.8599853515625,1071500000
2002-08-26,940.8599853515625,950.7999877929688,930.4199829101562,947.9500122070312,1016900000
2002-08-27,947.9500122070312,955.8200073242188,930.3599853515625,934.8200073242188,1307700000
2002-08-28,934.8200073242188,934.8200073242188,913.2100219726562,917.8699951171875,1146600000
2002-08-29,917.8699951171875,924.5900268554688,903.3300170898438,917.7999877929688,1271100000
2002-08-30,917.7999877929688,928.1500244140625,910.1699829101562,916.0700073242188,929900000
2002-09-03,916.0700073242188,916.0700073242188,877.510009765625,878.02001953125,1289800000
2002-09-04,878.02001953125,896.0999755859375,875.72998046875,893.4000244140625,1372100000
2002-09-05,893.4000244140625,893.4000244140625,870.5,879.1500244140625,1401300000
2002-09-06,879.1500244140625,899.0700073242188,879.1500244140625,893.9199829101562,1184500000
2002-09-09,893.9199829101562,907.3400268554688,882.9199829101562,902.9600219726562,1130600000
2002-09-10,902.9600219726562,909.8900146484375,900.5,909.5800170898438,1186400000
2002-09-11,910.6300048828125,924.02001953125,908.469970703125,909.4500122070312,846600000
2002-09-12,909.4500122070312,909.4500122070312,884.8400268554688,886.9099731445312,1191600000
2002-09-13,886.9099731445312,892.75,877.0499877929688,889.8099975585938,1271000000
2002-09-16,889.8099975585938,891.8400268554688,878.9099731445312,891.0999755859375,1001400000
2002-09-17,891.0999755859375,902.6799926757812,872.3800048828125,873.52001953125,1448600000
2002-09-18,873.52001953125,878.4500122070312,857.3900146484375,869.4600219726562,1501000000
2002-09-19,869.4600219726562,869.4600219726562,843.0900268554688,843.3200073242188,1524000000
2002-09-20,843.3200073242188,849.3200073242188,839.0900268554688,845.3900146484375,1792800000
2002-09-23,845.3900146484375,845.3900146484375,825.760009765625,833.7000122070312,1381100000
2002-09-24,833.7000122070312,833.7000122070312,817.3800048828125,819.2899780273438,1670240000
2002-09-25,819.27001953125,844.219970703125,818.4600219726562,839.6599731445312,1651500000
2002-09-26,839.6599731445312,856.5999755859375,839.6599731445312,854.9500122070312,1650000000
2002-09-27,854.9500122070312,854.9500122070312,826.8400268554688,827.3699951171875,1507300000
2002-09-30,827.3699951171875,827.3699951171875,800.2000122070312,815.280029296875,1721870000
2002-10-01,815.280029296875,847.9299926757812,812.8200073242188,847.9099731445312,1780900000
2002-10-02,843.77001953125,851.9299926757812,826.5,827.9099731445312,1668900000
2002-10-03,827.9099731445312,840.02001953125,817.25,818.9500122070312,1674500000
2002-10-04,818.9500122070312,825.9000244140625,794.0999755859375,800.5800170898438,1835930000
2002-10-07,800.5800170898438,808.2100219726562,782.9600219726562,785.280029296875,1576500000
2002-10-08,785.280029296875,808.8599853515625,779.5,798.5499877929688,1938430000
2002-10-09,798.5499877929688,798.5499877929688,775.7999877929688,776.760009765625,1885030000
2002-10-10,776.760009765625,806.510009765625,768.6300048828125,803.9199829101562,2090230000
2002-10-11,803.9199829101562,843.27001953125,803.9199829101562,835.3200073242188,1854130000
2002-10-14,835.3200073242188,844.3900146484375,828.3699951171875,841.4400024414062,1200300000
2002-10-15,841.4400024414062,881.27001953125,841.4400024414062,881.27001953125,1956000000
2002-10-16,881.27001953125,881.27001953125,856.280029296875,860.02001953125,1585000000
2002-10-17,860.02001953125,885.3499755859375,860.02001953125,879.2000122070312,1780390000
2002-10-18,879.2000122070312,886.6799926757812,866.5800170898438,884.3900146484375,1423100000
2002-10-21,884.3900146484375,900.6900024414062,873.0599975585938,899.719970703125,1447000000
2002-10-22,899.719970703125,899.719970703125,882.4000244140625,890.1599731445312,1549200000
2002-10-23,890.1599731445312,896.1400146484375,873.8200073242188,896.1400146484375,1593900000
2002-10-24,896.1400146484375,902.9400024414062,879.0,882.5,1700570000
2002-10-25,882.5,897.7100219726562,877.030029296875,897.6500244140625,1340400000
2002-10-28,897.6500244140625,907.4400024414062,886.1500244140625,890.22998046875,1382600000
2002-10-29,890.22998046875,890.6400146484375,867.9099731445312,882.1500244140625,1529700000
2002-10-30,882.1500244140625,895.280029296875,879.1900024414062,890.7100219726562,1422300000
2002-10-31,890.7100219726562,898.8300170898438,879.75,885.760009765625,1641300000
2002-11-01,885.760009765625,903.4199829101562,877.7100219726562,900.9600219726562,1450400000
2002-11-04,900.9600219726562,924.5800170898438,900.9600219726562,908.3499755859375,1645900000
2002-11-05,908.3499755859375,915.8300170898438,904.9099731445312,915.3900146484375,1354100000
2002-11-06,915.3900146484375,925.6599731445312,905.0,923.760009765625,1674000000
2002-11-07,923.760009765625,923.760009765625,898.6799926757812,902.6500244140625,1466900000
2002-11-08,902.6500244140625,910.1099853515625,891.6199951171875,894.739990234375,1446500000
2002-11-11,894.739990234375,894.739990234375,874.6300048828125,876.1900024414062,1113000000
2002-11-12,876.1900024414062,894.2999877929688,876.1900024414062,882.9500122070312,1377100000
2002-11-13,882.9500122070312,892.510009765625,872.0499877929688,882.530029296875,1463400000
2002-11-14,882.530029296875,904.27001953125,882.530029296875,904.27001953125,1519000000
2002-11-15,904.27001953125,910.2100219726562,895.3499755859375,909.8300170898438,1400100000
2002-11-18,909.8300170898438,915.9099731445312,899.47998046875,900.3599853515625,1282600000
2002-11-19,900.3599853515625,905.4500122070312,893.0900268554688,896.739990234375,1337400000
2002-11-20,896.739990234375,915.010009765625,894.9299926757812,914.1500244140625,1517300000
2002-11-21,914.1500244140625,935.1300048828125,914.1500244140625,933.760009765625,2415100000
2002-11-22,933.760009765625,937.280029296875,928.4099731445312,930.5499877929688,1626800000
2002-11-25,930.5499877929688,937.1500244140625,923.3099975585938,932.8699951171875,1574000000
2002-11-26,932.8699951171875,932.8699951171875,912.0999755859375,913.3099975585938,1543600000
2002-11-27,913.3099975585938,940.4099731445312,913.3099975585938,938.8699951171875,1350300000
2002-11-29,938.8699951171875,941.8200073242188,935.5800170898438,936.3099975585938,643460000
2002-12-02,936.3099975585938,954.280029296875,927.719970703125,934.530029296875,1612000000
2002-12-03,934.530029296875,934.530029296875,918.72998046875,920.75,1488400000
2002-12-04,920.75,925.25,909.510009765625,917.5800170898438,1588900000
2002-12-05,917.5800170898438,921.489990234375,905.9000244140625,906.5499877929688,1250200000
2002-12-06,906.5499877929688,915.47998046875,895.9600219726562,912.22998046875,1241100000
2002-12-09,912.22998046875,912.22998046875,891.969970703125,892.0,1320800000
2002-12-10,892.0,904.9500122070312,892.0,904.4500122070312,1286600000
2002-12-11,904.4500122070312,909.9400024414062,896.47998046875,904.9600219726562,1285100000
2002-12-12,904.9600219726562,908.3699951171875,897.0,901.5800170898438,1255300000
2002-12-13,901.5800170898438,901.5800170898438,888.47998046875,889.47998046875,1330800000
2002-12-16,889.47998046875,910.4199829101562,889.47998046875,910.4000244140625,1271600000
2002-12-17,910.4000244140625,911.219970703125,901.739990234375,902.989990234375,1251800000
2002-12-18,902.989990234375,902.989990234375,887.8200073242188,891.1199951171875,1446200000
2002-12-19,890.02001953125,899.1900024414062,880.3200073242188,884.25,1385900000
2002-12-20,884.25,897.7899780273438,884.25,895.760009765625,1782730000
2002-12-23,895.739990234375,902.4299926757812,892.260009765625,897.3800048828125,1112100000
2002-12-24,897.3800048828125,897.3800048828125,892.2899780273438,892.469970703125,458310000
2002-12-26,892.469970703125,903.8900146484375,887.47998046875,889.6599731445312,721100000
2002-12-27,889.6599731445312,890.4600219726562,873.6199951171875,875.4000244140625,758400000
2002-12-30,875.4000244140625,882.0999755859375,870.22998046875,879.3900146484375,1057800000
2002-12-31,879.3900146484375,881.9299926757812,869.4500122070312,879.8200073242188,1088500000
2003-01-02,879.8200073242188,909.030029296875,879.8200073242188,909.030029296875,1229200000
2003-01-03,909.030029296875,911.25,903.0700073242188,908.5900268554688,1130800000
2003-01-06,908.5900268554688,931.77001953125,908.5900268554688,929.010009765625,1435900000
2003-01-07,929.010009765625,930.8099975585938,919.9299926757812,922.9299926757812,1545200000
2003-01-08,922.9299926757812,922.9299926757812,908.3200073242188,909.9299926757812,1467600000
2003-01-09,909.9299926757812,928.3099975585938,909.9299926757812,927.5700073242188,1560300000
2003-01-10,927.5800170898438,932.8900146484375,917.6599731445312,927.5700073242188,1485400000
2003-01-13,927.5700073242188,935.0499877929688,922.0499877929688,926.260009765625,1396300000
2003-01-14,926.260009765625,931.6599731445312,921.719970703125,931.6599731445312,1379400000
2003-01-15,931.6599731445312,932.5900268554688,916.7000122070312,918.219970703125,1432100000
2003-01-16,918.219970703125,926.030029296875,911.97998046875,914.5999755859375,1534600000
2003-01-17,914.5999755859375,914.5999755859375,899.02001953125,901.780029296875,1358200000
2003-01-21,901.780029296875,906.0,887.6199951171875,887.6199951171875,1335200000
2003-01-22,887.6199951171875,889.739990234375,877.6400146484375,878.3599853515625,1560800000
2003-01-23,878.3599853515625,890.25,876.8900146484375,887.3400268554688,1744550000
2003-01-24,887.3400268554688,887.3400268554688,859.7100219726562,861.4000244140625,1574800000
2003-01-27,861.4000244140625,863.9500122070312,844.25,847.47998046875,1435900000
2003-01-28,847.47998046875,860.760009765625,847.47998046875,858.5399780273438,1459100000
2003-01-29,858.5399780273438,868.719970703125,845.8599853515625,864.3599853515625,1595400000
2003-01-30,864.3599853515625,865.47998046875,843.739990234375,844.6099853515625,1510300000
2003-01-31,844.6099853515625,858.3300170898438,840.3400268554688,855.7000122070312,1578530000
2003-02-03,855.7000122070312,864.6400146484375,855.7000122070312,860.3200073242188,1258500000
2003-02-04,860.3200073242188,860.3200073242188,840.1900024414062,848.2000122070312,1451600000
2003-02-05,848.2000122070312,861.6300048828125,842.1099853515625,843.5900268554688,1450800000
2003-02-06,843.5900268554688,844.22998046875,833.25,838.1500244140625,1430900000
2003-02-07,838.1500244140625,845.72998046875,826.7000122070312,829.6900024414062,1276800000
2003-02-10,829.6900024414062,837.1599731445312,823.530029296875,835.969970703125,1238200000
2003-02-11,835.969970703125,843.02001953125,825.0900268554688,829.2000122070312,1307000000
2003-02-12,829.2000122070312,832.1199951171875,818.489990234375,818.6799926757812,1260500000
2003-02-13,818.6799926757812,821.25,806.2899780273438,817.3699951171875,1489300000
2003-02-14,817.3699951171875,834.8900146484375,815.030029296875,834.8900146484375,1404600000
2003-02-18,834.8900146484375,852.8699951171875,834.8900146484375,851.1699829101562,1250800000
2003-02-19,851.1699829101562,851.1699829101562,838.7899780273438,845.1300048828125,1075600000
2003-02-20,845.1300048828125,849.3699951171875,836.5599975585938,837.0999755859375,1194100000
2003-02-21,837.0999755859375,852.280029296875,831.47998046875,848.1699829101562,1398200000
2003-02-24,848.1699829101562,848.1699829101562,832.1599731445312,832.5800170898438,1229200000
2003-02-25,832.5800170898438,839.5499877929688,818.5399780273438,838.5700073242188,1483700000
2003-02-26,838.5700073242188,840.0999755859375,826.6799926757812,827.5499877929688,1374400000
2003-02-27,827.5499877929688,842.1900024414062,827.5499877929688,837.280029296875,1287800000
2003-02-28,837.280029296875,847.0,837.280029296875,841.1500244140625,1373300000
2003-03-03,841.1500244140625,852.3400268554688,832.739990234375,834.8099975585938,1208900000
2003-03-04,834.8099975585938,835.4299926757812,821.9600219726562,821.989990234375,1256600000
2003-03-05,821.989990234375,829.8699951171875,819.0,829.8499755859375,1332700000
2003-03-06,829.8499755859375,829.8499755859375,819.8499755859375,822.0999755859375,1299200000
2003-03-07,822.0999755859375,829.5499877929688,811.22998046875,828.8900146484375,1368500000
2003-03-10,828.8900146484375,828.8900146484375,806.5700073242188,807.47998046875,1255000000
2003-03-11,807.47998046875,814.25,800.2999877929688,800.72998046875,1427700000
2003-03-12,800.72998046875,804.1900024414062,788.9000244140625,804.1900024414062,1620000000
2003-03-13,804.1900024414062,832.02001953125,804.1900024414062,831.9000244140625,1816300000
2003-03-14,831.8900146484375,841.3900146484375,828.260009765625,833.27001953125,1541900000
2003-03-17,833.27001953125,862.7899780273438,827.1699829101562,862.7899780273438,1700420000
2003-03-18,862.7899780273438,866.9400024414062,857.3599853515625,866.4500122070312,1555100000
2003-03-19,866.4500122070312,874.989990234375,861.2100219726562,874.02001953125,1473400000
2003-03-20,874.02001953125,879.5999755859375,859.010009765625,875.6699829101562,1439100000
2003-03-21,875.8400268554688,895.9000244140625,875.8400268554688,895.7899780273438,1883710000
2003-03-24,895.7899780273438,895.7899780273438,862.02001953125,864.22998046875,1293000000
2003-03-25,864.22998046875,879.8699951171875,862.5900268554688,874.739990234375,1333400000
2003-03-26,874.739990234375,875.7999877929688,866.469970703125,869.9500122070312,1319700000
2003-03-27,869.9500122070312,874.1500244140625,858.0900268554688,868.52001953125,1232900000
2003-03-28,868.52001953125,869.8800048828125,860.8300170898438,863.5,1227000000
2003-03-31,863.5,863.5,843.6799926757812,848.1799926757812,1495500000
2003-04-01,848.1799926757812,861.280029296875,847.8499755859375,858.47998046875,1461600000
2003-04-02,858.47998046875,884.5700073242188,858.47998046875,880.9000244140625,1589800000
2003-04-03,880.9000244140625,885.8900146484375,876.1199951171875,876.4500122070312,1339500000
2003-04-04,876.4500122070312,882.72998046875,874.22998046875,878.8499755859375,1241200000
2003-04-07,878.8499755859375,904.8900146484375,878.8499755859375,879.9299926757812,1494000000
2003-04-08,879.9299926757812,883.1099853515625,874.6799926757812,878.2899780273438,1235400000
2003-04-09,878.2899780273438,887.3499755859375,865.719970703125,865.989990234375,1293700000
2003-04-10,865.989990234375,871.780029296875,862.760009765625,871.5800170898438,1275300000
2003-04-11,871.5800170898438,883.3400268554688,865.9199829101562,868.2999877929688,1141600000
2003-04-14,868.2999877929688,885.260009765625,868.2999877929688,885.22998046875,1131000000
2003-04-15,885.22998046875,891.27001953125,881.8499755859375,890.8099975585938,1460200000
2003-04-16,890.8099975585938,896.77001953125,877.9299926757812,879.9099731445312,1587600000
2003-04-17,879.9099731445312,893.8300170898438,879.2000122070312,893.5800170898438,1430600000
2003-04-21,893.5800170898438,898.010009765625,888.1699829101562,892.010009765625,1118700000
2003-04-22,892.010009765625,911.739990234375,886.7000122070312,911.3699951171875,1631200000
2003-04-23,911.3699951171875,919.739990234375,909.8900146484375,919.02001953125,1667200000
2003-04-24,919.02001953125,919.02001953125,906.6900024414062,911.4299926757812,1648100000
2003-04-25,911.4299926757812,911.4299926757812,897.52001953125,898.8099975585938,1335800000
2003-04-28,898.8099975585938,918.1500244140625,898.8099975585938,914.8400268554688,1273000000
2003-04-29,914.8400268554688,924.239990234375,911.0999755859375,917.8400268554688,1525600000
2003-04-30,917.8400268554688,922.010009765625,911.7000122070312,916.9199829101562,1788510000
2003-05-01,916.9199829101562,919.6799926757812,902.8300170898438,916.2999877929688,1397500000
2003-05-02,916.2999877929688,930.5599975585938,912.3499755859375,930.0800170898438,1554300000
2003-05-05,930.0800170898438,933.8800048828125,924.5499877929688,926.5499877929688,1446300000
2003-05-06,926.5499877929688,939.6099853515625,926.3800048828125,934.3900146484375,1649600000
2003-05-07,934.3900146484375,937.219970703125,926.4099731445312,929.6199951171875,1531900000
2003-05-08,929.6199951171875,929.6199951171875,919.719970703125,920.27001953125,1379600000
2003-05-09,920.27001953125,933.77001953125,920.27001953125,933.4099731445312,1326100000
2003-05-12,933.4099731445312,946.8400268554688,929.2999877929688,945.1099853515625,1378800000
2003-05-13,945.1099853515625,947.510009765625,938.9099731445312,942.2999877929688,1418100000
2003-05-14,942.2999877929688,947.2899780273438,935.239990234375,939.280029296875,1401800000
2003-05-15,939.280029296875,948.22998046875,938.7899780273438,946.6699829101562,1508700000
2003-05-16,946.6699829101562,948.6500244140625,938.5999755859375,944.2999877929688,1505500000
2003-05-19,944.2999877929688,944.2999877929688,920.22998046875,920.77001953125,1375700000
2003-05-20,920.77001953125,925.3400268554688,912.0499877929688,919.72998046875,1505300000
2003-05-21,919.72998046875,923.8499755859375,914.9099731445312,923.4199829101562,1457800000
2003-05-22,923.4199829101562,935.2999877929688,922.5399780273438,931.8699951171875,1448500000
2003-05-23,931.8699951171875,935.2000122070312,927.4199829101562,933.219970703125,1201000000
2003-05-27,933.219970703125,952.760009765625,927.3300170898438,951.47998046875,1532000000
2003-05-28,951.47998046875,959.3900146484375,950.1199951171875,953.219970703125,1559000000
2003-05-29,953.219970703125,962.0800170898438,946.22998046875,949.6400146484375,1685800000
2003-05-30,949.6400146484375,965.3800048828125,949.6400146484375,963.5900268554688,1688800000
2003-06-02,963.5900268554688,979.1099853515625,963.5900268554688,967.0,1662500000
2003-06-03,967.0,973.02001953125,964.469970703125,971.5599975585938,1450200000
2003-06-04,971.5599975585938,987.8499755859375,970.719970703125,986.239990234375,1618700000
2003-06-05,986.239990234375,990.1400146484375,978.1300048828125,990.1400146484375,1693100000
2003-06-06,990.1400146484375,1007.6900024414062,986.010009765625,987.760009765625,1837200000
2003-06-09,987.760009765625,987.760009765625,972.5900268554688,975.9299926757812,1307000000
2003-06-10,975.9299926757812,984.8400268554688,975.9299926757812,984.8400268554688,1275400000
2003-06-11,984.8400268554688,997.47998046875,981.6099853515625,997.47998046875,1520000000
2003-06-12,997.47998046875,1002.739990234375,991.27001953125,998.510009765625,1553100000
2003-06-13,998.510009765625,1000.9199829101562,984.27001953125,988.6099853515625,1271600000
2003-06-16,988.6099853515625,1010.8599853515625,988.6099853515625,1010.739990234375,1345900000
2003-06-17,1010.739990234375,1015.3300170898438,1007.0399780273438,1011.6599731445312,1479700000
2003-06-18,1011.6599731445312,1015.1199951171875,1004.6099853515625,1010.0900268554688,1488900000
2003-06-19,1010.0900268554688,1011.219970703125,993.0800170898438,994.7000122070312,1530100000
2003-06-20,994.7000122070312,1002.0900268554688,993.3599853515625,995.6900024414062,1698000000
2003-06-23,995.6900024414062,995.6900024414062,977.4000244140625,981.6400146484375,1398100000
2003-06-24,981.6400146484375,987.8400268554688,979.0800170898438,983.4500122070312,1388300000
2003-06-25,983.4500122070312,991.6400146484375,974.8599853515625,975.3200073242188,1459200000
2003-06-26,975.3200073242188,986.530029296875,973.7999877929688,985.8200073242188,1387400000
2003-06-27,985.8200073242188,988.8800048828125,974.2899780273438,976.219970703125,1267800000
2003-06-30,976.219970703125,983.6099853515625,973.5999755859375,974.5,1587200000
2003-07-01,974.5,983.260009765625,962.0999755859375,982.3200073242188,1460200000
2003-07-02,982.3200073242188,993.780029296875,982.3200073242188,993.75,1519300000
2003-07-03,993.75,995.0,983.3400268554688,985.7000122070312,775900000
2003-07-07,985.7000122070312,1005.5599975585938,985.7000122070312,1004.4199829101562,1429100000
2003-07-08,1004.4199829101562,1008.9199829101562,998.72998046875,1007.8400268554688,1565700000
2003-07-09,1007.8400268554688,1010.4299926757812,998.1699829101562,1002.2100219726562,1618000000
2003-07-10,1002.2100219726562,1002.2100219726562,983.6300048828125,988.7000122070312,1465700000
2003-07-11,988.7000122070312,1000.8599853515625,988.7000122070312,998.1400146484375,1212700000
2003-07-14,998.1400146484375,1015.4099731445312,998.1400146484375,1003.8599853515625,1448900000
2003-07-15,1003.8599853515625,1009.6099853515625,996.6699829101562,1000.4199829101562,1518600000
2003-07-16,1000.4199829101562,1003.469970703125,989.2999877929688,994.0900268554688,1662000000
2003-07-17,994.0,994.0,978.5999755859375,981.72998046875,1661400000
2003-07-18,981.72998046875,994.25,981.7100219726562,993.3200073242188,1365200000
2003-07-21,993.3200073242188,993.3200073242188,975.6300048828125,978.7999877929688,1254200000
2003-07-22,978.7999877929688,990.2899780273438,976.0800170898438,988.1099853515625,1439700000
2003-07-23,988.1099853515625,989.8599853515625,979.7899780273438,988.6099853515625,1362700000
2003-07-24,988.6099853515625,998.8900146484375,981.0700073242188,981.5999755859375,1559000000
2003-07-25,981.5999755859375,998.7100219726562,977.489990234375,998.6799926757812,1397500000
2003-07-28,998.6799926757812,1000.6799926757812,993.5900268554688,996.52001953125,1328600000
2003-07-29,996.52001953125,998.6400146484375,984.1500244140625,989.280029296875,1508900000
2003-07-30,989.280029296875,992.6199951171875,985.9600219726562,987.489990234375,1391900000
2003-07-31,987.489990234375,1004.5900268554688,987.489990234375,990.3099975585938,1608000000
2003-08-01,990.3099975585938,990.3099975585938,978.8599853515625,980.1500244140625,1390600000
2003-08-04,980.1500244140625,985.75,966.7899780273438,982.8200073242188,1318700000
2003-08-05,982.8200073242188,982.8200073242188,964.969970703125,965.4600219726562,1351700000
2003-08-06,965.4600219726562,975.739990234375,960.8400268554688,967.0800170898438,1491000000
2003-08-07,967.0800170898438,974.8900146484375,963.8200073242188,974.1199951171875,1389300000
2003-08-08,974.1199951171875,980.5700073242188,973.8300170898438,977.5900268554688,1086600000
2003-08-11,977.5900268554688,985.4600219726562,974.2100219726562,980.5900268554688,1022200000
2003-08-12,980.5900268554688,990.4099731445312,979.9000244140625,990.3499755859375,1132300000
2003-08-13,990.3499755859375,992.5,980.8499755859375,984.030029296875,1208800000
2003-08-14,984.030029296875,991.9099731445312,980.3599853515625,990.510009765625,1186800000
2003-08-15,990.510009765625,992.3900146484375,987.0999755859375,990.6699829101562,636370000
2003-08-18,990.6699829101562,1000.3499755859375,990.6699829101562,999.739990234375,1127600000
2003-08-19,999.739990234375,1003.2999877929688,995.2999877929688,1002.3499755859375,1300600000
2003-08-20,1002.3499755859375,1003.5399780273438,996.6199951171875,1000.2999877929688,1210800000
2003-08-21,1000.2999877929688,1009.530029296875,999.3300170898438,1003.27001953125,1407100000
2003-08-22,1003.27001953125,1011.010009765625,992.6199951171875,993.0599975585938,1308900000
2003-08-25,993.0599975585938,993.7100219726562,987.9099731445312,993.7100219726562,971700000
2003-08-26,993.7100219726562,997.9299926757812,983.5700073242188,996.72998046875,1178700000
2003-08-27,996.72998046875,998.0499877929688,993.3300170898438,996.7899780273438,1051400000
2003-08-28,996.7899780273438,1004.1199951171875,991.4199829101562,1002.8400268554688,1165200000
2003-08-29,1002.8400268554688,1008.8499755859375,999.52001953125,1008.010009765625,945100000
2003-09-02,1008.010009765625,1022.5900268554688,1005.72998046875,1021.989990234375,1470500000
2003-09-03,1021.989990234375,1029.3399658203125,1021.989990234375,1026.27001953125,1675600000
2003-09-04,1026.27001953125,1029.1700439453125,1022.1900024414062,1027.969970703125,1453900000
2003-09-05,1027.969970703125,1029.2099609375,1018.1900024414062,1021.3900146484375,1465200000
2003-09-08,1021.3900146484375,1032.4100341796875,1021.3900146484375,1031.6400146484375,1299300000
2003-09-09,1031.6400146484375,1031.6400146484375,1021.1400146484375,1023.1699829101562,1414800000
2003-09-10,1023.1699829101562,1023.1699829101562,1009.739990234375,1010.9199829101562,1582100000
2003-09-11,1010.9199829101562,1020.8800048828125,1010.9199829101562,1016.4199829101562,1335900000
2003-09-12,1016.4199829101562,1019.6500244140625,1007.7100219726562,1018.6300048828125,1236700000
2003-09-15,1018.6300048828125,1019.7899780273438,1013.5900268554688,1014.8099975585938,1151300000
2003-09-16,1014.8099975585938,1029.6600341796875,1014.8099975585938,1029.3199462890625,1403200000
2003-09-17,1029.3199462890625,1031.3399658203125,1024.530029296875,1025.969970703125,1338210000
2003-09-18,1025.969970703125,1040.1600341796875,1025.75,1039.5799560546875,1498800000
2003-09-19,1039.5799560546875,1040.2900390625,1031.8900146484375,1036.300048828125,1518600000
2003-09-22,1036.300048828125,1036.300048828125,1018.2999877929688,1022.8200073242188,1278800000
2003-09-23,1022.8200073242188,1030.1199951171875,1021.5399780273438,1029.030029296875,1301700000
2003-09-24,1029.030029296875,1029.8299560546875,1008.9299926757812,1009.3800048828125,1556000000
2003-09-25,1009.3800048828125,1015.969970703125,1003.260009765625,1003.27001953125,1530000000
2003-09-26,1003.27001953125,1003.4500122070312,996.0800170898438,996.8499755859375,1472500000
2003-09-29,996.8499755859375,1006.8900146484375,995.3099975585938,1006.5800170898438,1366500000
2003-09-30,1006.5800170898438,1006.5800170898438,990.3599853515625,995.969970703125,1590500000
2003-10-01,995.969970703125,1018.219970703125,995.969970703125,1018.219970703125,1566300000
2003-10-02,1018.219970703125,1021.8699951171875,1013.3800048828125,1020.239990234375,1269300000
2003-10-03,1020.239990234375,1039.31005859375,1020.239990234375,1029.8499755859375,1570500000
2003-10-06,1029.8499755859375,1036.47998046875,1029.1500244140625,1034.3499755859375,1025800000
2003-10-07,1034.3499755859375,1039.25,1026.27001953125,1039.25,1279500000
2003-10-08,1039.25,1040.06005859375,1030.9599609375,1033.780029296875,1262500000
2003-10-09,1033.780029296875,1048.280029296875,1033.780029296875,1038.72998046875,1578700000
2003-10-10,1038.72998046875,1040.8399658203125,1035.739990234375,1038.06005859375,1108100000
2003-10-13,1038.06005859375,1048.9000244140625,1038.06005859375,1045.3499755859375,1040500000
2003-10-14,1045.3499755859375,1049.489990234375,1040.8399658203125,1049.47998046875,1271900000
2003-10-15,1049.47998046875,1053.7900390625,1043.1500244140625,1046.760009765625,1521100000
2003-10-16,1046.760009765625,1052.93994140625,1044.0400390625,1050.0699462890625,1417700000
2003-10-17,1050.0699462890625,1051.8900146484375,1036.5699462890625,1039.3199462890625,1352000000
2003-10-20,1039.3199462890625,1044.68994140625,1036.1300048828125,1044.6800537109375,1172600000
2003-10-21,1044.6800537109375,1048.5699462890625,1042.5899658203125,1046.030029296875,1498000000
2003-10-22,1046.030029296875,1046.030029296875,1028.3900146484375,1030.3599853515625,1647200000
2003-10-23,1030.3599853515625,1035.43994140625,1025.8900146484375,1033.77001953125,1604300000
2003-10-24,1033.77001953125,1033.77001953125,1018.3200073242188,1028.9100341796875,1420300000
2003-10-27,1028.9100341796875,1037.75,1028.9100341796875,1031.1300048828125,1371800000
2003-10-28,1031.1300048828125,1046.7900390625,1031.1300048828125,1046.7900390625,1629200000
2003-10-29,1046.7900390625,1049.8299560546875,1043.3499755859375,1048.1099853515625,1562600000
2003-10-30,1048.1099853515625,1052.81005859375,1043.8199462890625,1046.93994140625,1629700000
2003-10-31,1046.93994140625,1053.0899658203125,1046.93994140625,1050.7099609375,1498900000
2003-11-03,1050.7099609375,1061.43994140625,1050.7099609375,1059.02001953125,1378200000
2003-11-04,1059.02001953125,1059.02001953125,1051.699951171875,1053.25,1417600000
2003-11-05,1053.25,1054.5400390625,1044.8800048828125,1051.81005859375,1401800000
2003-11-06,1051.81005859375,1058.93994140625,1046.9300537109375,1058.050048828125,1453900000
2003-11-07,1058.050048828125,1062.3900146484375,1052.1700439453125,1053.2099609375,1440500000
2003-11-10,1053.2099609375,1053.6500244140625,1045.5799560546875,1047.1099853515625,1243600000
2003-11-11,1047.1099853515625,1048.22998046875,1043.4599609375,1046.5699462890625,1162500000
2003-11-12,1046.5699462890625,1059.0999755859375,1046.5699462890625,1058.530029296875,1349300000
2003-11-13,1058.56005859375,1059.6199951171875,1052.9599609375,1058.4100341796875,1383000000
2003-11-14,1058.4100341796875,1063.6500244140625,1048.1099853515625,1050.3499755859375,1356100000
2003-11-17,1050.3499755859375,1050.3499755859375,1035.280029296875,1043.6300048828125,1374300000
2003-11-18,1043.6300048828125,1048.77001953125,1034.0,1034.1500244140625,1354300000
2003-11-19,1034.1500244140625,1043.949951171875,1034.1500244140625,1042.43994140625,1326200000
2003-11-20,1042.43994140625,1046.47998046875,1033.4200439453125,1033.6500244140625,1326700000
2003-11-21,1033.6500244140625,1037.5699462890625,1031.199951171875,1035.280029296875,1273800000
2003-11-24,1035.280029296875,1052.0799560546875,1035.280029296875,1052.0799560546875,1302800000
2003-11-25,1052.0799560546875,1058.050048828125,1049.31005859375,1053.8900146484375,1333700000
2003-11-26,1053.8900146484375,1058.449951171875,1048.280029296875,1058.449951171875,1097700000
2003-11-28,1058.449951171875,1060.6300048828125,1056.77001953125,1058.199951171875,487220000
2003-12-01,1058.199951171875,1070.469970703125,1058.199951171875,1070.1199951171875,1375000000
2003-12-02,1070.1199951171875,1071.219970703125,1065.219970703125,1066.6199951171875,1383200000
2003-12-03,1066.6199951171875,1074.300048828125,1064.6300048828125,1064.72998046875,1441700000
2003-12-04,1064.72998046875,1070.3699951171875,1063.1500244140625,1069.719970703125,1463100000
2003-12-05,1069.719970703125,1069.719970703125,1060.0899658203125,1061.5,1265900000
2003-12-08,1061.5,1069.5899658203125,1060.9300537109375,1069.300048828125,1218900000
2003-12-09,1069.300048828125,1071.93994140625,1059.1600341796875,1060.1800537109375,1465500000
2003-12-10,1060.1800537109375,1063.02001953125,1053.4100341796875,1059.050048828125,1444000000
2003-12-11,1059.050048828125,1073.6300048828125,1059.050048828125,1071.2099609375,1441100000
2003-12-12,1071.2099609375,1074.760009765625,1067.6400146484375,1074.1400146484375,1223100000
2003-12-15,1074.1400146484375,1082.7900390625,1068.0,1068.0400390625,1520800000
2003-12-16,1068.0400390625,1075.93994140625,1068.0400390625,1075.1300048828125,1547900000
2003-12-17,1075.1300048828125,1076.5400390625,1071.1400146484375,1076.47998046875,1441700000
2003-12-18,1076.47998046875,1089.5,1076.47998046875,1089.1800537109375,1579900000
2003-12-19,1089.1800537109375,1091.06005859375,1084.18994140625,1088.6600341796875,1657300000
2003-12-22,1088.6600341796875,1092.93994140625,1086.1400146484375,1092.93994140625,1251700000
2003-12-23,1092.93994140625,1096.949951171875,1091.72998046875,1096.02001953125,1145300000
2003-12-24,1096.02001953125,1096.4000244140625,1092.72998046875,1094.0400390625,518060000
2003-12-26,1094.0400390625,1098.469970703125,1094.0400390625,1095.8900146484375,356070000
2003-12-29,1095.8900146484375,1109.47998046875,1095.8900146484375,1109.47998046875,1058800000
2003-12-30,1109.47998046875,1109.75,1106.4100341796875,1109.6400146484375,1012600000
2003-12-31,1109.6400146484375,1112.56005859375,1106.2099609375,1111.9200439453125,1027500000
2004-01-02,1111.9200439453125,1118.8499755859375,1105.0799560546875,1108.47998046875,1153200000
2004-01-05,1108.47998046875,1122.219970703125,1108.47998046875,1122.219970703125,1578200000
2004-01-06,1122.219970703125,1124.4599609375,1118.43994140625,1123.6700439453125,1494500000
2004-01-07,1123.6700439453125,1126.3299560546875,1116.449951171875,1126.3299560546875,1704900000
2004-01-08,1126.3299560546875,1131.9200439453125,1124.9100341796875,1131.9200439453125,1868400000
2004-01-09,1131.9200439453125,1131.9200439453125,1120.9000244140625,1121.8599853515625,1720700000
2004-01-12,1121.8599853515625,1127.8499755859375,1120.9000244140625,1127.22998046875,1510200000
2004-01-13,1127.22998046875,1129.0699462890625,1115.18994140625,1121.219970703125,1595900000
2004-01-14,1121.219970703125,1130.75,1121.219970703125,1130.52001953125,1514600000
2004-01-15,1130.52001953125,1137.1099853515625,1124.5400390625,1132.050048828125,1695000000
2004-01-16,1132.050048828125,1139.8299560546875,1132.050048828125,1139.8299560546875,1721100000
2004-01-20,1139.8299560546875,1142.9300537109375,1135.4000244140625,1138.77001953125,1698200000
2004-01-21,1138.77001953125,1149.2099609375,1134.6199951171875,1147.6199951171875,1757600000
2004-01-22,1147.6199951171875,1150.510009765625,1143.010009765625,1143.93994140625,1693700000
2004-01-23,1143.93994140625,1150.31005859375,1136.8499755859375,1141.550048828125,1561200000
2004-01-26,1141.550048828125,1155.3800048828125,1141.0,1155.3699951171875,1480600000
2004-01-27,1155.3699951171875,1155.3699951171875,1144.050048828125,1144.050048828125,1673100000
2004-01-28,1144.050048828125,1149.1400146484375,1126.5,1128.47998046875,1842000000
2004-01-29,1128.47998046875,1134.3900146484375,1122.3800048828125,1134.1099853515625,1921900000
2004-01-30,1134.1099853515625,1134.1700439453125,1127.72998046875,1131.1300048828125,1635000000
2004-02-02,1131.1300048828125,1142.449951171875,1127.8699951171875,1135.260009765625,1599200000
2004-02-03,1135.260009765625,1137.43994140625,1131.3299560546875,1136.030029296875,1476900000
2004-02-04,1136.030029296875,1136.030029296875,1124.739990234375,1126.52001953125,1634800000
2004-02-05,1126.52001953125,1131.1700439453125,1124.43994140625,1128.5899658203125,1566600000
2004-02-06,1128.5899658203125,1142.7900390625,1128.3900146484375,1142.760009765625,1477600000
2004-02-09,1142.760009765625,1144.4599609375,1139.2099609375,1139.81005859375,1303500000
2004-02-10,1139.81005859375,1147.02001953125,1138.699951171875,1145.5400390625,1403900000
2004-02-11,1145.5400390625,1158.8900146484375,1142.3299560546875,1157.760009765625,1699300000
2004-02-12,1157.760009765625,1157.760009765625,1151.43994140625,1152.1099853515625,1464300000
2004-02-13,1152.1099853515625,1156.8800048828125,1143.239990234375,1145.81005859375,1329200000
2004-02-17,1145.81005859375,1158.97998046875,1145.81005859375,1156.989990234375,1396500000
2004-02-18,1156.989990234375,1157.4000244140625,1149.5400390625,1151.8199462890625,1382400000
2004-02-19,1151.8199462890625,1158.5699462890625,1146.8499755859375,1147.06005859375,1562800000
2004-02-20,1147.06005859375,1149.81005859375,1139.0,1144.1099853515625,1479600000
2004-02-23,1144.1099853515625,1146.68994140625,1136.97998046875,1140.989990234375,1380400000
2004-02-24,1140.989990234375,1144.5400390625,1134.4300537109375,1139.0899658203125,1543600000
2004-02-25,1139.0899658203125,1145.239990234375,1138.9599609375,1143.6700439453125,1360700000
2004-02-26,1143.6700439453125,1147.22998046875,1138.6199951171875,1144.9100341796875,1383900000
2004-02-27,1145.800048828125,1151.6800537109375,1141.800048828125,1144.93994140625,1540400000
2004-03-01,1144.93994140625,1157.449951171875,1144.93994140625,1155.969970703125,1497100000
2004-03-02,1155.969970703125,1156.5400390625,1147.31005859375,1149.0999755859375,1476000000
2004-03-03,1149.0999755859375,1152.43994140625,1143.780029296875,1151.030029296875,1334500000
2004-03-04,1151.030029296875,1154.969970703125,1149.81005859375,1154.8699951171875,1265800000
2004-03-05,1154.8699951171875,1163.22998046875,1148.77001953125,1156.8599853515625,1398200000
2004-03-08,1156.8599853515625,1159.93994140625,1146.969970703125,1147.199951171875,1254400000
2004-03-09,1147.199951171875,1147.3199462890625,1136.8399658203125,1140.5799560546875,1499400000
2004-03-10,1140.5799560546875,1141.449951171875,1122.530029296875,1123.8900146484375,1648400000
2004-03-11,1123.8900146484375,1125.9599609375,1105.8699951171875,1106.780029296875,1889900000
2004-03-12,1106.780029296875,1120.6300048828125,1106.780029296875,1120.5699462890625,1388500000
2004-03-15,1120.5699462890625,1120.5699462890625,1103.3599853515625,1104.489990234375,1600600000
2004-03-16,1104.489990234375,1113.760009765625,1102.6099853515625,1110.699951171875,1500700000
2004-03-17,1110.699951171875,1125.760009765625,1110.699951171875,1123.75,1490100000
2004-03-18,1123.75,1125.5,1113.25,1122.3199462890625,1369200000
2004-03-19,1122.3199462890625,1122.719970703125,1109.68994140625,1109.780029296875,1457400000
2004-03-22,1109.780029296875,1109.780029296875,1089.5400390625,1095.4000244140625,1452300000
2004-03-23,1095.4000244140625,1101.52001953125,1091.5699462890625,1093.949951171875,1458200000
2004-03-24,1093.949951171875,1098.3199462890625,1087.1600341796875,1091.3299560546875,1527800000
2004-03-25,1091.3299560546875,1110.3800048828125,1091.3299560546875,1109.18994140625,1471700000
2004-03-26,1109.18994140625,1115.27001953125,1106.1300048828125,1108.06005859375,1319100000
2004-03-29,1108.06005859375,1124.3699951171875,1108.06005859375,1122.469970703125,1405500000
2004-03-30,1122.469970703125,1127.5999755859375,1119.6600341796875,1127.0,1332400000
2004-03-31,1127.0,1130.8299560546875,1121.4599609375,1126.2099609375,1560700000
2004-04-01,1126.2099609375,1135.6700439453125,1126.199951171875,1132.1700439453125,1560700000
2004-04-02,1132.1700439453125,1144.81005859375,1132.1700439453125,1141.81005859375,1629200000
2004-04-05,1141.81005859375,1150.5699462890625,1141.6400146484375,1150.5699462890625,1413700000
2004-04-06,1150.5699462890625,1150.5699462890625,1143.300048828125,1148.1600341796875,1397700000
2004-04-07,1148.1600341796875,1148.1600341796875,1138.4100341796875,1140.530029296875,1458800000
2004-04-08,1140.530029296875,1148.969970703125,1134.52001953125,1139.3199462890625,1199800000
2004-04-12,1139.3199462890625,1147.2900390625,1139.3199462890625,1145.199951171875,1102400000
2004-04-13,1145.199951171875,1147.780029296875,1127.699951171875,1129.43994140625,1423200000
2004-04-14,1129.43994140625,1132.52001953125,1122.1500244140625,1128.1700439453125,1547700000
2004-04-15,1128.1700439453125,1134.0799560546875,1120.75,1128.8399658203125,1568700000
2004-04-16,1128.8399658203125,1136.800048828125,1126.9000244140625,1134.6099853515625,1487800000
2004-04-19,1134.56005859375,1136.1800537109375,1129.8399658203125,1135.8199462890625,1194900000
2004-04-20,1135.8199462890625,1139.260009765625,1118.0899658203125,1118.1500244140625,1508500000
2004-04-21,1118.1500244140625,1125.719970703125,1116.030029296875,1124.0899658203125,1738100000
2004-04-22,1124.0899658203125,1142.77001953125,1121.949951171875,1139.9300537109375,1826700000
2004-04-23,1139.9300537109375,1141.9200439453125,1134.81005859375,1140.5999755859375,1396100000
2004-04-26,1140.5999755859375,1145.0799560546875,1132.9100341796875,1135.530029296875,1290600000
2004-04-27,1135.530029296875,1146.56005859375,1135.530029296875,1138.1099853515625,1518000000
2004-04-28,1138.1099853515625,1138.1099853515625,1121.699951171875,1122.4100341796875,1855600000
2004-04-29,1122.4100341796875,1128.800048828125,1108.0400390625,1113.8900146484375,1859000000
2004-04-30,1113.8900146484375,1119.260009765625,1107.22998046875,1107.300048828125,1634700000
2004-05-03,1107.300048828125,1118.719970703125,1107.300048828125,1117.489990234375,1571600000
2004-05-04,1117.489990234375,1127.739990234375,1112.8900146484375,1119.550048828125,1662100000
2004-05-05,1119.550048828125,1125.0699462890625,1117.9000244140625,1121.530029296875,1469000000
2004-05-06,1121.530029296875,1121.530029296875,1106.300048828125,1113.989990234375,1509300000
2004-05-07,1113.989990234375,1117.300048828125,1098.6300048828125,1098.699951171875,1653600000
2004-05-10,1098.699951171875,1098.699951171875,1079.6300048828125,1087.1199951171875,1918400000
2004-05-11,1087.1199951171875,1095.68994140625,1087.1199951171875,1095.449951171875,1533800000
2004-05-12,1095.449951171875,1097.550048828125,1076.3199462890625,1097.280029296875,1697600000
2004-05-13,1097.280029296875,1102.77001953125,1091.760009765625,1096.43994140625,1411100000
2004-05-14,1096.43994140625,1102.0999755859375,1088.239990234375,1095.699951171875,1335900000
2004-05-17,1095.699951171875,1095.699951171875,1079.3599853515625,1084.0999755859375,1430100000
2004-05-18,1084.0999755859375,1094.0999755859375,1084.0999755859375,1091.489990234375,1353000000
2004-05-19,1091.489990234375,1105.9300537109375,1088.489990234375,1088.6800537109375,1548600000
2004-05-20,1088.6800537109375,1092.6199951171875,1085.4300537109375,1089.18994140625,1211000000
2004-05-21,1089.18994140625,1099.6400146484375,1089.18994140625,1093.56005859375,1258600000
2004-05-24,1093.56005859375,1101.280029296875,1091.77001953125,1095.4100341796875,1227500000
2004-05-25,1095.4100341796875,1113.800048828125,1090.739990234375,1113.050048828125,1545700000
2004-05-26,1113.050048828125,1116.7099609375,1109.9100341796875,1114.93994140625,1369400000
2004-05-27,1114.93994140625,1123.949951171875,1114.8599853515625,1121.280029296875,1447500000
2004-05-28,1121.280029296875,1122.68994140625,1118.0999755859375,1120.6800537109375,1172600000
2004-06-01,1120.6800537109375,1122.699951171875,1113.3199462890625,1121.199951171875,1238000000
2004-06-02,1121.199951171875,1128.0999755859375,1118.6400146484375,1124.989990234375,1251700000
2004-06-03,1124.989990234375,1125.31005859375,1116.5699462890625,1116.6400146484375,1232400000
2004-06-04,1116.6400146484375,1129.1700439453125,1116.6400146484375,1122.5,1115300000
2004-06-07,1122.5,1140.5400390625,1122.5,1140.4200439453125,1211800000
2004-06-08,1140.4200439453125,1142.1800537109375,1135.449951171875,1142.1800537109375,1190300000
2004-06-09,1142.1800537109375,1142.1800537109375,1131.1700439453125,1131.3299560546875,1276800000
2004-06-10,1131.3299560546875,1136.469970703125,1131.3299560546875,1136.469970703125,1160600000
2004-06-14,1136.469970703125,1136.469970703125,1122.1600341796875,1125.2900390625,1179400000
2004-06-15,1125.2900390625,1137.3599853515625,1125.2900390625,1132.010009765625,1345900000
2004-06-16,1132.010009765625,1135.280029296875,1130.550048828125,1133.56005859375,1168400000
2004-06-17,1133.56005859375,1133.56005859375,1126.8900146484375,1132.050048828125,1296700000
2004-06-18,1132.050048828125,1138.9599609375,1129.8299560546875,1135.02001953125,1500600000
2004-06-21,1135.02001953125,1138.050048828125,1129.6400146484375,1130.300048828125,1123900000
2004-06-22,1130.300048828125,1135.050048828125,1124.3699951171875,1134.4100341796875,1382300000
2004-06-23,1134.4100341796875,1145.1500244140625,1131.72998046875,1144.06005859375,1444200000
2004-06-24,1144.06005859375,1146.3399658203125,1139.93994140625,1140.6500244140625,1394900000
2004-06-25,1140.6500244140625,1145.969970703125,1134.239990234375,1134.4300537109375,1812900000
2004-06-28,1134.4300537109375,1142.5999755859375,1131.719970703125,1133.3499755859375,1354600000
2004-06-29,1133.3499755859375,1138.260009765625,1131.81005859375,1136.199951171875,1375000000
2004-06-30,1136.199951171875,1144.199951171875,1133.6199951171875,1140.8399658203125,1473800000
2004-07-01,1140.8399658203125,1140.8399658203125,1123.06005859375,1128.93994140625,1495700000
2004-07-02,1128.93994140625,1129.1500244140625,1123.260009765625,1125.3800048828125,1085000000
2004-07-06,1125.3800048828125,1125.3800048828125,1113.2099609375,1116.2099609375,1283300000
2004-07-07,1116.2099609375,1122.3699951171875,1114.9200439453125,1118.3299560546875,1328600000
2004-07-08,1118.3299560546875,1119.1199951171875,1108.719970703125,1109.1099853515625,1401100000
2004-07-09,1109.1099853515625,1115.5699462890625,1109.1099853515625,1112.81005859375,1186300000
2004-07-12,1112.81005859375,1116.1099853515625,1106.7099609375,1114.3499755859375,1114600000
2004-07-13,1114.3499755859375,1116.300048828125,1112.989990234375,1115.1400146484375,1199700000
2004-07-14,1115.1400146484375,1119.5999755859375,1107.8299560546875,1111.469970703125,1462000000
2004-07-15,1111.469970703125,1114.6300048828125,1106.6700439453125,1106.68994140625,1408700000
2004-07-16,1106.68994140625,1112.1700439453125,1101.0699462890625,1101.3900146484375,1450300000
2004-07-19,1101.3900146484375,1105.52001953125,1096.550048828125,1100.9000244140625,1319900000
2004-07-20,1100.9000244140625,1108.8800048828125,1099.0999755859375,1108.6700439453125,1445800000
2004-07-21,1108.6700439453125,1116.27001953125,1093.8800048828125,1093.8800048828125,1679500000
2004-07-22,1093.8800048828125,1099.6600341796875,1084.1600341796875,1096.8399658203125,1680800000
2004-07-23,1096.8399658203125,1096.8399658203125,1083.56005859375,1086.199951171875,1337500000
2004-07-26,1086.199951171875,1089.8199462890625,1078.780029296875,1084.0699462890625,1413400000
2004-07-27,1084.0699462890625,1096.6500244140625,1084.0699462890625,1094.8299560546875,1610800000
2004-07-28,1094.8299560546875,1098.8399658203125,1082.1700439453125,1095.4200439453125,1554300000
2004-07-29,1095.4200439453125,1103.510009765625,1095.4200439453125,1100.4300537109375,1530100000
2004-07-30,1100.4300537109375,1103.72998046875,1096.9599609375,1101.719970703125,1298200000
2004-08-02,1101.719970703125,1108.5999755859375,1097.3399658203125,1106.6199951171875,1276000000
2004-08-03,1106.6199951171875,1106.6199951171875,1099.260009765625,1099.68994140625,1338300000
2004-08-04,1099.68994140625,1102.449951171875,1092.4000244140625,1098.6300048828125,1369200000
2004-08-05,1098.6300048828125,1098.7900390625,1079.97998046875,1080.699951171875,1397400000
2004-08-06,1080.699951171875,1080.699951171875,1062.22998046875,1063.969970703125,1521000000
2004-08-09,1063.969970703125,1069.4599609375,1063.969970703125,1065.219970703125,1086000000
2004-08-10,1065.219970703125,1079.0400390625,1065.219970703125,1079.0400390625,1245600000
2004-08-11,1079.0400390625,1079.0400390625,1065.9200439453125,1075.7900390625,1410400000
2004-08-12,1075.7900390625,1075.7900390625,1062.8199462890625,1063.22998046875,1405100000
2004-08-13,1063.22998046875,1067.5799560546875,1060.719970703125,1064.800048828125,1175100000
2004-08-16,1064.800048828125,1080.6600341796875,1064.800048828125,1079.3399658203125,1206200000
2004-08-17,1079.3399658203125,1086.780029296875,1079.3399658203125,1081.7099609375,1267800000
2004-08-18,1081.7099609375,1095.1700439453125,1078.9300537109375,1095.1700439453125,1282500000
2004-08-19,1095.1700439453125,1095.1700439453125,1086.280029296875,1091.22998046875,1249400000
2004-08-20,1091.22998046875,1100.260009765625,1089.5699462890625,1098.3499755859375,1199900000
2004-08-23,1098.3499755859375,1101.4000244140625,1094.72998046875,1095.6800537109375,1021900000
2004-08-24,1095.6800537109375,1100.93994140625,1092.8199462890625,1096.18994140625,1092500000
2004-08-25,1096.18994140625,1106.2900390625,1093.239990234375,1104.9599609375,1192200000
2004-08-26,1104.9599609375,1106.780029296875,1102.4599609375,1105.0899658203125,1023600000
2004-08-27,1105.0899658203125,1109.6800537109375,1104.6199951171875,1107.77001953125,845400000
2004-08-30,1107.77001953125,1107.77001953125,1099.1500244140625,1099.1500244140625,843100000
2004-08-31,1099.1500244140625,1104.239990234375,1094.719970703125,1104.239990234375,1138200000
2004-09-01,1104.239990234375,1109.239990234375,1099.1800537109375,1105.9100341796875,1142100000
2004-09-02,1105.9100341796875,1119.1099853515625,1105.5999755859375,1118.31005859375,1118400000
2004-09-03,1118.31005859375,1120.800048828125,1113.5699462890625,1113.6300048828125,924170000
2004-09-07,1113.6300048828125,1124.0799560546875,1113.6300048828125,1121.300048828125,1214400000
2004-09-08,1121.300048828125,1123.050048828125,1116.27001953125,1116.27001953125,1246300000
2004-09-09,1116.27001953125,1121.300048828125,1113.6199951171875,1118.3800048828125,1371300000
2004-09-10,1118.3800048828125,1125.260009765625,1114.3900146484375,1123.9200439453125,1261200000
2004-09-13,1123.9200439453125,1129.780029296875,1123.3499755859375,1125.8199462890625,1299800000
2004-09-14,1125.8199462890625,1129.4599609375,1124.719970703125,1128.3299560546875,1204500000
2004-09-15,1128.3299560546875,1128.3299560546875,1119.8199462890625,1120.3699951171875,1256000000
2004-09-16,1120.3699951171875,1126.06005859375,1120.3699951171875,1123.5,1113900000
2004-09-17,1123.5,1130.1400146484375,1123.5,1128.550048828125,1422600000
2004-09-20,1128.550048828125,1128.550048828125,1120.3399658203125,1122.199951171875,1197600000
2004-09-21,1122.199951171875,1131.5400390625,1122.199951171875,1129.300048828125,1325000000
2004-09-22,1129.300048828125,1129.300048828125,1112.6700439453125,1113.56005859375,1379900000
2004-09-23,1113.56005859375,1113.6099853515625,1108.050048828125,1108.3599853515625,1286300000
2004-09-24,1108.3599853515625,1113.81005859375,1108.3599853515625,1110.1099853515625,1255400000
2004-09-27,1110.1099853515625,1110.1099853515625,1103.239990234375,1103.52001953125,1263500000
2004-09-28,1103.52001953125,1111.77001953125,1101.2900390625,1110.06005859375,1396600000
2004-09-29,1110.06005859375,1114.800048828125,1107.4200439453125,1114.800048828125,1402900000
2004-09-30,1114.800048828125,1116.31005859375,1109.6800537109375,1114.5799560546875,1748000000
2004-10-01,1114.5799560546875,1131.6400146484375,1114.5799560546875,1131.5,1582200000
2004-10-04,1131.5,1140.1300048828125,1131.5,1135.1700439453125,1534000000
2004-10-05,1135.1700439453125,1137.8699951171875,1132.030029296875,1134.47998046875,1418400000
2004-10-06,1134.47998046875,1142.050048828125,1132.93994140625,1142.050048828125,1416700000
2004-10-07,1142.050048828125,1142.050048828125,1130.5,1130.6500244140625,1447500000
2004-10-08,1130.6500244140625,1132.9200439453125,1120.18994140625,1122.1400146484375,1291600000
2004-10-11,1122.1400146484375,1126.199951171875,1122.1400146484375,1124.3900146484375,943800000
2004-10-12,1124.3900146484375,1124.3900146484375,1115.77001953125,1121.8399658203125,1320100000
2004-10-13,1121.8399658203125,1127.010009765625,1109.6300048828125,1113.6500244140625,1546200000
2004-10-14,1113.6500244140625,1114.9599609375,1102.06005859375,1103.2900390625,1489500000
2004-10-15,1103.2900390625,1113.1700439453125,1102.1400146484375,1108.199951171875,1645100000
2004-10-18,1108.199951171875,1114.4599609375,1103.3299560546875,1114.02001953125,1373300000
2004-10-19,1114.02001953125,1117.9599609375,1103.1500244140625,1103.22998046875,1737500000
2004-10-20,1103.22998046875,1104.0899658203125,1094.25,1103.6600341796875,1685700000
2004-10-21,1103.6600341796875,1108.8699951171875,1098.469970703125,1106.489990234375,1673000000
2004-10-22,1106.489990234375,1108.1400146484375,1095.469970703125,1095.739990234375,1469600000
2004-10-25,1095.739990234375,1096.81005859375,1090.2900390625,1094.800048828125,1380500000
2004-10-26,1094.81005859375,1111.0999755859375,1094.81005859375,1111.0899658203125,1685400000
2004-10-27,1111.0899658203125,1126.2900390625,1107.4300537109375,1125.4000244140625,1741900000
2004-10-28,1125.3399658203125,1130.6700439453125,1120.5999755859375,1127.43994140625,1628200000
2004-10-29,1127.43994140625,1131.4000244140625,1124.6199951171875,1130.199951171875,1500800000
2004-11-01,1130.199951171875,1133.4100341796875,1127.5999755859375,1130.510009765625,1395900000
2004-11-02,1130.510009765625,1140.47998046875,1128.1199951171875,1130.56005859375,1659000000
2004-11-03,1130.5400390625,1147.5699462890625,1130.5400390625,1143.199951171875,1767500000
2004-11-04,1143.199951171875,1161.6700439453125,1142.3399658203125,1161.6700439453125,1782700000
2004-11-05,1161.6700439453125,1170.8699951171875,1160.6600341796875,1166.1700439453125,1724400000
2004-11-08,1166.1700439453125,1166.77001953125,1162.3199462890625,1164.8900146484375,1358700000
2004-11-09,1164.8900146484375,1168.9599609375,1162.47998046875,1164.0799560546875,1450800000
2004-11-10,1164.0799560546875,1169.25,1162.510009765625,1162.9100341796875,1504300000
2004-11-11,1162.9100341796875,1174.800048828125,1162.9100341796875,1173.47998046875,1393000000
2004-11-12,1173.47998046875,1184.1700439453125,1171.4300537109375,1184.1700439453125,1531600000
2004-11-15,1184.1700439453125,1184.47998046875,1179.8499755859375,1183.81005859375,1453300000
2004-11-16,1183.81005859375,1183.81005859375,1175.3199462890625,1175.4300537109375,1364400000
2004-11-17,1175.4300537109375,1188.4599609375,1175.4300537109375,1181.93994140625,1684200000
2004-11-18,1181.93994140625,1184.9000244140625,1180.1500244140625,1183.550048828125,1456700000
2004-11-19,1183.550048828125,1184.0,1169.18994140625,1170.3399658203125,1526600000
2004-11-22,1170.3399658203125,1178.1800537109375,1167.8900146484375,1177.239990234375,1392700000
2004-11-23,1177.239990234375,1179.52001953125,1171.4100341796875,1176.93994140625,1428300000
2004-11-24,1176.93994140625,1182.4599609375,1176.93994140625,1181.760009765625,1149600000
2004-11-26,1181.760009765625,1186.6199951171875,1181.0799560546875,1182.6500244140625,504580000
2004-11-29,1182.6500244140625,1186.93994140625,1172.3699951171875,1178.5699462890625,1378500000
2004-11-30,1178.5699462890625,1178.6600341796875,1173.81005859375,1173.8199462890625,1553500000
2004-12-01,1173.780029296875,1191.3699951171875,1173.780029296875,1191.3699951171875,1772800000
2004-12-02,1191.3699951171875,1194.800048828125,1186.719970703125,1190.3299560546875,1774900000
2004-12-03,1190.3299560546875,1197.4599609375,1187.7099609375,1191.1700439453125,1566700000
2004-12-06,1191.1700439453125,1192.4100341796875,1185.1800537109375,1190.25,1354400000
2004-12-07,1190.25,1192.1700439453125,1177.0699462890625,1177.0699462890625,1533900000
2004-12-08,1177.0699462890625,1184.050048828125,1177.0699462890625,1182.81005859375,1525200000
2004-12-09,1182.81005859375,1190.510009765625,1173.7900390625,1189.239990234375,1624700000
2004-12-10,1189.239990234375,1191.449951171875,1185.239990234375,1188.0,1443700000
2004-12-13,1188.0,1198.739990234375,1188.0,1198.6800537109375,1436100000
2004-12-14,1198.6800537109375,1205.2900390625,1197.8399658203125,1203.3800048828125,1544400000
2004-12-15,1203.3800048828125,1206.6099853515625,1199.43994140625,1205.719970703125,1695800000
2004-12-16,1205.719970703125,1207.969970703125,1198.4100341796875,1203.2099609375,1793900000
2004-12-17,1203.2099609375,1203.2099609375,1193.489990234375,1194.199951171875,2335000000
2004-12-20,1194.199951171875,1203.4300537109375,1193.3599853515625,1194.6500244140625,1422800000
2004-12-21,1194.6500244140625,1205.9300537109375,1194.6500244140625,1205.449951171875,1483700000
2004-12-22,1205.449951171875,1211.4200439453125,1203.8499755859375,1209.5699462890625,1390800000
2004-12-23,1209.5699462890625,1213.6600341796875,1208.7099609375,1210.1300048828125,956100000
2004-12-27,1210.1300048828125,1214.1300048828125,1204.9200439453125,1204.9200439453125,922000000
2004-12-28,1204.9200439453125,1213.5400390625,1204.9200439453125,1213.5400390625,983000000
2004-12-29,1213.5400390625,1213.8499755859375,1210.949951171875,1213.449951171875,925900000
2004-12-30,1213.449951171875,1216.469970703125,1213.4100341796875,1213.550048828125,829800000
2004-12-31,1213.550048828125,1217.3299560546875,1211.6500244140625,1211.9200439453125,786900000
2005-01-03,1211.9200439453125,1217.800048828125,1200.3199462890625,1202.0799560546875,1510800000
2005-01-04,1202.0799560546875,1205.8399658203125,1185.3900146484375,1188.050048828125,1721000000
2005-01-05,1188.050048828125,1192.72998046875,1183.719970703125,1183.739990234375,1738900000
2005-01-06,1183.739990234375,1191.6300048828125,1183.27001953125,1187.8900146484375,1569100000
2005-01-07,1187.8900146484375,1192.199951171875,1182.1600341796875,1186.18994140625,1477900000
2005-01-10,1186.18994140625,1194.780029296875,1184.800048828125,1190.25,1490400000
2005-01-11,1190.25,1190.25,1180.4300537109375,1182.989990234375,1488800000
2005-01-12,1182.989990234375,1187.9200439453125,1175.6400146484375,1187.699951171875,1562100000
2005-01-13,1187.699951171875,1187.699951171875,1175.81005859375,1177.449951171875,1510300000
2005-01-14,1177.449951171875,1185.2099609375,1177.449951171875,1184.52001953125,1335400000
2005-01-18,1184.52001953125,1195.97998046875,1180.0999755859375,1195.97998046875,1596800000
2005-01-19,1195.97998046875,1195.97998046875,1184.4100341796875,1184.6300048828125,1498700000
2005-01-20,1184.6300048828125,1184.6300048828125,1173.4200439453125,1175.4100341796875,1692000000
2005-01-21,1175.4100341796875,1179.449951171875,1167.8199462890625,1167.8699951171875,1643500000
2005-01-24,1167.8699951171875,1173.030029296875,1163.75,1163.75,1494600000
2005-01-25,1163.75,1174.300048828125,1163.75,1168.4100341796875,1610400000
2005-01-26,1168.4100341796875,1175.9599609375,1168.4100341796875,1174.0699462890625,1635900000
2005-01-27,1174.0699462890625,1177.5,1170.1500244140625,1174.550048828125,1600600000
2005-01-28,1174.550048828125,1175.6099853515625,1166.25,1171.3599853515625,1641800000
2005-01-31,1171.3599853515625,1182.0699462890625,1171.3599853515625,1181.27001953125,1679800000
2005-02-01,1181.27001953125,1190.3900146484375,1180.949951171875,1189.4100341796875,1681980000
2005-02-02,1189.4100341796875,1195.25,1188.9200439453125,1193.18994140625,1561740000
2005-02-03,1193.18994140625,1193.18994140625,1185.6400146484375,1189.8900146484375,1554460000
2005-02-04,1189.8900146484375,1203.469970703125,1189.6700439453125,1203.030029296875,1648160000
2005-02-07,1203.030029296875,1204.1500244140625,1199.27001953125,1201.719970703125,1347270000
2005-02-08,1201.719970703125,1205.1099853515625,1200.1600341796875,1202.300048828125,1416170000
2005-02-09,1202.300048828125,1203.8299560546875,1191.5400390625,1191.989990234375,1511040000
2005-02-10,1191.989990234375,1198.75,1191.5400390625,1197.010009765625,1491670000
2005-02-11,1197.010009765625,1208.3800048828125,1193.280029296875,1205.300048828125,1562300000
2005-02-14,1205.300048828125,1206.9300537109375,1203.5899658203125,1206.1400146484375,1290180000
2005-02-15,1206.1400146484375,1212.43994140625,1205.52001953125,1210.1199951171875,1527080000
2005-02-16,1210.1199951171875,1212.43994140625,1205.06005859375,1210.3399658203125,1490100000
2005-02-17,1210.3399658203125,1211.3299560546875,1200.739990234375,1200.75,1580120000
2005-02-18,1200.75,1202.9200439453125,1197.3499755859375,1201.5899658203125,1551200000
2005-02-22,1201.5899658203125,1202.47998046875,1184.1600341796875,1184.1600341796875,1744940000
2005-02-23,1184.1600341796875,1193.52001953125,1184.1600341796875,1190.800048828125,1501090000
2005-02-24,1190.800048828125,1200.4200439453125,1187.800048828125,1200.199951171875,1518750000
2005-02-25,1200.199951171875,1212.1500244140625,1199.6099853515625,1211.3699951171875,1523680000
2005-02-28,1211.3699951171875,1211.3699951171875,1198.1300048828125,1203.5999755859375,1795480000
2005-03-01,1203.5999755859375,1212.25,1203.5999755859375,1210.4100341796875,1708060000
2005-03-02,1210.4100341796875,1215.7900390625,1204.219970703125,1210.0799560546875,1568540000
2005-03-03,1210.0799560546875,1215.719970703125,1204.449951171875,1210.469970703125,1616240000
2005-03-04,1210.469970703125,1224.760009765625,1210.469970703125,1222.1199951171875,1636820000
2005-03-07,1222.1199951171875,1229.1099853515625,1222.1199951171875,1225.31005859375,1488830000
2005-03-08,1225.31005859375,1225.68994140625,1218.5699462890625,1219.4300537109375,1523090000
2005-03-09,1219.4300537109375,1219.4300537109375,1206.6600341796875,1207.010009765625,1704970000
2005-03-10,1207.010009765625,1211.22998046875,1201.4100341796875,1209.25,1604020000
2005-03-11,1209.25,1213.0400390625,1198.1500244140625,1200.0799560546875,1449820000
2005-03-14,1200.0799560546875,1206.8299560546875,1199.510009765625,1206.8299560546875,1437430000
2005-03-15,1206.8299560546875,1210.5400390625,1197.75,1197.75,1513530000
2005-03-16,1197.75,1197.75,1185.6099853515625,1188.0699462890625,1653190000
2005-03-17,1188.0699462890625,1193.280029296875,1186.3399658203125,1190.2099609375,1581930000
2005-03-18,1190.2099609375,1191.97998046875,1182.780029296875,1189.6500244140625,2344370000
2005-03-21,1189.6500244140625,1189.6500244140625,1178.8199462890625,1183.780029296875,1819440000
2005-03-22,1183.780029296875,1189.5899658203125,1171.6300048828125,1171.7099609375,2114470000
2005-03-23,1171.7099609375,1176.260009765625,1168.699951171875,1172.530029296875,2246870000
2005-03-24,1172.530029296875,1180.1099853515625,1171.4200439453125,1171.4200439453125,1721720000
2005-03-28,1171.4200439453125,1179.9100341796875,1171.4200439453125,1174.280029296875,1746220000
2005-03-29,1174.280029296875,1179.3900146484375,1163.68994140625,1165.3599853515625,2223250000
2005-03-30,1165.3599853515625,1181.5400390625,1165.3599853515625,1181.4100341796875,2097110000
2005-03-31,1181.4100341796875,1184.530029296875,1179.489990234375,1180.5899658203125,2214230000
2005-04-01,1180.5899658203125,1189.800048828125,1169.9100341796875,1172.9200439453125,2168690000
2005-04-04,1172.7900390625,1178.6099853515625,1167.719970703125,1176.1199951171875,2079770000
2005-04-05,1176.1199951171875,1183.56005859375,1176.1199951171875,1181.3900146484375,1870800000
2005-04-06,1181.3900146484375,1189.3399658203125,1181.3900146484375,1184.0699462890625,1797400000
2005-04-07,1184.0699462890625,1191.8800048828125,1183.81005859375,1191.1400146484375,1900620000
2005-04-08,1191.1400146484375,1191.75,1181.1300048828125,1181.199951171875,1661330000
2005-04-11,1181.199951171875,1184.0699462890625,1178.68994140625,1181.2099609375,1525310000
2005-04-12,1181.2099609375,1190.1700439453125,1170.8499755859375,1187.760009765625,1979830000
2005-04-13,1187.760009765625,1187.760009765625,1171.4000244140625,1173.7900390625,2049740000
2005-04-14,1173.7900390625,1174.6700439453125,1161.699951171875,1162.050048828125,2355040000
2005-04-15,1162.050048828125,1162.050048828125,1141.9200439453125,1142.6199951171875,2689960000
2005-04-18,1142.6199951171875,1148.9200439453125,1139.800048828125,1145.97998046875,2180670000
2005-04-19,1145.97998046875,1154.6700439453125,1145.97998046875,1152.780029296875,2142700000
2005-04-20,1152.780029296875,1155.5,1136.1500244140625,1137.5,2217050000
2005-04-21,1137.5,1159.949951171875,1137.5,1159.949951171875,2308560000
2005-04-22,1159.949951171875,1159.949951171875,1142.949951171875,1152.1199951171875,2045880000
2005-04-25,1152.1199951171875,1164.050048828125,1152.1199951171875,1162.0999755859375,1795030000
2005-04-26,1162.0999755859375,1164.800048828125,1151.8299560546875,1151.8299560546875,1959740000
2005-04-27,1151.739990234375,1159.8699951171875,1144.4200439453125,1156.3800048828125,2151520000
2005-04-28,1156.3800048828125,1156.3800048828125,1143.219970703125,1143.219970703125,2182270000
2005-04-29,1143.219970703125,1156.969970703125,1139.18994140625,1156.8499755859375,2362360000
2005-05-02,1156.8499755859375,1162.8699951171875,1154.7099609375,1162.1600341796875,1980040000
2005-05-03,1162.1600341796875,1166.8900146484375,1156.7099609375,1161.1700439453125,2167020000
2005-05-04,1161.1700439453125,1176.010009765625,1161.1700439453125,1175.6500244140625,2306480000
2005-05-05,1175.6500244140625,1178.6199951171875,1166.77001953125,1172.6300048828125,1997100000
2005-05-06,1172.6300048828125,1177.75,1170.5,1171.3499755859375,1707200000
2005-05-09,1171.3499755859375,1178.8699951171875,1169.3800048828125,1178.8399658203125,1857020000
2005-05-10,1178.8399658203125,1178.8399658203125,1162.97998046875,1166.219970703125,1889660000
2005-05-11,1166.219970703125,1171.77001953125,1157.7099609375,1171.1099853515625,1834970000
2005-05-12,1171.1099853515625,1173.3699951171875,1157.760009765625,1159.3599853515625,1995290000
2005-05-13,1159.3599853515625,1163.75,1146.1800537109375,1154.050048828125,2188590000
2005-05-16,1154.050048828125,1165.75,1153.6400146484375,1165.68994140625,1856860000
2005-05-17,1165.68994140625,1174.3499755859375,1159.8599853515625,1173.800048828125,1887260000
2005-05-18,1173.800048828125,1187.9000244140625,1173.800048828125,1185.56005859375,2266320000
2005-05-19,1185.56005859375,1191.0899658203125,1184.489990234375,1191.0799560546875,1775860000
2005-05-20,1191.0799560546875,1191.219970703125,1185.18994140625,1189.280029296875,1631750000
2005-05-23,1189.280029296875,1197.43994140625,1188.760009765625,1193.8599853515625,1681170000
2005-05-24,1193.8599853515625,1195.2900390625,1189.8699951171875,1194.0699462890625,1681000000
2005-05-25,1194.0699462890625,1194.0699462890625,1185.9599609375,1190.010009765625,1742180000
2005-05-26,1190.010009765625,1198.949951171875,1190.010009765625,1197.6199951171875,1654110000
2005-05-27,1197.6199951171875,1199.56005859375,1195.280029296875,1198.780029296875,1381430000
2005-05-31,1198.780029296875,1198.780029296875,1191.5,1191.5,1840680000
2005-06-01,1191.5,1205.6400146484375,1191.030029296875,1202.219970703125,1810100000
2005-06-02,1202.27001953125,1204.6700439453125,1198.4200439453125,1204.2900390625,1813790000
2005-06-03,1204.2900390625,1205.0899658203125,1194.550048828125,1196.02001953125,1627520000
2005-06-06,1196.02001953125,1198.780029296875,1192.75,1197.510009765625,1547120000
2005-06-07,1197.510009765625,1208.8499755859375,1197.260009765625,1197.260009765625,1851370000
2005-06-08,1197.260009765625,1201.969970703125,1193.3299560546875,1194.6700439453125,1715490000
2005-06-09,1194.6700439453125,1201.8599853515625,1191.0899658203125,1200.9300537109375,1824120000
2005-06-10,1200.9300537109375,1202.7900390625,1192.6400146484375,1198.1099853515625,1664180000
2005-06-13,1198.1099853515625,1206.030029296875,1194.510009765625,1200.8199462890625,1661350000
2005-06-14,1200.8199462890625,1207.530029296875,1200.1800537109375,1203.9100341796875,1698150000
2005-06-15,1203.9100341796875,1208.0799560546875,1198.6600341796875,1206.5799560546875,1840440000
2005-06-16,1206.550048828125,1212.0999755859375,1205.469970703125,1210.9599609375,1776040000
2005-06-17,1210.9300537109375,1219.550048828125,1210.9300537109375,1216.9599609375,2407370000
2005-06-20,1216.9599609375,1219.0999755859375,1210.6500244140625,1216.0999755859375,1714530000
2005-06-21,1216.0999755859375,1217.1300048828125,1211.8599853515625,1213.6099853515625,1720700000
2005-06-22,1213.6099853515625,1219.5899658203125,1211.68994140625,1213.8800048828125,1823250000
2005-06-23,1213.8800048828125,1216.449951171875,1200.719970703125,1200.72998046875,2029920000
2005-06-24,1200.72998046875,1200.9000244140625,1191.449951171875,1191.5699462890625,2418800000
2005-06-27,1191.5699462890625,1194.3299560546875,1188.300048828125,1190.68994140625,1738620000
2005-06-28,1190.68994140625,1202.5400390625,1190.68994140625,1201.5699462890625,1772410000
2005-06-29,1201.5699462890625,1204.0699462890625,1198.699951171875,1199.8499755859375,1769280000
2005-06-30,1199.8499755859375,1203.27001953125,1190.510009765625,1191.3299560546875,2109490000
2005-07-01,1191.3299560546875,1197.8900146484375,1191.3299560546875,1194.43994140625,1593820000
2005-07-05,1194.43994140625,1206.3399658203125,1192.489990234375,1204.989990234375,1805820000
2005-07-06,1204.989990234375,1206.1099853515625,1194.780029296875,1194.93994140625,1883470000
2005-07-07,1194.93994140625,1198.4599609375,1183.550048828125,1197.8699951171875,1952440000
2005-07-08,1197.8699951171875,1212.72998046875,1197.199951171875,1211.8599853515625,1900810000
2005-07-11,1211.8599853515625,1220.030029296875,1211.8599853515625,1219.43994140625,1846300000
2005-07-12,1219.43994140625,1225.5400390625,1216.5999755859375,1222.2099609375,1932010000
2005-07-13,1222.2099609375,1224.4599609375,1219.6400146484375,1223.2900390625,1812500000
2005-07-14,1223.2900390625,1233.1600341796875,1223.2900390625,1226.5,2048710000
2005-07-15,1226.5,1229.530029296875,1223.5,1227.9200439453125,1716400000
2005-07-18,1227.9200439453125,1227.9200439453125,1221.1300048828125,1221.1300048828125,1582100000
2005-07-19,1221.1300048828125,1230.3399658203125,1221.1300048828125,1229.3499755859375,2041280000
2005-07-20,1229.3499755859375,1236.56005859375,1222.9100341796875,1235.199951171875,2063340000
2005-07-21,1235.199951171875,1235.8299560546875,1224.699951171875,1227.0400390625,2129840000
2005-07-22,1227.0400390625,1234.18994140625,1226.1500244140625,1233.6800537109375,1766990000
2005-07-25,1233.6800537109375,1238.3599853515625,1228.1500244140625,1229.030029296875,1717580000
2005-07-26,1229.030029296875,1234.4200439453125,1229.030029296875,1231.1600341796875,1934180000
2005-07-27,1231.1600341796875,1237.6400146484375,1230.1500244140625,1236.7900390625,1945800000
2005-07-28,1236.7900390625,1245.1500244140625,1235.81005859375,1243.719970703125,2001680000
2005-07-29,1243.719970703125,1245.0400390625,1234.1800537109375,1234.1800537109375,1789600000
2005-08-01,1234.1800537109375,1239.0999755859375,1233.800048828125,1235.3499755859375,1716870000
2005-08-02,1235.3499755859375,1244.68994140625,1235.3499755859375,1244.1199951171875,2043120000
2005-08-03,1244.1199951171875,1245.8599853515625,1240.5699462890625,1245.0400390625,1999980000
2005-08-04,1245.0400390625,1245.0400390625,1235.1500244140625,1235.8599853515625,1981220000
2005-08-05,1235.8599853515625,1235.8599853515625,1225.6199951171875,1226.4200439453125,1930280000
2005-08-08,1226.4200439453125,1232.280029296875,1222.6700439453125,1223.1300048828125,1804140000
2005-08-09,1223.1300048828125,1234.1099853515625,1223.1300048828125,1231.3800048828125,1897520000
2005-08-10,1231.3800048828125,1242.68994140625,1226.5799560546875,1229.1300048828125,2172320000
2005-08-11,1229.1300048828125,1237.81005859375,1228.3299560546875,1237.81005859375,1941560000
2005-08-12,1237.81005859375,1237.81005859375,1225.8699951171875,1230.3900146484375,1709300000
2005-08-15,1230.4000244140625,1236.239990234375,1226.199951171875,1233.8699951171875,1562880000
2005-08-16,1233.8699951171875,1233.8699951171875,1219.050048828125,1219.3399658203125,1820410000
2005-08-17,1219.3399658203125,1225.6300048828125,1218.0699462890625,1220.239990234375,1859150000
2005-08-18,1220.239990234375,1222.6400146484375,1215.9300537109375,1219.02001953125,1808170000
2005-08-19,1219.02001953125,1225.0799560546875,1219.02001953125,1219.7099609375,1558790000
2005-08-22,1219.7099609375,1228.9599609375,1216.469970703125,1221.72998046875,1621330000
2005-08-23,1221.72998046875,1223.0400390625,1214.43994140625,1217.5899658203125,1678620000
2005-08-24,1217.5699462890625,1224.1500244140625,1209.3699951171875,1209.5899658203125,1930800000
2005-08-25,1209.5899658203125,1213.72998046875,1209.5699462890625,1212.3699951171875,1571110000
2005-08-26,1212.4000244140625,1212.4000244140625,1204.22998046875,1205.0999755859375,1541090000
2005-08-29,1205.0999755859375,1214.280029296875,1201.530029296875,1212.280029296875,1599450000
2005-08-30,1212.280029296875,1212.280029296875,1201.0699462890625,1208.4100341796875,1916470000
2005-08-31,1208.4100341796875,1220.3599853515625,1204.4000244140625,1220.3299560546875,2365510000
2005-09-01,1220.3299560546875,1227.2900390625,1216.1800537109375,1221.5899658203125,2229860000
2005-09-02,1221.5899658203125,1224.449951171875,1217.75,1218.02001953125,1640160000
2005-09-06,1218.02001953125,1233.6099853515625,1218.02001953125,1233.3900146484375,1932090000
2005-09-07,1233.3900146484375,1237.06005859375,1230.9300537109375,1236.3599853515625,2067700000
2005-09-08,1236.3599853515625,1236.3599853515625,1229.510009765625,1231.6700439453125,1955380000
2005-09-09,1231.6700439453125,1243.1300048828125,1231.6700439453125,1241.47998046875,1992560000
2005-09-12,1241.47998046875,1242.5999755859375,1239.1500244140625,1240.56005859375,1938050000
2005-09-13,1240.5699462890625,1240.5699462890625,1231.199951171875,1231.199951171875,2082360000
2005-09-14,1231.199951171875,1234.739990234375,1226.1600341796875,1227.1600341796875,1986750000
2005-09-15,1227.1600341796875,1231.8800048828125,1224.8499755859375,1227.72998046875,2079340000
2005-09-16,1228.4200439453125,1237.949951171875,1228.4200439453125,1237.9100341796875,3152470000
2005-09-19,1237.9100341796875,1237.9100341796875,1227.6500244140625,1231.02001953125,2076540000
2005-09-20,1231.02001953125,1236.489990234375,1220.0699462890625,1221.3399658203125,2319250000
2005-09-21,1221.3399658203125,1221.52001953125,1209.8900146484375,1210.199951171875,2548150000
2005-09-22,1210.199951171875,1216.6400146484375,1205.3499755859375,1214.6199951171875,2424720000
2005-09-23,1214.6199951171875,1218.8299560546875,1209.800048828125,1215.2900390625,1973020000
2005-09-26,1215.2900390625,1222.56005859375,1211.8399658203125,1215.6300048828125,2022220000
2005-09-27,1215.6300048828125,1220.1700439453125,1211.1099853515625,1215.6600341796875,1976270000
2005-09-28,1215.6600341796875,1220.97998046875,1212.719970703125,1216.8900146484375,2106980000
2005-09-29,1216.8900146484375,1228.699951171875,1211.5400390625,1227.6800537109375,2176120000
2005-09-30,1227.6800537109375,1229.5699462890625,1225.219970703125,1228.81005859375,2097520000
2005-10-03,1228.81005859375,1233.3399658203125,1225.1500244140625,1226.699951171875,2097490000
2005-10-04,1226.699951171875,1229.8800048828125,1214.02001953125,1214.469970703125,2341420000
2005-10-05,1214.469970703125,1214.469970703125,1196.25,1196.3900146484375,2546780000
2005-10-06,1196.3900146484375,1202.1400146484375,1181.9200439453125,1191.489990234375,2792030000
2005-10-07,1191.489990234375,1199.7099609375,1191.4599609375,1195.9000244140625,2126080000
2005-10-10,1195.9000244140625,1196.52001953125,1186.1199951171875,1187.3299560546875,2195990000
2005-10-11,1187.3299560546875,1193.0999755859375,1183.1600341796875,1184.8699951171875,2299040000
2005-10-12,1184.8699951171875,1190.02001953125,1173.6500244140625,1177.6800537109375,2491280000
2005-10-13,1177.6800537109375,1179.56005859375,1168.199951171875,1176.8399658203125,2351150000
2005-10-14,1176.8399658203125,1187.1300048828125,1175.43994140625,1186.5699462890625,2188940000
2005-10-17,1186.5699462890625,1191.2099609375,1184.47998046875,1190.0999755859375,2054570000
2005-10-18,1190.0999755859375,1190.0999755859375,1178.1300048828125,1178.1400146484375,2197010000
2005-10-19,1178.1400146484375,1195.760009765625,1170.550048828125,1195.760009765625,2703590000
2005-10-20,1195.760009765625,1197.300048828125,1173.300048828125,1177.800048828125,2617250000
2005-10-21,1177.800048828125,1186.4599609375,1174.9200439453125,1179.5899658203125,2470920000
2005-10-24,1179.5899658203125,1199.3900146484375,1179.5899658203125,1199.3800048828125,2197790000
2005-10-25,1199.3800048828125,1201.300048828125,1189.2900390625,1196.5400390625,2312470000
2005-10-26,1196.5400390625,1204.010009765625,1191.3800048828125,1191.3800048828125,2467750000
2005-10-27,1191.3800048828125,1192.6500244140625,1178.8900146484375,1178.9000244140625,2395370000
2005-10-28,1178.9000244140625,1198.4100341796875,1178.9000244140625,1198.4100341796875,2379400000
2005-10-31,1198.4100341796875,1211.4300537109375,1198.4100341796875,1207.010009765625,2567470000
2005-11-01,1207.010009765625,1207.3399658203125,1201.6600341796875,1202.760009765625,2457850000
2005-11-02,1202.760009765625,1215.1700439453125,1201.0699462890625,1214.760009765625,2648090000
2005-11-03,1214.760009765625,1224.699951171875,1214.760009765625,1219.93994140625,2716630000
2005-11-04,1219.93994140625,1222.52001953125,1214.449951171875,1220.1400146484375,2050510000
2005-11-07,1220.1400146484375,1224.1800537109375,1217.2900390625,1222.81005859375,1987580000
2005-11-08,1222.81005859375,1222.81005859375,1216.0799560546875,1218.5899658203125,1965050000
2005-11-09,1218.5899658203125,1226.5899658203125,1216.530029296875,1220.6500244140625,2214460000
2005-11-10,1220.6500244140625,1232.4100341796875,1215.050048828125,1230.9599609375,2378460000
2005-11-11,1230.9599609375,1235.699951171875,1230.719970703125,1234.719970703125,1773140000
2005-11-14,1234.719970703125,1237.199951171875,1231.780029296875,1233.760009765625,1899780000
2005-11-15,1233.760009765625,1237.93994140625,1226.4100341796875,1229.010009765625,2359370000
2005-11-16,1229.010009765625,1232.239990234375,1227.1800537109375,1231.2099609375,2121580000
2005-11-17,1231.2099609375,1242.9599609375,1231.2099609375,1242.800048828125,2298040000
2005-11-18,1242.800048828125,1249.5799560546875,1240.7099609375,1248.27001953125,2453290000
2005-11-21,1248.27001953125,1255.8900146484375,1246.9000244140625,1254.8499755859375,2117350000
2005-11-22,1254.8499755859375,1261.9000244140625,1251.4000244140625,1261.22998046875,2291420000
2005-11-23,1261.22998046875,1270.6400146484375,1259.510009765625,1265.6099853515625,1985400000
2005-11-25,1265.6099853515625,1268.780029296875,1265.5400390625,1268.25,724940000
2005-11-28,1268.25,1268.43994140625,1257.1700439453125,1257.4599609375,2016900000
2005-11-29,1257.4599609375,1266.1800537109375,1257.4599609375,1257.47998046875,2268340000
2005-11-30,1257.47998046875,1260.9300537109375,1249.3900146484375,1249.47998046875,2374690000
2005-12-01,1249.47998046875,1266.1700439453125,1249.47998046875,1264.6700439453125,2614830000
2005-12-02,1264.6700439453125,1266.8499755859375,1261.4200439453125,1265.0799560546875,2125580000
2005-12-05,1265.0799560546875,1265.0799560546875,1258.1199951171875,1262.0899658203125,2325840000
2005-12-06,1262.0899658203125,1272.8900146484375,1262.0899658203125,1263.699951171875,2110740000
2005-12-07,1263.699951171875,1264.8499755859375,1253.02001953125,1257.3699951171875,2093830000
2005-12-08,1257.3699951171875,1263.3599853515625,1250.9100341796875,1255.8399658203125,2178300000
2005-12-09,1255.8399658203125,1263.0799560546875,1254.239990234375,1259.3699951171875,1896290000
2005-12-12,1259.3699951171875,1263.8599853515625,1255.52001953125,1260.4300537109375,1876550000
2005-12-13,1260.4300537109375,1272.1099853515625,1258.56005859375,1267.4300537109375,2390020000
2005-12-14,1267.4300537109375,1275.800048828125,1267.0699462890625,1272.739990234375,2145520000
2005-12-15,1272.739990234375,1275.1700439453125,1267.739990234375,1270.93994140625,2180590000
2005-12-16,1270.93994140625,1275.239990234375,1267.3199462890625,1267.3199462890625,2584190000
2005-12-19,1267.3199462890625,1270.510009765625,1259.280029296875,1259.9200439453125,2208810000
2005-12-20,1259.9200439453125,1263.8599853515625,1257.2099609375,1259.6199951171875,1996690000
2005-12-21,1259.6199951171875,1269.3699951171875,1259.6199951171875,1262.7900390625,2065170000
2005-12-22,1262.7900390625,1268.18994140625,1262.5,1268.1199951171875,1888500000
2005-12-23,1268.1199951171875,1269.760009765625,1265.9200439453125,1268.6600341796875,1285810000
2005-12-27,1268.6600341796875,1271.8299560546875,1256.5400390625,1256.5400390625,1540470000
2005-12-28,1256.5400390625,1261.0999755859375,1256.5400390625,1258.1700439453125,1422360000
2005-12-29,1258.1700439453125,1260.6099853515625,1254.1800537109375,1254.4200439453125,1382540000
2005-12-30,1254.4200439453125,1254.4200439453125,1246.5899658203125,1248.2900390625,1443500000
2006-01-03,1248.2900390625,1270.219970703125,1245.739990234375,1268.800048828125,2554570000
2006-01-04,1268.800048828125,1275.3699951171875,1267.739990234375,1273.4599609375,2515330000
2006-01-05,1273.4599609375,1276.9100341796875,1270.300048828125,1273.47998046875,2433340000
2006-01-06,1273.47998046875,1286.0899658203125,1273.47998046875,1285.449951171875,2446560000
2006-01-09,1285.449951171875,1290.780029296875,1284.8199462890625,1290.1500244140625,2301490000
2006-01-10,1290.1500244140625,1290.1500244140625,1283.760009765625,1289.68994140625,2373080000
2006-01-11,1289.719970703125,1294.9000244140625,1288.1199951171875,1294.1800537109375,2406130000
2006-01-12,1294.1800537109375,1294.1800537109375,1285.0400390625,1286.06005859375,2318350000
2006-01-13,1286.06005859375,1288.9599609375,1282.780029296875,1287.6099853515625,2206510000
2006-01-17,1287.6099853515625,1287.6099853515625,1278.6099853515625,1282.9300537109375,2179970000
2006-01-18,1282.9300537109375,1282.9300537109375,1272.0799560546875,1277.9300537109375,2233200000
2006-01-19,1277.9300537109375,1287.7900390625,1277.9300537109375,1285.0400390625,2444020000
2006-01-20,1285.0400390625,1285.0400390625,1260.9200439453125,1261.489990234375,2845810000
2006-01-23,1261.489990234375,1268.18994140625,1261.489990234375,1263.8199462890625,2256070000
2006-01-24,1263.8199462890625,1271.469970703125,1263.8199462890625,1266.8599853515625,2608720000
2006-01-25,1266.8599853515625,1271.8699951171875,1259.4200439453125,1264.6800537109375,2617060000
2006-01-26,1264.6800537109375,1276.43994140625,1264.6800537109375,1273.8299560546875,2856780000
2006-01-27,1273.8299560546875,1286.3800048828125,1273.8299560546875,1283.719970703125,2623620000
2006-01-30,1283.719970703125,1287.93994140625,1283.510009765625,1285.18994140625,2282730000
2006-01-31,1285.199951171875,1285.199951171875,1276.8499755859375,1280.0799560546875,2708310000
2006-02-01,1280.0799560546875,1283.3299560546875,1277.5699462890625,1282.4599609375,2589410000
2006-02-02,1282.4599609375,1282.4599609375,1267.719970703125,1270.8399658203125,2565300000
2006-02-03,1270.8399658203125,1270.8699951171875,1261.02001953125,1264.030029296875,2282210000
2006-02-06,1264.030029296875,1267.0400390625,1261.6199951171875,1265.02001953125,2132360000
2006-02-07,1265.02001953125,1265.780029296875,1253.6099853515625,1254.780029296875,2366370000
2006-02-08,1254.780029296875,1266.469970703125,1254.780029296875,1265.6500244140625,2456860000
2006-02-09,1265.6500244140625,1274.56005859375,1262.800048828125,1263.780029296875,2441920000
2006-02-10,1263.8199462890625,1269.8900146484375,1254.97998046875,1266.989990234375,2290050000
2006-02-13,1266.989990234375,1266.989990234375,1258.3399658203125,1262.8599853515625,1850080000
2006-02-14,1262.8599853515625,1278.2099609375,1260.800048828125,1275.530029296875,2437940000
2006-02-15,1275.530029296875,1281.0,1271.06005859375,1280.0,2317590000
2006-02-16,1280.0,1289.3900146484375,1280.0,1289.3800048828125,2251490000
2006-02-17,1289.3800048828125,1289.469970703125,1284.0699462890625,1287.239990234375,2128260000
2006-02-21,1287.239990234375,1291.9200439453125,1281.3299560546875,1283.030029296875,2104320000
2006-02-22,1283.030029296875,1294.1700439453125,1283.030029296875,1292.6700439453125,2222380000
2006-02-23,1292.6700439453125,1293.8399658203125,1285.1400146484375,1287.7900390625,2144210000
2006-02-24,1287.7900390625,1292.1099853515625,1285.6199951171875,1289.4300537109375,1933010000
2006-02-27,1289.4300537109375,1297.5699462890625,1289.4300537109375,1294.1199951171875,1975320000
2006-02-28,1294.1199951171875,1294.1199951171875,1278.6600341796875,1280.6600341796875,2370860000
2006-03-01,1280.6600341796875,1291.800048828125,1280.6600341796875,1291.239990234375,2308320000
2006-03-02,1291.239990234375,1291.239990234375,1283.2099609375,1289.1400146484375,2494590000
2006-03-03,1289.1400146484375,1297.3299560546875,1284.199951171875,1287.22998046875,2152950000
2006-03-06,1287.22998046875,1288.22998046875,1275.6700439453125,1278.260009765625,2280190000
2006-03-07,1278.260009765625,1278.260009765625,1271.1099853515625,1275.8800048828125,2268050000
2006-03-08,1275.8800048828125,1280.3299560546875,1268.4200439453125,1278.469970703125,2442870000
2006-03-09,1278.469970703125,1282.739990234375,1272.22998046875,1272.22998046875,2140110000
2006-03-10,1272.22998046875,1284.3699951171875,1271.1099853515625,1281.4200439453125,2123450000
2006-03-13,1281.5799560546875,1287.3699951171875,1281.5799560546875,1284.1300048828125,2070330000
2006-03-14,1284.1300048828125,1298.1400146484375,1282.6700439453125,1297.47998046875,2165270000
2006-03-15,1297.47998046875,1304.4000244140625,1294.969970703125,1303.02001953125,2293000000
2006-03-16,1303.02001953125,1310.449951171875,1303.02001953125,1305.3299560546875,2292180000
2006-03-17,1305.3299560546875,1309.7900390625,1305.3199462890625,1307.25,2549620000
2006-03-20,1307.25,1310.0,1303.5899658203125,1305.0799560546875,1976830000
2006-03-21,1305.0799560546875,1310.8800048828125,1295.8199462890625,1297.22998046875,2147370000
2006-03-22,1297.22998046875,1305.969970703125,1295.81005859375,1305.0400390625,2039810000
2006-03-23,1305.0400390625,1305.0400390625,1298.1099853515625,1301.6700439453125,1980940000
2006-03-24,1301.6700439453125,1306.530029296875,1298.8900146484375,1302.949951171875,2326070000
2006-03-27,1302.949951171875,1303.739990234375,1299.0899658203125,1301.6099853515625,2029700000
2006-03-28,1301.6099853515625,1306.239990234375,1291.8399658203125,1293.22998046875,2148580000
2006-03-29,1293.22998046875,1305.5999755859375,1293.22998046875,1302.8900146484375,2143540000
2006-03-30,1302.8900146484375,1310.1500244140625,1296.719970703125,1300.25,2294560000
2006-03-31,1300.25,1303.0,1294.8699951171875,1294.8699951171875,2236710000
2006-04-03,1302.8800048828125,1309.18994140625,1296.6500244140625,1297.81005859375,2494080000
2006-04-04,1297.81005859375,1307.550048828125,1294.7099609375,1305.9300537109375,2147660000
2006-04-05,1305.9300537109375,1312.81005859375,1304.8199462890625,1311.56005859375,2420020000
2006-04-06,1311.56005859375,1311.989990234375,1302.43994140625,1309.0400390625,2281680000
2006-04-07,1309.0400390625,1314.0699462890625,1294.1800537109375,1295.5,2082470000
2006-04-10,1295.510009765625,1300.739990234375,1293.1700439453125,1296.6199951171875,1898320000
2006-04-11,1296.5999755859375,1300.7099609375,1282.9599609375,1286.5699462890625,2232880000
2006-04-12,1286.5699462890625,1290.9300537109375,1286.449951171875,1288.1199951171875,1938100000
2006-04-13,1288.1199951171875,1292.0899658203125,1283.3699951171875,1289.1199951171875,1891940000
2006-04-17,1289.1199951171875,1292.449951171875,1280.739990234375,1285.3299560546875,1794650000
2006-04-18,1285.3299560546875,1309.02001953125,1285.3299560546875,1307.280029296875,2595440000
2006-04-19,1307.6500244140625,1310.3900146484375,1302.7900390625,1309.9300537109375,2447310000
2006-04-20,1309.9300537109375,1318.1600341796875,1306.3800048828125,1311.4599609375,2512920000
2006-04-21,1311.4599609375,1317.6700439453125,1306.5899658203125,1311.280029296875,2392630000
2006-04-24,1311.280029296875,1311.280029296875,1303.7900390625,1308.1099853515625,2117330000
2006-04-25,1308.1099853515625,1310.7900390625,1299.1700439453125,1301.739990234375,2366380000
2006-04-26,1301.739990234375,1310.969970703125,1301.739990234375,1305.4100341796875,2502690000
2006-04-27,1305.4100341796875,1315.0,1295.5699462890625,1309.719970703125,2772010000
2006-04-28,1309.719970703125,1316.0400390625,1306.1600341796875,1310.6099853515625,2419920000
2006-05-01,1310.6099853515625,1317.2099609375,1303.4599609375,1305.18994140625,2437040000
2006-05-02,1305.18994140625,1313.6600341796875,1305.18994140625,1313.2099609375,2403470000
2006-05-03,1313.2099609375,1313.469970703125,1303.9200439453125,1308.1199951171875,2395230000
2006-05-04,1307.8499755859375,1315.1400146484375,1307.8499755859375,1312.25,2431450000
2006-05-05,1312.25,1326.530029296875,1312.25,1325.760009765625,2294760000
2006-05-08,1325.760009765625,1326.699951171875,1322.8699951171875,1324.6600341796875,2151300000
2006-05-09,1324.6600341796875,1326.5999755859375,1322.47998046875,1325.1400146484375,2157290000
2006-05-10,1324.5699462890625,1325.510009765625,1317.43994140625,1322.8499755859375,2268550000
2006-05-11,1322.6300048828125,1322.6300048828125,1303.449951171875,1305.9200439453125,2531520000
2006-05-12,1305.8800048828125,1305.8800048828125,1290.3800048828125,1291.239990234375,2567970000
2006-05-15,1291.18994140625,1294.81005859375,1284.510009765625,1294.5,2505660000
2006-05-16,1294.5,1297.8800048828125,1288.510009765625,1292.0799560546875,2386210000
2006-05-17,1291.72998046875,1291.72998046875,1267.31005859375,1270.3199462890625,2830200000
2006-05-18,1270.25,1274.8900146484375,1261.75,1261.81005859375,2537490000
2006-05-19,1261.81005859375,1272.1500244140625,1256.280029296875,1267.030029296875,2982300000
2006-05-22,1267.030029296875,1268.77001953125,1252.97998046875,1262.0699462890625,2773010000
2006-05-23,1262.06005859375,1273.6700439453125,1256.1500244140625,1256.5799560546875,2605250000
2006-05-24,1256.56005859375,1264.530029296875,1245.3399658203125,1258.5699462890625,2999030000
2006-05-25,1258.4100341796875,1273.260009765625,1258.4100341796875,1272.8800048828125,2372730000
2006-05-26,1272.7099609375,1280.5400390625,1272.5,1280.1600341796875,1814020000
2006-05-30,1280.0400390625,1280.0400390625,1259.8699951171875,1259.8699951171875,2176190000
2006-05-31,1259.3800048828125,1270.0899658203125,1259.3800048828125,1270.0899658203125,2692160000
2006-06-01,1270.050048828125,1285.7099609375,1269.18994140625,1285.7099609375,2360160000
2006-06-02,1285.7099609375,1290.6800537109375,1280.219970703125,1288.219970703125,2295540000
2006-06-05,1288.1600341796875,1288.1600341796875,1264.6600341796875,1265.2900390625,2313470000
2006-06-06,1265.22998046875,1269.8800048828125,1254.4599609375,1263.8499755859375,2697650000
2006-06-07,1263.6099853515625,1272.469970703125,1255.77001953125,1256.1500244140625,2644170000
2006-06-08,1256.0799560546875,1259.8499755859375,1235.1800537109375,1257.9300537109375,3543790000
2006-06-09,1257.9300537109375,1262.5799560546875,1250.030029296875,1252.300048828125,2214000000
2006-06-12,1252.27001953125,1255.219970703125,1236.4300537109375,1237.43994140625,2247010000
2006-06-13,1236.0799560546875,1243.3699951171875,1222.52001953125,1223.68994140625,3215770000
2006-06-14,1223.6600341796875,1231.4599609375,1219.2900390625,1230.0400390625,2667990000
2006-06-15,1230.010009765625,1258.6400146484375,1230.010009765625,1256.1600341796875,2775480000
2006-06-16,1256.1600341796875,1256.27001953125,1246.3299560546875,1251.5400390625,2783390000
2006-06-19,1251.5400390625,1255.9300537109375,1237.1700439453125,1240.1300048828125,2517200000
2006-06-20,1240.1199951171875,1249.010009765625,1238.8699951171875,1240.1199951171875,2232950000
2006-06-21,1240.0899658203125,1257.9599609375,1240.0899658203125,1252.199951171875,2361230000
2006-06-22,1251.9200439453125,1251.9200439453125,1241.530029296875,1245.5999755859375,2148180000
2006-06-23,1245.5899658203125,1253.1300048828125,1241.4300537109375,1244.5,2017270000
2006-06-26,1244.5,1250.9200439453125,1243.6800537109375,1250.56005859375,1878580000
2006-06-27,1250.550048828125,1253.3699951171875,1238.93994140625,1239.199951171875,2203130000
2006-06-28,1238.989990234375,1247.06005859375,1237.5899658203125,1246.0,2085490000
2006-06-29,1245.93994140625,1272.8800048828125,1245.93994140625,1272.8699951171875,2621250000
2006-06-30,1272.8599853515625,1276.300048828125,1270.199951171875,1270.199951171875,3049560000
2006-07-03,1270.06005859375,1280.3800048828125,1270.06005859375,1280.18994140625,1114470000
2006-07-05,1280.050048828125,1280.050048828125,1265.9100341796875,1270.9100341796875,2165070000
2006-07-06,1270.5799560546875,1278.3199462890625,1270.5799560546875,1274.0799560546875,2009160000
2006-07-07,1274.0799560546875,1275.3800048828125,1263.1300048828125,1265.47998046875,1988150000
2006-07-10,1265.4599609375,1274.06005859375,1264.4599609375,1267.3399658203125,1854590000
2006-07-11,1267.260009765625,1273.6400146484375,1259.6500244140625,1272.4300537109375,2310850000
2006-07-12,1272.3900146484375,1273.31005859375,1257.2900390625,1258.5999755859375,2250450000
2006-07-13,1258.5799560546875,1258.5799560546875,1241.4300537109375,1242.280029296875,2545760000
2006-07-14,1242.2900390625,1242.699951171875,1228.449951171875,1236.199951171875,2467120000
2006-07-17,1236.199951171875,1240.0699462890625,1231.489990234375,1234.489990234375,2146410000
2006-07-18,1234.47998046875,1239.8599853515625,1224.5400390625,1236.8599853515625,2481750000
2006-07-19,1236.739990234375,1261.81005859375,1236.739990234375,1259.81005859375,2701980000
2006-07-20,1259.81005859375,1262.56005859375,1249.1300048828125,1249.1300048828125,2345580000
2006-07-21,1249.1199951171875,1250.9599609375,1238.719970703125,1240.2900390625,2704090000
2006-07-24,1240.25,1262.5,1240.25,1260.9100341796875,2312720000
2006-07-25,1260.9100341796875,1272.3900146484375,1257.18994140625,1268.8800048828125,2563930000
2006-07-26,1268.8699951171875,1273.8900146484375,1261.93994140625,1268.4000244140625,2667710000
2006-07-27,1268.199951171875,1275.8499755859375,1261.9200439453125,1263.199951171875,2776710000
2006-07-28,1263.1500244140625,1280.4200439453125,1263.1500244140625,1278.550048828125,2480420000
2006-07-31,1278.530029296875,1278.6600341796875,1274.31005859375,1276.6600341796875,2461300000
2006-08-01,1278.530029296875,1278.6600341796875,1265.7099609375,1270.9200439453125,2527690000
2006-08-02,1270.72998046875,1283.4200439453125,1270.72998046875,1277.4100341796875,2610750000
2006-08-03,1278.219970703125,1283.9599609375,1271.25,1280.27001953125,2728440000
2006-08-04,1280.260009765625,1292.9200439453125,1273.8199462890625,1279.3599853515625,2530970000
2006-08-07,1279.31005859375,1279.31005859375,1273.0,1275.77001953125,2045660000
2006-08-08,1275.6700439453125,1282.75,1268.3699951171875,1271.47998046875,2457840000
2006-08-09,1271.1300048828125,1283.739990234375,1264.72998046875,1265.949951171875,2555180000
2006-08-10,1265.719970703125,1272.550048828125,1261.300048828125,1271.81005859375,2402190000
2006-08-11,1271.6400146484375,1271.6400146484375,1262.0799560546875,1266.739990234375,2004540000
2006-08-14,1266.6700439453125,1278.9000244140625,1266.6700439453125,1268.2099609375,2118020000
2006-08-15,1268.18994140625,1286.22998046875,1268.18994140625,1285.5799560546875,2334100000
2006-08-16,1285.27001953125,1296.2099609375,1285.27001953125,1295.4300537109375,2554570000
2006-08-17,1295.3699951171875,1300.780029296875,1292.7099609375,1297.47998046875,2458340000
2006-08-18,1297.47998046875,1302.300048828125,1293.5699462890625,1302.300048828125,2033910000
2006-08-21,1302.300048828125,1302.300048828125,1295.510009765625,1297.52001953125,1759240000
2006-08-22,1297.52001953125,1302.489990234375,1294.43994140625,1298.8199462890625,1908740000
2006-08-23,1298.72998046875,1301.5,1289.8199462890625,1292.989990234375,1893670000
2006-08-24,1292.969970703125,1297.22998046875,1291.4000244140625,1296.06005859375,1930320000
2006-08-25,1295.9200439453125,1298.8800048828125,1292.3900146484375,1295.0899658203125,1667580000
2006-08-28,1295.0899658203125,1305.02001953125,1293.969970703125,1301.780029296875,1834920000
2006-08-29,1301.5699462890625,1305.02001953125,1295.2900390625,1304.280029296875,2093720000
2006-08-30,1303.699951171875,1306.739990234375,1302.1500244140625,1305.3699951171875,2060690000
2006-08-31,1304.25,1306.1099853515625,1302.449951171875,1303.8199462890625,1974540000
2006-09-01,1303.800048828125,1312.030029296875,1303.800048828125,1311.010009765625,1800520000
2006-09-05,1310.93994140625,1314.6700439453125,1308.8199462890625,1313.25,2114480000
2006-09-06,1313.0400390625,1313.0400390625,1299.280029296875,1300.260009765625,2329870000
2006-09-07,1300.2099609375,1301.25,1292.1300048828125,1294.02001953125,2325850000
2006-09-08,1294.02001953125,1300.1400146484375,1294.02001953125,1298.9200439453125,2132890000
2006-09-11,1298.8599853515625,1302.3599853515625,1290.9300537109375,1299.5400390625,2506430000
2006-09-12,1299.530029296875,1314.280029296875,1299.530029296875,1313.0,2791580000
2006-09-13,1312.739990234375,1319.9200439453125,1311.1199951171875,1318.0699462890625,2597220000
2006-09-14,1318.0,1318.0,1313.25,1316.280029296875,2351220000
2006-09-15,1316.280029296875,1324.6500244140625,1316.280029296875,1319.6600341796875,3198030000
2006-09-18,1319.8499755859375,1324.8699951171875,1318.1600341796875,1321.1800537109375,2325080000
2006-09-19,1321.1700439453125,1322.0400390625,1312.1700439453125,1317.6400146484375,2390850000
2006-09-20,1318.280029296875,1328.530029296875,1318.280029296875,1325.1800537109375,2543070000
2006-09-21,1324.8900146484375,1328.18994140625,1315.449951171875,1318.030029296875,2627440000
2006-09-22,1318.030029296875,1318.030029296875,1310.93994140625,1314.780029296875,2162880000
2006-09-25,1314.780029296875,1329.3499755859375,1311.5799560546875,1326.3699951171875,2710240000
2006-09-26,1326.3499755859375,1336.5999755859375,1325.300048828125,1336.3499755859375,2673350000
2006-09-27,1336.1199951171875,1340.0799560546875,1333.5400390625,1336.5899658203125,2749190000
2006-09-28,1336.56005859375,1340.280029296875,1333.75,1338.8800048828125,2397820000
2006-09-29,1339.1500244140625,1339.8800048828125,1335.6400146484375,1335.8499755859375,2273430000
2006-10-02,1335.8199462890625,1338.5400390625,1330.280029296875,1331.3199462890625,2154480000
2006-10-03,1331.3199462890625,1338.31005859375,1327.0999755859375,1334.1099853515625,2682690000
2006-10-04,1333.81005859375,1350.199951171875,1331.47998046875,1350.199951171875,3019880000
2006-10-05,1349.8399658203125,1353.7900390625,1347.75,1353.219970703125,2817240000
2006-10-06,1353.219970703125,1353.219970703125,1344.2099609375,1349.5899658203125,2523000000
2006-10-09,1349.5799560546875,1352.68994140625,1346.550048828125,1350.6600341796875,1935170000
2006-10-10,1350.6199951171875,1354.22998046875,1348.5999755859375,1353.4200439453125,2376140000
2006-10-11,1353.280029296875,1353.969970703125,1343.5699462890625,1349.949951171875,2521000000
2006-10-12,1349.93994140625,1363.760009765625,1349.93994140625,1362.8299560546875,2514350000
2006-10-13,1362.8199462890625,1366.6300048828125,1360.5,1365.6199951171875,2482920000
2006-10-16,1365.6099853515625,1370.199951171875,1364.47998046875,1369.06005859375,2305920000
2006-10-17,1369.050048828125,1369.050048828125,1356.8699951171875,1364.050048828125,2519620000
2006-10-18,1363.9300537109375,1372.8699951171875,1360.949951171875,1365.800048828125,2658840000
2006-10-19,1365.949951171875,1368.0899658203125,1362.06005859375,1366.9599609375,2619830000
2006-10-20,1366.93994140625,1368.6600341796875,1362.0999755859375,1368.5999755859375,2526410000
2006-10-23,1368.5799560546875,1377.4000244140625,1363.93994140625,1377.02001953125,2480430000
2006-10-24,1377.02001953125,1377.780029296875,1372.4200439453125,1377.3800048828125,2876890000
2006-10-25,1377.3599853515625,1383.6099853515625,1376.0,1382.219970703125,2953540000
2006-10-26,1382.2099609375,1389.449951171875,1379.469970703125,1389.0799560546875,2793350000
2006-10-27,1388.8900146484375,1388.8900146484375,1375.8499755859375,1377.3399658203125,2458450000
2006-10-30,1377.300048828125,1381.219970703125,1373.4599609375,1377.9300537109375,2770440000
2006-10-31,1377.9300537109375,1381.2099609375,1372.18994140625,1377.93994140625,2803030000
2006-11-01,1377.760009765625,1381.949951171875,1366.260009765625,1367.81005859375,2821160000
2006-11-02,1367.43994140625,1368.3900146484375,1362.2099609375,1367.3399658203125,2646180000
2006-11-03,1367.31005859375,1371.6800537109375,1360.97998046875,1364.300048828125,2419730000
2006-11-06,1364.27001953125,1381.4000244140625,1364.27001953125,1379.780029296875,2533550000
2006-11-07,1379.75,1388.18994140625,1379.18994140625,1382.8399658203125,2636390000
2006-11-08,1382.5,1388.6099853515625,1379.3299560546875,1385.719970703125,2814820000
2006-11-09,1385.4300537109375,1388.9200439453125,1377.31005859375,1378.3299560546875,3012050000
2006-11-10,1378.3299560546875,1381.0400390625,1375.5999755859375,1380.9000244140625,2290200000
2006-11-13,1380.5799560546875,1387.6099853515625,1378.800048828125,1384.4200439453125,2386340000
2006-11-14,1384.3599853515625,1394.489990234375,1379.0699462890625,1393.219970703125,3027480000
2006-11-15,1392.9100341796875,1401.3499755859375,1392.1300048828125,1396.5699462890625,2831130000
2006-11-16,1396.530029296875,1403.760009765625,1396.530029296875,1399.760009765625,2835730000
2006-11-17,1399.760009765625,1401.2099609375,1394.550048828125,1401.199951171875,2726100000
2006-11-20,1401.1700439453125,1404.3699951171875,1397.8499755859375,1400.5,2546710000
2006-11-21,1400.4300537109375,1403.489990234375,1399.989990234375,1402.81005859375,2597940000
2006-11-22,1402.68994140625,1407.8900146484375,1402.260009765625,1406.0899658203125,2237710000
2006-11-24,1405.93994140625,1405.93994140625,1399.25,1400.949951171875,832550000
2006-11-27,1400.949951171875,1400.949951171875,1381.43994140625,1381.9599609375,2711210000
2006-11-28,1381.6099853515625,1387.9100341796875,1377.8299560546875,1386.719970703125,2639750000
2006-11-29,1386.1099853515625,1401.1400146484375,1386.1099853515625,1399.47998046875,2790970000
2006-11-30,1399.469970703125,1406.300048828125,1393.8299560546875,1400.6300048828125,4006230000
2006-12-01,1400.6300048828125,1402.4599609375,1385.9300537109375,1396.7099609375,2800980000
2006-12-04,1396.6700439453125,1411.22998046875,1396.6700439453125,1409.1199951171875,2766320000
2006-12-05,1409.0999755859375,1415.27001953125,1408.780029296875,1414.760009765625,2755700000
2006-12-06,1414.4000244140625,1415.9300537109375,1411.050048828125,1412.9000244140625,2725280000
2006-12-07,1412.8599853515625,1418.27001953125,1406.800048828125,1407.2900390625,2743150000
2006-12-08,1407.27001953125,1414.0899658203125,1403.6700439453125,1409.8399658203125,2440460000
2006-12-11,1409.81005859375,1415.5999755859375,1408.56005859375,1413.0400390625,2289900000
2006-12-12,1413.0,1413.780029296875,1404.75,1411.56005859375,2738170000
2006-12-13,1411.3199462890625,1416.6400146484375,1411.050048828125,1413.2099609375,2552260000
2006-12-14,1413.1600341796875,1427.22998046875,1413.1600341796875,1425.489990234375,2729700000
2006-12-15,1425.47998046875,1431.6300048828125,1425.47998046875,1427.0899658203125,3229580000
2006-12-18,1427.0799560546875,1431.81005859375,1420.6500244140625,1422.47998046875,2568140000
2006-12-19,1422.4200439453125,1428.300048828125,1414.8800048828125,1425.550048828125,2717060000
2006-12-20,1425.510009765625,1429.050048828125,1423.510009765625,1423.530029296875,2387630000
2006-12-21,1423.199951171875,1426.4000244140625,1415.9000244140625,1418.300048828125,2322410000
2006-12-22,1418.0999755859375,1418.8199462890625,1410.280029296875,1410.760009765625,1647590000
2006-12-26,1410.75,1417.9100341796875,1410.449951171875,1416.9000244140625,1310310000
2006-12-27,1416.6300048828125,1427.719970703125,1416.6300048828125,1426.8399658203125,1667370000
2006-12-28,1426.77001953125,1427.260009765625,1422.050048828125,1424.72998046875,1508570000
2006-12-29,1424.7099609375,1427.0,1416.8399658203125,1418.300048828125,1678200000
2007-01-03,1418.030029296875,1429.4200439453125,1407.8599853515625,1416.5999755859375,3429160000
2007-01-04,1416.5999755859375,1421.8399658203125,1408.4300537109375,1418.3399658203125,3004460000
2007-01-05,1418.3399658203125,1418.3399658203125,1405.75,1409.7099609375,2919400000
2007-01-08,1409.260009765625,1414.97998046875,1403.969970703125,1412.8399658203125,2763340000
2007-01-09,1412.8399658203125,1415.6099853515625,1405.4200439453125,1412.1099853515625,3038380000
2007-01-10,1408.699951171875,1415.989990234375,1405.3199462890625,1414.8499755859375,2764660000
2007-01-11,1414.8399658203125,1427.1199951171875,1414.8399658203125,1423.8199462890625,2857870000
2007-01-12,1423.8199462890625,1431.22998046875,1422.5799560546875,1430.72998046875,2686480000
2007-01-16,1430.72998046875,1433.9300537109375,1428.6199951171875,1431.9000244140625,2599530000
2007-01-17,1431.77001953125,1435.27001953125,1428.5699462890625,1430.6199951171875,2690270000
2007-01-18,1430.5899658203125,1432.9599609375,1424.2099609375,1426.3699951171875,2822430000
2007-01-19,1426.3499755859375,1431.5699462890625,1425.18994140625,1430.5,2777480000
2007-01-22,1430.469970703125,1431.3900146484375,1420.4000244140625,1422.949951171875,2540120000
2007-01-23,1422.949951171875,1431.3299560546875,1421.6600341796875,1427.989990234375,2975070000
2007-01-24,1427.9599609375,1440.1400146484375,1427.9599609375,1440.1300048828125,2783180000
2007-01-25,1440.1199951171875,1440.68994140625,1422.3399658203125,1423.9000244140625,2994330000
2007-01-26,1423.9000244140625,1427.27001953125,1416.9599609375,1422.1800537109375,2626620000
2007-01-29,1422.030029296875,1426.93994140625,1418.4599609375,1420.6199951171875,2730480000
2007-01-30,1420.6099853515625,1428.8199462890625,1420.6099853515625,1428.8199462890625,2706250000
2007-01-31,1428.6500244140625,1441.6099853515625,1424.780029296875,1438.239990234375,2976690000
2007-02-01,1437.9000244140625,1446.6400146484375,1437.9000244140625,1445.93994140625,2914890000
2007-02-02,1445.93994140625,1449.3299560546875,1444.489990234375,1448.3900146484375,2569450000
2007-02-05,1448.3299560546875,1449.3800048828125,1443.8499755859375,1446.989990234375,2439430000
2007-02-06,1446.97998046875,1450.18994140625,1443.4000244140625,1448.0,2608710000
2007-02-07,1447.4100341796875,1452.989990234375,1446.43994140625,1450.02001953125,2618820000
2007-02-08,1449.989990234375,1450.449951171875,1442.81005859375,1448.31005859375,2816180000
2007-02-09,1448.25,1452.449951171875,1433.43994140625,1438.06005859375,2951810000
2007-02-12,1438.0,1439.1099853515625,1431.43994140625,1433.3699951171875,2395680000
2007-02-13,1433.219970703125,1444.4100341796875,1433.219970703125,1444.260009765625,2652150000
2007-02-14,1443.9100341796875,1457.6500244140625,1443.9100341796875,1455.300048828125,2699290000
2007-02-15,1455.1500244140625,1457.969970703125,1453.18994140625,1456.81005859375,2490920000
2007-02-16,1456.77001953125,1456.77001953125,1451.5699462890625,1455.5400390625,2399450000
2007-02-20,1455.530029296875,1460.530029296875,1449.199951171875,1459.6800537109375,2337860000
2007-02-21,1459.5999755859375,1459.5999755859375,1452.02001953125,1457.6300048828125,2606980000
2007-02-22,1457.2900390625,1461.5699462890625,1450.510009765625,1456.3800048828125,1950770000
2007-02-23,1456.219970703125,1456.219970703125,1448.3599853515625,1451.18994140625,2579950000
2007-02-26,1451.0400390625,1456.949951171875,1445.47998046875,1449.3699951171875,2822170000
2007-02-27,1449.25,1449.25,1389.4200439453125,1399.0400390625,4065230000
2007-02-28,1398.6400146484375,1415.8900146484375,1396.6500244140625,1406.8199462890625,3925250000
2007-03-01,1406.800048828125,1409.4599609375,1380.8699951171875,1403.1700439453125,3874910000
2007-03-02,1403.1600341796875,1403.4000244140625,1386.8699951171875,1387.1700439453125,3312260000
2007-03-05,1387.1099853515625,1391.8599853515625,1373.969970703125,1374.1199951171875,3480520000
2007-03-06,1374.06005859375,1397.9000244140625,1374.06005859375,1395.4100341796875,3358160000
2007-03-07,1395.02001953125,1401.1600341796875,1390.6400146484375,1391.969970703125,3141350000
2007-03-08,1391.8800048828125,1407.9300537109375,1391.8800048828125,1401.8900146484375,3014850000
2007-03-09,1401.8900146484375,1410.1500244140625,1397.300048828125,1402.8399658203125,2623050000
2007-03-12,1402.800048828125,1409.3399658203125,1398.4000244140625,1406.5999755859375,2664000000
2007-03-13,1406.22998046875,1406.22998046875,1377.7099609375,1377.949951171875,3485570000
2007-03-14,1377.8599853515625,1388.0899658203125,1363.97998046875,1387.1700439453125,3758350000
2007-03-15,1387.1099853515625,1395.72998046875,1385.1600341796875,1392.280029296875,2821900000
2007-03-16,1392.280029296875,1397.510009765625,1383.6300048828125,1386.949951171875,3393640000
2007-03-19,1386.949951171875,1403.199951171875,1386.949951171875,1402.06005859375,2777180000
2007-03-20,1402.0400390625,1411.530029296875,1400.699951171875,1410.93994140625,2795940000
2007-03-21,1410.9200439453125,1437.77001953125,1409.75,1435.0400390625,3184770000
2007-03-22,1435.0400390625,1437.6600341796875,1429.8800048828125,1434.5400390625,3129970000
2007-03-23,1434.5400390625,1438.8900146484375,1433.2099609375,1436.1099853515625,2619020000
2007-03-26,1436.1099853515625,1437.6500244140625,1423.280029296875,1437.5,2754660000
2007-03-27,1437.489990234375,1437.489990234375,1425.5400390625,1428.6099853515625,2673040000
2007-03-28,1428.3499755859375,1428.3499755859375,1414.0699462890625,1417.22998046875,3000440000
2007-03-29,1417.1700439453125,1426.239990234375,1413.27001953125,1422.530029296875,2854710000
2007-03-30,1422.52001953125,1429.219970703125,1408.9000244140625,1420.8599853515625,2903960000
2007-04-02,1420.8299560546875,1425.489990234375,1416.3699951171875,1424.550048828125,2875880000
2007-04-03,1424.27001953125,1440.5699462890625,1424.27001953125,1437.77001953125,2921760000
2007-04-04,1437.75,1440.1600341796875,1435.0799560546875,1439.3699951171875,2616320000
2007-04-05,1438.93994140625,1444.8800048828125,1436.6700439453125,1443.760009765625,2357230000
2007-04-09,1443.77001953125,1448.0999755859375,1443.280029296875,1444.6099853515625,2349410000
2007-04-10,1444.5799560546875,1448.72998046875,1443.989990234375,1448.3900146484375,2510110000
2007-04-11,1448.22998046875,1448.3900146484375,1436.1500244140625,1438.8699951171875,2950190000
2007-04-12,1438.8699951171875,1448.02001953125,1433.9100341796875,1447.800048828125,2770570000
2007-04-13,1447.800048828125,1453.1099853515625,1444.1500244140625,1452.8499755859375,2690020000
2007-04-16,1452.8399658203125,1468.6199951171875,1452.8399658203125,1468.3299560546875,2870140000
2007-04-17,1468.469970703125,1474.3499755859375,1467.1500244140625,1471.47998046875,2920570000
2007-04-18,1471.469970703125,1476.5699462890625,1466.4100341796875,1472.5,2971330000
2007-04-19,1472.47998046875,1474.22998046875,1464.469970703125,1470.72998046875,2913610000
2007-04-20,1470.68994140625,1484.739990234375,1470.68994140625,1484.3499755859375,3329940000
2007-04-23,1484.3299560546875,1487.3199462890625,1480.18994140625,1480.9300537109375,2575020000
2007-04-24,1480.9300537109375,1483.8199462890625,1473.739990234375,1480.4100341796875,3119750000
2007-04-25,1480.280029296875,1496.5899658203125,1480.280029296875,1495.4200439453125,3252590000
2007-04-26,1495.27001953125,1498.02001953125,1491.1700439453125,1494.25,3211800000
2007-04-27,1494.2099609375,1497.3199462890625,1488.6700439453125,1494.0699462890625,2732810000
2007-04-30,1494.0699462890625,1497.1600341796875,1482.2900390625,1482.3699951171875,3093420000
2007-05-01,1482.3699951171875,1487.27001953125,1476.699951171875,1486.300048828125,3400350000
2007-05-02,1486.1300048828125,1499.0999755859375,1486.1300048828125,1495.9200439453125,3189800000
2007-05-03,1495.56005859375,1503.3399658203125,1495.56005859375,1502.3900146484375,3007970000
2007-05-04,1502.3499755859375,1510.3399658203125,1501.800048828125,1505.6199951171875,2761930000
2007-05-07,1505.5699462890625,1511.0,1505.5400390625,1509.47998046875,2545090000
2007-05-08,1509.3599853515625,1509.3599853515625,1500.6600341796875,1507.719970703125,2795720000
2007-05-09,1507.3199462890625,1513.800048828125,1503.77001953125,1512.5799560546875,2935550000
2007-05-10,1512.3299560546875,1512.3299560546875,1491.4200439453125,1491.469970703125,3031240000
2007-05-11,1491.469970703125,1506.239990234375,1491.469970703125,1505.8499755859375,2720780000
2007-05-14,1505.760009765625,1510.9000244140625,1498.3399658203125,1503.1500244140625,2776130000
2007-05-15,1503.1099853515625,1514.8299560546875,1500.4300537109375,1501.18994140625,3071020000
2007-05-16,1500.75,1514.1500244140625,1500.75,1514.1400146484375,2915350000
2007-05-17,1514.010009765625,1517.1400146484375,1509.2900390625,1512.75,2868640000
2007-05-18,1512.739990234375,1522.75,1512.739990234375,1522.75,2959050000
2007-05-21,1522.75,1529.8699951171875,1522.7099609375,1525.0999755859375,3465360000
2007-05-22,1525.0999755859375,1529.239990234375,1522.050048828125,1524.1199951171875,2860500000
2007-05-23,1524.0899658203125,1532.4300537109375,1521.9000244140625,1522.280029296875,3084260000
2007-05-24,1522.0999755859375,1529.31005859375,1505.1800537109375,1507.510009765625,3365530000
2007-05-25,1507.5,1517.4100341796875,1507.5,1515.72998046875,2316250000
2007-05-29,1515.550048828125,1521.800048828125,1512.02001953125,1518.1099853515625,2571790000
2007-05-30,1517.5999755859375,1530.22998046875,1510.06005859375,1530.22998046875,2980210000
2007-05-31,1530.18994140625,1535.56005859375,1528.260009765625,1530.6199951171875,3335530000
2007-06-01,1530.6199951171875,1540.56005859375,1530.6199951171875,1536.3399658203125,2927020000
2007-06-04,1536.280029296875,1540.530029296875,1532.31005859375,1539.1800537109375,2738930000
2007-06-05,1539.1199951171875,1539.1199951171875,1525.6199951171875,1530.949951171875,2939450000
2007-06-06,1530.5699462890625,1530.5699462890625,1514.1300048828125,1517.3800048828125,2964190000
2007-06-07,1517.3599853515625,1517.3599853515625,1490.3699951171875,1490.719970703125,3538470000
2007-06-08,1490.7099609375,1507.760009765625,1487.4100341796875,1507.6700439453125,2993460000
2007-06-11,1507.6400146484375,1515.530029296875,1503.3499755859375,1509.1199951171875,2525280000
2007-06-12,1509.1199951171875,1511.3299560546875,1492.969970703125,1493.0,3056200000
2007-06-13,1492.6500244140625,1515.699951171875,1492.6500244140625,1515.6700439453125,3077930000
2007-06-14,1515.5799560546875,1526.449951171875,1515.5799560546875,1522.969970703125,2813630000
2007-06-15,1522.969970703125,1538.7099609375,1522.969970703125,1532.9100341796875,3406030000
2007-06-18,1532.9000244140625,1535.43994140625,1529.31005859375,1531.050048828125,2480240000
2007-06-19,1531.02001953125,1535.8499755859375,1525.6700439453125,1533.699951171875,2873590000
2007-06-20,1533.6800537109375,1537.3199462890625,1512.3599853515625,1512.8399658203125,3286900000
2007-06-21,1512.5,1522.9000244140625,1504.75,1522.18994140625,3161110000
2007-06-22,1522.18994140625,1522.18994140625,1500.739990234375,1502.56005859375,4284320000
2007-06-25,1502.56005859375,1514.2900390625,1492.6800537109375,1497.739990234375,3287250000
2007-06-26,1497.6800537109375,1506.1199951171875,1490.5400390625,1492.8900146484375,3398530000
2007-06-27,1492.6199951171875,1506.800048828125,1484.1800537109375,1506.3399658203125,3398150000
2007-06-28,1506.3199462890625,1514.8399658203125,1503.4100341796875,1505.7099609375,3006710000
2007-06-29,1505.699951171875,1517.530029296875,1493.6099853515625,1503.3499755859375,3165410000
2007-07-02,1504.6600341796875,1519.449951171875,1504.6600341796875,1519.4300537109375,2648990000
2007-07-03,1519.1199951171875,1526.010009765625,1519.1199951171875,1524.8699951171875,1560790000
2007-07-05,1524.8599853515625,1526.5699462890625,1517.719970703125,1525.4000244140625,2622950000
2007-07-06,1524.9599609375,1532.4000244140625,1520.469970703125,1530.43994140625,2441520000
2007-07-09,1530.4300537109375,1534.260009765625,1527.449951171875,1531.8499755859375,2715330000
2007-07-10,1531.8499755859375,1531.8499755859375,1510.010009765625,1510.1199951171875,3244280000
2007-07-11,1509.9300537109375,1519.3399658203125,1506.0999755859375,1518.760009765625,3082920000
2007-07-12,1518.739990234375,1547.9200439453125,1518.739990234375,1547.699951171875,3489600000
2007-07-13,1547.6800537109375,1555.0999755859375,1544.8499755859375,1552.5,2801120000
2007-07-16,1552.5,1555.9000244140625,1546.68994140625,1549.52001953125,2704110000
2007-07-17,1549.52001953125,1555.3199462890625,1547.739990234375,1549.3699951171875,3007140000
2007-07-18,1549.199951171875,1549.199951171875,1533.6700439453125,1546.1700439453125,3609220000
2007-07-19,1546.1300048828125,1555.199951171875,1546.1300048828125,1553.0799560546875,3251450000
2007-07-20,1553.18994140625,1553.18994140625,1529.199951171875,1534.0999755859375,3745780000
2007-07-23,1534.06005859375,1547.22998046875,1534.06005859375,1541.5699462890625,3102700000
2007-07-24,1541.5699462890625,1541.5699462890625,1508.6199951171875,1511.0400390625,4115830000
2007-07-25,1511.030029296875,1524.31005859375,1503.72998046875,1518.0899658203125,4283200000
2007-07-26,1518.0899658203125,1518.0899658203125,1465.300048828125,1482.6600341796875,4472550000
2007-07-27,1482.43994140625,1488.530029296875,1458.949951171875,1458.949951171875,4784650000
2007-07-30,1458.9300537109375,1477.8800048828125,1454.3199462890625,1473.9100341796875,4128780000
2007-07-31,1473.9000244140625,1488.300048828125,1454.25,1455.27001953125,4524520000
2007-08-01,1455.1800537109375,1468.3800048828125,1439.5899658203125,1465.81005859375,5256780000
2007-08-02,1465.4599609375,1476.4300537109375,1460.5799560546875,1472.199951171875,4368850000
2007-08-03,1472.1800537109375,1473.22998046875,1432.800048828125,1433.06005859375,4272110000
2007-08-06,1433.0400390625,1467.6700439453125,1427.3900146484375,1467.6700439453125,5067200000
2007-08-07,1467.6199951171875,1488.300048828125,1455.800048828125,1476.7099609375,4909390000
2007-08-08,1476.219970703125,1503.8900146484375,1476.219970703125,1497.489990234375,5499560000
2007-08-09,1497.2099609375,1497.2099609375,1453.0899658203125,1453.0899658203125,5889600000
2007-08-10,1453.0899658203125,1462.02001953125,1429.739990234375,1453.6400146484375,5345780000
2007-08-13,1453.4200439453125,1466.2900390625,1451.5400390625,1452.9200439453125,3696280000
2007-08-14,1452.8699951171875,1456.739990234375,1426.199951171875,1426.5400390625,3814630000
2007-08-15,1426.1500244140625,1440.780029296875,1404.3599853515625,1406.699951171875,4290930000
2007-08-16,1406.6400146484375,1415.969970703125,1370.5999755859375,1411.27001953125,6509300000
2007-08-17,1411.260009765625,1450.3299560546875,1411.260009765625,1445.93994140625,3570040000
2007-08-20,1445.93994140625,1451.75,1430.5400390625,1445.550048828125,3321340000
2007-08-21,1445.550048828125,1455.3199462890625,1439.760009765625,1447.1199951171875,3012150000
2007-08-22,1447.030029296875,1464.8599853515625,1447.030029296875,1464.0699462890625,3309120000
2007-08-23,1464.050048828125,1472.06005859375,1453.8800048828125,1462.5,3084390000
2007-08-24,1462.3399658203125,1479.4000244140625,1460.5400390625,1479.3699951171875,2541400000
2007-08-27,1479.3599853515625,1479.3599853515625,1465.97998046875,1466.7900390625,2406180000
2007-08-28,1466.719970703125,1466.719970703125,1432.010009765625,1432.3599853515625,3078090000
2007-08-29,1432.010009765625,1463.760009765625,1432.010009765625,1463.760009765625,2824070000
2007-08-30,1463.6700439453125,1468.4300537109375,1451.25,1457.6400146484375,2582960000
2007-08-31,1457.6099853515625,1481.469970703125,1457.6099853515625,1473.989990234375,2731610000
2007-09-04,1473.9599609375,1496.4000244140625,1472.1500244140625,1489.4200439453125,2766600000
2007-09-05,1488.760009765625,1488.760009765625,1466.3399658203125,1472.2900390625,2991600000
2007-09-06,1472.030029296875,1481.489990234375,1467.4100341796875,1478.550048828125,2459590000
2007-09-07,1478.550048828125,1478.550048828125,1449.0699462890625,1453.550048828125,3191080000
2007-09-10,1453.5,1462.25,1439.2900390625,1451.699951171875,2835720000
2007-09-11,1451.68994140625,1472.47998046875,1451.68994140625,1471.489990234375,3015330000
2007-09-12,1471.0999755859375,1479.5,1465.75,1471.56005859375,2885720000
2007-09-13,1471.469970703125,1489.5799560546875,1471.469970703125,1483.949951171875,2877080000
2007-09-14,1483.949951171875,1485.989990234375,1473.1800537109375,1484.25,2641740000
2007-09-17,1484.239990234375,1484.239990234375,1471.8199462890625,1476.6500244140625,2598390000
2007-09-18,1476.6300048828125,1519.8900146484375,1476.6300048828125,1519.780029296875,3708940000
2007-09-19,1519.75,1538.739990234375,1519.75,1529.030029296875,3846750000
2007-09-20,1528.68994140625,1529.1400146484375,1516.4200439453125,1518.75,2957700000
2007-09-21,1518.75,1530.8900146484375,1518.75,1525.75,3679460000
2007-09-24,1525.75,1530.1800537109375,1516.1500244140625,1517.72998046875,3131310000
2007-09-25,1516.3399658203125,1518.27001953125,1507.1300048828125,1517.2099609375,3187770000
2007-09-26,1518.6199951171875,1529.3900146484375,1518.6199951171875,1525.4200439453125,3237390000
2007-09-27,1527.3199462890625,1532.4599609375,1525.81005859375,1531.3800048828125,2872180000
2007-09-28,1531.239990234375,1533.739990234375,1521.989990234375,1526.75,2925350000
2007-10-01,1527.2900390625,1549.02001953125,1527.25,1547.0400390625,3281990000
2007-10-02,1546.9599609375,1548.010009765625,1540.3699951171875,1546.6300048828125,3101910000
2007-10-03,1545.800048828125,1545.8399658203125,1536.3399658203125,1539.5899658203125,3065320000
2007-10-04,1539.9100341796875,1544.02001953125,1537.6300048828125,1542.8399658203125,2690430000
2007-10-05,1543.8399658203125,1561.9100341796875,1543.8399658203125,1557.5899658203125,2919030000
2007-10-08,1556.510009765625,1556.510009765625,1549.0,1552.5799560546875,2040650000
2007-10-09,1553.1800537109375,1565.260009765625,1551.8199462890625,1565.1500244140625,2932040000
2007-10-10,1564.97998046875,1565.4200439453125,1555.4599609375,1562.469970703125,3044760000
2007-10-11,1564.719970703125,1576.0899658203125,1546.719970703125,1554.4100341796875,3911260000
2007-10-12,1555.4100341796875,1563.030029296875,1554.0899658203125,1561.800048828125,2788690000
2007-10-15,1562.25,1564.739990234375,1540.81005859375,1548.7099609375,3139290000
2007-10-16,1547.81005859375,1547.81005859375,1536.2900390625,1538.530029296875,3234560000
2007-10-17,1544.43994140625,1550.6600341796875,1526.010009765625,1541.239990234375,3638070000
2007-10-18,1539.2900390625,1542.7900390625,1531.760009765625,1540.0799560546875,3203210000
2007-10-19,1540.0,1540.0,1500.260009765625,1500.6300048828125,4160970000
2007-10-22,1497.7900390625,1508.06005859375,1490.4000244140625,1506.3299560546875,3471830000
2007-10-23,1509.300048828125,1520.010009765625,1503.6099853515625,1519.5899658203125,3309120000
2007-10-24,1516.6099853515625,1517.22998046875,1489.56005859375,1515.8800048828125,4003300000
2007-10-25,1516.1500244140625,1523.239990234375,1500.4599609375,1514.4000244140625,4183960000
2007-10-26,1522.1700439453125,1535.530029296875,1520.1800537109375,1535.280029296875,3612120000
2007-10-29,1536.9200439453125,1544.6700439453125,1536.4300537109375,1540.97998046875,3124480000
2007-10-30,1539.4200439453125,1539.4200439453125,1529.550048828125,1531.02001953125,3212520000
2007-10-31,1532.1500244140625,1552.760009765625,1529.4000244140625,1549.3800048828125,3953070000
2007-11-01,1545.7900390625,1545.7900390625,1506.6600341796875,1508.43994140625,4241470000
2007-11-02,1511.0699462890625,1513.1500244140625,1492.530029296875,1509.6500244140625,4285990000
2007-11-05,1505.6099853515625,1510.8399658203125,1489.949951171875,1502.1700439453125,3819330000
2007-11-06,1505.3299560546875,1520.77001953125,1499.0699462890625,1520.27001953125,3879160000
2007-11-07,1515.4599609375,1515.4599609375,1475.0400390625,1475.6199951171875,4353160000
2007-11-08,1475.27001953125,1482.5,1450.31005859375,1474.77001953125,5439720000
2007-11-09,1467.5899658203125,1474.0899658203125,1448.510009765625,1453.699951171875,4587050000
2007-11-12,1453.6600341796875,1464.93994140625,1438.530029296875,1439.1800537109375,4192520000
2007-11-13,1441.3499755859375,1481.3699951171875,1441.3499755859375,1481.050048828125,4141310000
2007-11-14,1483.4000244140625,1492.1400146484375,1466.469970703125,1470.5799560546875,4031470000
2007-11-15,1468.0400390625,1472.6700439453125,1443.489990234375,1451.1500244140625,3941010000
2007-11-16,1453.0899658203125,1462.1800537109375,1443.989990234375,1458.739990234375,4168870000
2007-11-19,1456.699951171875,1456.699951171875,1430.4200439453125,1433.27001953125,4119650000
2007-11-20,1434.510009765625,1452.6400146484375,1419.280029296875,1439.699951171875,4875150000
2007-11-21,1434.7099609375,1436.4000244140625,1415.6400146484375,1416.77001953125,4076230000
2007-11-23,1417.6199951171875,1440.8599853515625,1417.6199951171875,1440.699951171875,1612720000
2007-11-26,1440.739990234375,1446.0899658203125,1406.0999755859375,1407.219970703125,3706470000
2007-11-27,1409.5899658203125,1429.489990234375,1407.4300537109375,1428.22998046875,4320720000
2007-11-28,1432.949951171875,1471.6199951171875,1432.949951171875,1469.02001953125,4508020000
2007-11-29,1467.4100341796875,1473.81005859375,1458.3599853515625,1469.719970703125,3524730000
2007-11-30,1471.8299560546875,1488.93994140625,1470.8900146484375,1481.1400146484375,4422200000
2007-12-03,1479.6300048828125,1481.1600341796875,1470.0799560546875,1472.4200439453125,3323250000
2007-12-04,1471.3399658203125,1471.3399658203125,1460.6600341796875,1462.7900390625,3343620000
2007-12-05,1465.219970703125,1486.0899658203125,1465.219970703125,1485.010009765625,3663660000
2007-12-06,1484.5899658203125,1508.02001953125,1482.18994140625,1507.3399658203125,3568570000
2007-12-07,1508.5999755859375,1510.6300048828125,1502.6600341796875,1504.6600341796875,3177710000
2007-12-10,1505.1099853515625,1518.27001953125,1504.9599609375,1515.9599609375,2911760000
2007-12-11,1516.6800537109375,1523.5699462890625,1475.989990234375,1477.6500244140625,4080180000
2007-12-12,1487.5799560546875,1511.9599609375,1468.22998046875,1486.5899658203125,4482120000
2007-12-13,1483.27001953125,1489.4000244140625,1469.2099609375,1488.4100341796875,3635170000
2007-12-14,1486.18994140625,1486.6700439453125,1467.780029296875,1467.949951171875,3401050000
2007-12-17,1465.050048828125,1465.050048828125,1445.4300537109375,1445.9000244140625,3569030000
2007-12-18,1445.9200439453125,1460.1600341796875,1435.6500244140625,1454.97998046875,3723690000
2007-12-19,1454.699951171875,1464.4200439453125,1445.31005859375,1453.0,3401300000
2007-12-20,1456.4200439453125,1461.530029296875,1447.219970703125,1460.1199951171875,3526890000
2007-12-21,1463.18994140625,1485.4000244140625,1463.18994140625,1484.4599609375,4508590000
2007-12-24,1484.550048828125,1497.6300048828125,1484.550048828125,1496.449951171875,1267420000
2007-12-26,1495.1199951171875,1498.8499755859375,1488.199951171875,1497.6600341796875,2010500000
2007-12-27,1495.050048828125,1495.050048828125,1475.8599853515625,1476.27001953125,2365770000
2007-12-28,1479.8299560546875,1488.010009765625,1471.699951171875,1478.489990234375,2420510000
2007-12-31,1475.25,1475.8299560546875,1465.1300048828125,1468.3599853515625,2440880000
2008-01-02,1467.969970703125,1471.77001953125,1442.0699462890625,1447.1600341796875,3452650000
2008-01-03,1447.550048828125,1456.800048828125,1443.72998046875,1447.1600341796875,3429500000
2008-01-04,1444.010009765625,1444.010009765625,1411.18994140625,1411.6300048828125,4166000000
2008-01-07,1414.0699462890625,1423.8699951171875,1403.449951171875,1416.1800537109375,4221260000
2008-01-08,1415.7099609375,1430.280029296875,1388.300048828125,1390.18994140625,4705390000
2008-01-09,1390.25,1409.18994140625,1378.699951171875,1409.1300048828125,5351030000
2008-01-10,1406.780029296875,1429.0899658203125,1395.31005859375,1420.3299560546875,5170490000
2008-01-11,1419.9100341796875,1419.9100341796875,1394.8299560546875,1401.02001953125,4495840000
2008-01-14,1402.9100341796875,1417.8900146484375,1402.9100341796875,1416.25,3682090000
2008-01-15,1411.8800048828125,1411.8800048828125,1380.5999755859375,1380.949951171875,4601640000
2008-01-16,1377.4100341796875,1391.989990234375,1364.27001953125,1373.199951171875,5440620000
2008-01-17,1374.7900390625,1377.719970703125,1330.6700439453125,1333.25,5303130000
2008-01-18,1333.9000244140625,1350.280029296875,1312.510009765625,1325.18994140625,6004840000
2008-01-22,1312.93994140625,1322.0899658203125,1274.2900390625,1310.5,6544690000
2008-01-23,1310.4100341796875,1339.0899658203125,1270.050048828125,1338.5999755859375,3241680000
2008-01-24,1340.1300048828125,1355.1500244140625,1334.31005859375,1352.0699462890625,5735300000
2008-01-25,1357.3199462890625,1368.56005859375,1327.5,1330.6099853515625,4882250000
2008-01-28,1330.699951171875,1353.969970703125,1322.260009765625,1353.9599609375,4100930000
2008-01-29,1355.93994140625,1364.9300537109375,1350.18994140625,1362.300048828125,4232960000
2008-01-30,1362.219970703125,1385.8599853515625,1352.949951171875,1355.81005859375,4742760000
2008-01-31,1351.97998046875,1385.6199951171875,1334.0799560546875,1378.550048828125,4970290000
2008-02-01,1378.5999755859375,1396.02001953125,1375.9300537109375,1395.4200439453125,4650770000
2008-02-04,1395.3800048828125,1395.3800048828125,1379.68994140625,1380.8199462890625,3495780000
2008-02-05,1380.280029296875,1380.280029296875,1336.6400146484375,1336.6400146484375,4315740000
2008-02-06,1339.47998046875,1351.9599609375,1324.3399658203125,1326.449951171875,4008120000
2008-02-07,1324.010009765625,1347.1600341796875,1316.75,1336.9100341796875,4589160000
2008-02-08,1336.8800048828125,1341.219970703125,1321.06005859375,1331.2900390625,3768490000
2008-02-11,1331.9200439453125,1341.4000244140625,1320.3199462890625,1339.1300048828125,3593140000
2008-02-12,1340.550048828125,1362.0999755859375,1339.3599853515625,1348.8599853515625,4044640000
2008-02-13,1353.1199951171875,1369.22998046875,1350.780029296875,1367.2099609375,3856420000
2008-02-14,1367.3299560546875,1368.1600341796875,1347.31005859375,1348.8599853515625,3644760000
2008-02-15,1347.52001953125,1350.0,1338.1300048828125,1349.989990234375,3583300000
2008-02-19,1355.8599853515625,1367.280029296875,1345.050048828125,1348.780029296875,3613550000
2008-02-20,1348.3900146484375,1363.7099609375,1336.550048828125,1360.030029296875,3870520000
2008-02-21,1362.2099609375,1367.93994140625,1339.3399658203125,1342.530029296875,3696660000
2008-02-22,1344.219970703125,1354.300048828125,1327.0400390625,1353.1099853515625,3572660000
2008-02-25,1352.75,1374.3599853515625,1346.030029296875,1371.800048828125,3866350000
2008-02-26,1371.760009765625,1387.3399658203125,1363.2900390625,1381.2900390625,4096060000
2008-02-27,1378.949951171875,1388.3399658203125,1372.0,1380.02001953125,3904700000
2008-02-28,1378.1600341796875,1378.1600341796875,1363.1600341796875,1367.6800537109375,3938580000
2008-02-29,1364.0699462890625,1364.0699462890625,1325.4200439453125,1330.6300048828125,4426730000
2008-03-03,1330.449951171875,1335.1300048828125,1320.0400390625,1331.3399658203125,4117570000
2008-03-04,1329.5799560546875,1331.030029296875,1307.3900146484375,1326.75,4757180000
2008-03-05,1327.68994140625,1344.18994140625,1320.219970703125,1333.699951171875,4277710000
2008-03-06,1332.199951171875,1332.199951171875,1303.4200439453125,1304.3399658203125,4323460000
2008-03-07,1301.530029296875,1313.239990234375,1282.4300537109375,1293.3699951171875,4565410000
2008-03-10,1293.1600341796875,1295.010009765625,1272.6600341796875,1273.3699951171875,4261240000
2008-03-11,1274.4000244140625,1320.6500244140625,1274.4000244140625,1320.6500244140625,5109080000
2008-03-12,1321.1300048828125,1333.260009765625,1307.8599853515625,1308.77001953125,4414280000
2008-03-13,1305.260009765625,1321.6800537109375,1282.1099853515625,1315.47998046875,5073360000
2008-03-14,1316.050048828125,1321.469970703125,1274.8599853515625,1288.1400146484375,5153780000
2008-03-17,1283.2099609375,1287.5,1256.97998046875,1276.5999755859375,5683010000
2008-03-18,1277.1600341796875,1330.739990234375,1277.1600341796875,1330.739990234375,5335630000
2008-03-19,1330.969970703125,1341.510009765625,1298.4200439453125,1298.4200439453125,5358550000
2008-03-20,1299.6700439453125,1330.6700439453125,1295.219970703125,1329.510009765625,6145220000
2008-03-24,1330.2900390625,1359.6800537109375,1330.2900390625,1349.8800048828125,4499000000
2008-03-25,1349.0699462890625,1357.469970703125,1341.2099609375,1352.989990234375,4145120000
2008-03-26,1352.449951171875,1352.449951171875,1336.4100341796875,1341.1300048828125,4055670000
2008-03-27,1340.3399658203125,1345.6199951171875,1325.6600341796875,1325.760009765625,4037930000
2008-03-28,1327.02001953125,1334.8699951171875,1312.949951171875,1315.219970703125,3686980000
2008-03-31,1315.9200439453125,1328.52001953125,1312.81005859375,1322.699951171875,4188990000
2008-04-01,1326.4100341796875,1370.1800537109375,1326.4100341796875,1370.1800537109375,4745120000
2008-04-02,1369.9599609375,1377.949951171875,1361.550048828125,1367.530029296875,4320440000
2008-04-03,1365.68994140625,1375.6600341796875,1358.6800537109375,1369.31005859375,3920100000
2008-04-04,1369.8499755859375,1380.9100341796875,1362.8299560546875,1370.4000244140625,3703100000
2008-04-07,1373.68994140625,1386.739990234375,1369.02001953125,1372.5400390625,3747780000
2008-04-08,1370.1600341796875,1370.1600341796875,1360.6199951171875,1365.5400390625,3602500000
2008-04-09,1365.5,1368.3900146484375,1349.969970703125,1354.489990234375,3556670000
2008-04-10,1355.3699951171875,1367.239990234375,1350.1099853515625,1360.550048828125,3686150000
2008-04-11,1357.97998046875,1357.97998046875,1331.2099609375,1332.8299560546875,3723790000
2008-04-14,1332.199951171875,1335.6400146484375,1326.1600341796875,1328.3199462890625,3565020000
2008-04-15,1331.719970703125,1337.719970703125,1324.3499755859375,1334.4300537109375,3581230000
2008-04-16,1337.02001953125,1365.489990234375,1337.02001953125,1364.7099609375,4260370000
2008-04-17,1363.3699951171875,1368.5999755859375,1357.25,1365.56005859375,3713880000
2008-04-18,1369.0,1395.9000244140625,1369.0,1390.3299560546875,4222380000
2008-04-21,1387.719970703125,1390.22998046875,1379.25,1388.1700439453125,3420570000
2008-04-22,1386.4300537109375,1386.4300537109375,1369.8399658203125,1375.93994140625,3821900000
2008-04-23,1378.4000244140625,1387.8699951171875,1372.239990234375,1379.9300537109375,4103610000
2008-04-24,1380.52001953125,1397.719970703125,1371.0899658203125,1388.8199462890625,4461660000
2008-04-25,1387.8800048828125,1399.1099853515625,1379.97998046875,1397.8399658203125,3891150000
2008-04-28,1397.9599609375,1402.9000244140625,1394.4000244140625,1396.3699951171875,3607000000
2008-04-29,1395.6099853515625,1397.0,1386.699951171875,1390.93994140625,3815320000
2008-04-30,1391.219970703125,1404.5699462890625,1384.25,1385.5899658203125,4508890000
2008-05-01,1385.969970703125,1410.0699462890625,1383.0699462890625,1409.3399658203125,4448780000
2008-05-02,1409.1600341796875,1422.719970703125,1406.25,1413.9000244140625,3953030000
2008-05-05,1415.3399658203125,1415.3399658203125,1404.3699951171875,1407.489990234375,3410090000
2008-05-06,1405.5999755859375,1421.5699462890625,1397.0999755859375,1418.260009765625,3924100000
2008-05-07,1417.489990234375,1419.5400390625,1391.1600341796875,1392.5699462890625,4075860000
2008-05-08,1394.2900390625,1402.3499755859375,1389.3900146484375,1397.6800537109375,3827550000
2008-05-09,1394.9000244140625,1394.9000244140625,1384.1099853515625,1388.280029296875,3518620000
2008-05-12,1389.4000244140625,1404.06005859375,1386.199951171875,1403.5799560546875,3370630000
2008-05-13,1404.4000244140625,1406.300048828125,1396.260009765625,1403.0400390625,4018590000
2008-05-14,1405.6500244140625,1420.18994140625,1405.6500244140625,1408.6600341796875,3979370000
2008-05-15,1408.3599853515625,1424.4000244140625,1406.8699951171875,1423.5699462890625,3836480000
2008-05-16,1423.8900146484375,1425.8199462890625,1414.3499755859375,1425.3499755859375,3842590000
2008-05-19,1425.280029296875,1440.239990234375,1421.6300048828125,1426.6300048828125,3683970000
2008-05-20,1424.489990234375,1424.489990234375,1409.0899658203125,1413.4000244140625,3854320000
2008-05-21,1414.06005859375,1419.1199951171875,1388.81005859375,1390.7099609375,4517990000
2008-05-22,1390.8299560546875,1399.0699462890625,1390.22998046875,1394.3499755859375,3955960000
2008-05-23,1392.199951171875,1392.199951171875,1373.719970703125,1375.9300537109375,3516380000
2008-05-27,1375.969970703125,1387.4000244140625,1373.0699462890625,1385.3499755859375,3588860000
2008-05-28,1386.5400390625,1391.25,1378.1600341796875,1390.8399658203125,3927240000
2008-05-29,1390.5,1406.3199462890625,1388.5899658203125,1398.260009765625,3894440000
2008-05-30,1398.3599853515625,1404.4599609375,1398.0799560546875,1400.3800048828125,3845630000
2008-06-02,1399.6199951171875,1399.6199951171875,1377.7900390625,1385.6700439453125,3714320000
2008-06-03,1386.4200439453125,1393.1199951171875,1370.1199951171875,1377.6500244140625,4396380000
2008-06-04,1376.260009765625,1388.1800537109375,1371.739990234375,1377.199951171875,4338640000
2008-06-05,1377.47998046875,1404.050048828125,1377.47998046875,1404.050048828125,4350790000
2008-06-06,1400.06005859375,1400.06005859375,1359.9000244140625,1360.6800537109375,4771660000
2008-06-09,1360.8299560546875,1370.6300048828125,1350.6199951171875,1361.760009765625,4404570000
2008-06-10,1358.97998046875,1366.8399658203125,1351.56005859375,1358.43994140625,4635070000
2008-06-11,1357.0899658203125,1357.0899658203125,1335.469970703125,1335.489990234375,4779980000
2008-06-12,1335.780029296875,1353.030029296875,1331.2900390625,1339.8699951171875,4734240000
2008-06-13,1341.81005859375,1360.030029296875,1341.7099609375,1360.030029296875,4080420000
2008-06-16,1358.8499755859375,1364.699951171875,1352.0699462890625,1360.1400146484375,3706940000
2008-06-17,1360.7099609375,1366.5899658203125,1350.5400390625,1350.9300537109375,3801960000
2008-06-18,1349.5899658203125,1349.5899658203125,1333.4000244140625,1337.81005859375,4573570000
2008-06-19,1336.8900146484375,1347.6600341796875,1330.5,1342.8299560546875,4811670000
2008-06-20,1341.02001953125,1341.02001953125,1314.4599609375,1317.9300537109375,5324900000
2008-06-23,1319.77001953125,1323.780029296875,1315.31005859375,1318.0,4186370000
2008-06-24,1317.22998046875,1326.02001953125,1304.4200439453125,1314.2900390625,4705050000
2008-06-25,1314.5400390625,1335.6300048828125,1314.5400390625,1321.969970703125,4825640000
2008-06-26,1316.2900390625,1316.2900390625,1283.1500244140625,1283.1500244140625,5231280000
2008-06-27,1283.5999755859375,1289.449951171875,1272.0,1278.3800048828125,6208260000
2008-06-30,1278.06005859375,1290.31005859375,1274.8599853515625,1280.0,5032330000
2008-07-01,1276.68994140625,1285.31005859375,1260.6800537109375,1284.9100341796875,5846290000
2008-07-02,1285.8199462890625,1292.1700439453125,1261.510009765625,1261.52001953125,5276090000
2008-07-03,1262.9599609375,1271.47998046875,1252.010009765625,1262.9000244140625,3247590000
2008-07-07,1262.9000244140625,1273.949951171875,1240.6800537109375,1252.31005859375,5265420000
2008-07-08,1251.8399658203125,1274.1700439453125,1242.8399658203125,1273.699951171875,6034110000
2008-07-09,1273.3800048828125,1277.3599853515625,1244.5699462890625,1244.68994140625,5181000000
2008-07-10,1245.25,1257.6500244140625,1236.760009765625,1253.3900146484375,5840430000
2008-07-11,1248.6600341796875,1257.27001953125,1225.3499755859375,1239.489990234375,6742200000
2008-07-14,1241.6099853515625,1253.5,1225.010009765625,1228.300048828125,5434860000
2008-07-15,1226.8299560546875,1234.3499755859375,1200.43994140625,1214.9100341796875,7363640000
2008-07-16,1214.6500244140625,1245.52001953125,1211.3900146484375,1245.3599853515625,6738630000
2008-07-17,1246.31005859375,1262.31005859375,1241.489990234375,1260.3199462890625,7365210000
2008-07-18,1258.219970703125,1262.22998046875,1251.81005859375,1260.6800537109375,5653280000
2008-07-21,1261.8199462890625,1267.739990234375,1255.699951171875,1260.0,4630640000
2008-07-22,1257.0799560546875,1277.4200439453125,1248.8299560546875,1277.0,6180230000
2008-07-23,1278.8699951171875,1291.1700439453125,1276.06005859375,1282.18994140625,6705830000
2008-07-24,1283.219970703125,1283.219970703125,1251.47998046875,1252.5400390625,6127980000
2008-07-25,1253.510009765625,1263.22998046875,1251.75,1257.760009765625,4672560000
2008-07-28,1257.760009765625,1260.0899658203125,1234.3699951171875,1234.3699951171875,4282960000
2008-07-29,1236.3800048828125,1263.199951171875,1236.3800048828125,1263.199951171875,5414240000
2008-07-30,1264.52001953125,1284.3299560546875,1264.52001953125,1284.260009765625,5631330000
2008-07-31,1281.3699951171875,1284.9300537109375,1265.969970703125,1267.3800048828125,5346050000
2008-08-01,1269.4200439453125,1270.52001953125,1254.5400390625,1260.31005859375,4684870000
2008-08-04,1253.27001953125,1260.489990234375,1247.449951171875,1249.010009765625,4562280000
2008-08-05,1254.8699951171875,1284.8800048828125,1254.6700439453125,1284.8800048828125,1219310000
2008-08-06,1283.989990234375,1291.6700439453125,1276.0,1289.18994140625,4873420000
2008-08-07,1286.510009765625,1286.510009765625,1264.2900390625,1266.0699462890625,5319380000
2008-08-08,1266.2900390625,1297.8499755859375,1262.1099853515625,1296.3199462890625,4966810000
2008-08-11,1294.4200439453125,1313.1500244140625,1291.4100341796875,1305.3199462890625,5067310000
2008-08-12,1304.7900390625,1304.7900390625,1285.6400146484375,1289.5899658203125,4711290000
2008-08-13,1288.6400146484375,1294.030029296875,1274.8599853515625,1285.8299560546875,4787600000
2008-08-14,1282.1099853515625,1300.1099853515625,1276.8399658203125,1292.9300537109375,4064000000
2008-08-15,1293.8499755859375,1302.050048828125,1290.739990234375,1298.199951171875,4041820000
2008-08-18,1298.1400146484375,1300.219970703125,1274.510009765625,1278.5999755859375,3829290000
2008-08-19,1276.6500244140625,1276.6500244140625,1263.1099853515625,1266.68994140625,4159760000
2008-08-20,1267.3399658203125,1276.010009765625,1261.1600341796875,1274.5400390625,4555030000
2008-08-21,1271.0699462890625,1281.4000244140625,1265.219970703125,1277.719970703125,4032590000
2008-08-22,1277.5899658203125,1293.0899658203125,1277.5899658203125,1292.199951171875,3741070000
2008-08-25,1290.469970703125,1290.469970703125,1264.8699951171875,1266.8399658203125,3420600000
2008-08-26,1267.030029296875,1275.6500244140625,1263.2099609375,1271.510009765625,3587570000
2008-08-27,1271.2900390625,1285.050048828125,1270.030029296875,1281.6600341796875,3499610000
2008-08-28,1283.7900390625,1300.6800537109375,1283.7900390625,1300.6800537109375,3854280000
2008-08-29,1296.489990234375,1297.5899658203125,1282.739990234375,1282.8299560546875,3288120000
2008-09-02,1287.8299560546875,1303.0400390625,1272.199951171875,1277.5799560546875,4783560000
2008-09-03,1276.6099853515625,1280.5999755859375,1265.5899658203125,1274.97998046875,5056980000
2008-09-04,1271.800048828125,1271.800048828125,1232.8299560546875,1236.8299560546875,5212500000
2008-09-05,1233.2099609375,1244.93994140625,1217.22998046875,1242.31005859375,5017080000
2008-09-08,1249.5,1274.4200439453125,1247.1199951171875,1267.7900390625,7351340000
2008-09-09,1267.97998046875,1268.6600341796875,1224.510009765625,1224.510009765625,7380630000
2008-09-10,1227.5,1243.9000244140625,1221.5999755859375,1232.0400390625,6543440000
2008-09-11,1229.0400390625,1249.97998046875,1211.5400390625,1249.050048828125,6869250000
2008-09-12,1245.8800048828125,1255.0899658203125,1233.81005859375,1251.699951171875,6273260000
2008-09-15,1250.9200439453125,1250.9200439453125,1192.699951171875,1192.699951171875,8279510000
2008-09-16,1188.31005859375,1214.8399658203125,1169.280029296875,1213.5999755859375,9459830000
2008-09-17,1210.3399658203125,1210.3399658203125,1155.8800048828125,1156.3900146484375,9431870000
2008-09-18,1157.0799560546875,1211.1400146484375,1133.5,1206.510009765625,10082690000
2008-09-19,1213.1099853515625,1265.1199951171875,1213.1099853515625,1255.0799560546875,9387170000
2008-09-22,1255.3699951171875,1255.3699951171875,1205.6099853515625,1207.0899658203125,5368130000
2008-09-23,1207.6099853515625,1221.1500244140625,1187.06005859375,1188.219970703125,5185730000
2008-09-24,1188.7900390625,1197.4100341796875,1179.7900390625,1185.8699951171875,4820360000
2008-09-25,1187.8699951171875,1220.030029296875,1187.8699951171875,1209.1800537109375,5877640000
2008-09-26,1204.469970703125,1215.77001953125,1187.5400390625,1213.27001953125,5383610000
2008-09-29,1209.0699462890625,1209.0699462890625,1106.4200439453125,1106.4200439453125,7305060000
2008-09-30,1113.780029296875,1168.030029296875,1113.780029296875,1166.3599853515625,4937680000
2008-10-01,1164.1700439453125,1167.030029296875,1140.77001953125,1161.06005859375,5782130000
2008-10-02,1160.6400146484375,1160.6400146484375,1111.4300537109375,1114.280029296875,6285640000
2008-10-03,1115.1600341796875,1153.8199462890625,1098.1400146484375,1099.22998046875,6716120000
2008-10-06,1097.56005859375,1097.56005859375,1007.969970703125,1056.8900146484375,7956020000
2008-10-07,1057.5999755859375,1072.9100341796875,996.22998046875,996.22998046875,7069210000
2008-10-08,988.9099731445312,1021.0599975585938,970.969970703125,984.9400024414062,8716330000
2008-10-09,988.4199829101562,1005.25,909.1900024414062,909.9199829101562,6819000000
2008-10-10,902.3099975585938,936.3599853515625,839.7999877929688,899.219970703125,11456230000
2008-10-13,912.75,1006.9299926757812,912.75,1003.3499755859375,7263370000
2008-10-14,1009.969970703125,1044.31005859375,972.0700073242188,998.010009765625,8161990000
2008-10-15,994.5999755859375,994.5999755859375,903.989990234375,907.8400268554688,6542330000
2008-10-16,909.530029296875,947.7100219726562,865.8300170898438,946.4299926757812,7984500000
2008-10-17,942.2899780273438,984.6400146484375,918.739990234375,940.5499877929688,6581780000
2008-10-20,943.510009765625,985.4000244140625,943.510009765625,985.4000244140625,5175640000
2008-10-21,980.4000244140625,985.4400024414062,952.469970703125,955.0499877929688,5121830000
2008-10-22,951.6699829101562,951.6699829101562,875.8099975585938,896.780029296875,6147980000
2008-10-23,899.0800170898438,922.8300170898438,858.4400024414062,908.1099853515625,7189900000
2008-10-24,895.219970703125,896.2999877929688,852.8499755859375,876.77001953125,6550050000
2008-10-27,874.280029296875,893.780029296875,846.75,848.9199829101562,5558050000
2008-10-28,848.9199829101562,940.510009765625,845.27001953125,940.510009765625,7096950000
2008-10-29,939.510009765625,969.969970703125,922.260009765625,930.0900268554688,7077800000
2008-10-30,939.3800048828125,963.22998046875,928.5,954.0900268554688,6175830000
2008-10-31,953.1099853515625,984.3800048828125,944.5900268554688,968.75,6394350000
2008-11-03,968.6699829101562,975.5700073242188,958.8200073242188,966.2999877929688,4492280000
2008-11-04,971.3099975585938,1007.510009765625,971.3099975585938,1005.75,5531290000
2008-11-05,1001.8400268554688,1001.8400268554688,949.8599853515625,952.77001953125,5426640000
2008-11-06,952.4000244140625,952.4000244140625,899.72998046875,904.8800048828125,6102230000
2008-11-07,907.4400024414062,931.4600219726562,906.9000244140625,930.989990234375,4931640000
2008-11-10,936.75,951.9500122070312,907.469970703125,919.2100219726562,4572000000
2008-11-11,917.1500244140625,917.1500244140625,884.9000244140625,898.9500122070312,4998340000
2008-11-12,893.3900146484375,893.3900146484375,850.47998046875,852.2999877929688,5764180000
2008-11-13,853.1300048828125,913.010009765625,818.6900024414062,911.2899780273438,7849120000
2008-11-14,904.3599853515625,916.8800048828125,869.8800048828125,873.2899780273438,5881030000
2008-11-17,873.22998046875,882.2899780273438,848.97998046875,850.75,4927490000
2008-11-18,852.3400268554688,865.9000244140625,826.8400268554688,859.1199951171875,6679470000
2008-11-19,859.030029296875,864.5700073242188,806.1799926757812,806.5800170898438,6548600000
2008-11-20,805.8699951171875,820.52001953125,747.780029296875,752.4400024414062,9093740000
2008-11-21,755.8400268554688,801.2000122070312,741.02001953125,800.030029296875,9495900000
2008-11-24,801.2000122070312,865.5999755859375,801.2000122070312,851.8099975585938,7879440000
2008-11-25,853.4000244140625,868.9400024414062,834.989990234375,857.3900146484375,6952700000
2008-11-26,852.9000244140625,887.6799926757812,841.3699951171875,887.6799926757812,5793260000
2008-11-28,886.8900146484375,896.25,881.2100219726562,896.239990234375,2740860000
2008-12-01,888.6099853515625,888.6099853515625,815.6900024414062,816.2100219726562,6052010000
2008-12-02,817.9400024414062,850.5399780273438,817.9400024414062,848.8099975585938,6170100000
2008-12-03,843.5999755859375,873.1199951171875,827.5999755859375,870.739990234375,6221880000
2008-12-04,869.75,875.5999755859375,833.5999755859375,845.219970703125,5860390000
2008-12-05,844.4299926757812,879.4199829101562,818.4099731445312,876.0700073242188,6165370000
2008-12-08,882.7100219726562,918.5700073242188,882.7100219726562,909.7000122070312,6553600000
2008-12-09,906.47998046875,916.260009765625,885.3800048828125,888.6699829101562,5693110000
2008-12-10,892.1699829101562,908.27001953125,885.4500122070312,899.239990234375,5942130000
2008-12-11,898.3499755859375,904.6300048828125,868.72998046875,873.5900268554688,5513840000
2008-12-12,871.7899780273438,883.239990234375,851.3499755859375,879.72998046875,5959590000
2008-12-15,881.0700073242188,884.6300048828125,857.719970703125,868.5700073242188,4982390000
2008-12-16,871.530029296875,914.6599731445312,871.530029296875,913.1799926757812,6009780000
2008-12-17,908.1599731445312,918.8499755859375,895.9400024414062,904.4199829101562,5907380000
2008-12-18,905.97998046875,911.02001953125,877.4400024414062,885.280029296875,5675000000
2008-12-19,886.9600219726562,905.469970703125,883.02001953125,887.8800048828125,6705310000
2008-12-22,887.2000122070312,887.3699951171875,857.0900268554688,871.6300048828125,4869850000
2008-12-23,874.3099975585938,880.4400024414062,860.0999755859375,863.1599731445312,4051970000
2008-12-24,863.8699951171875,869.7899780273438,861.4400024414062,868.1500244140625,1546550000
2008-12-26,869.510009765625,873.739990234375,866.52001953125,872.7999877929688,1880050000
2008-12-29,872.3699951171875,873.7000122070312,857.0700073242188,869.4199829101562,3323430000
2008-12-30,870.5800170898438,891.1199951171875,870.5800170898438,890.6400146484375,3627800000
2008-12-31,890.5900268554688,910.3200073242188,889.6699829101562,903.25,4172940000
2009-01-02,902.989990234375,934.72998046875,899.3499755859375,931.7999877929688,4048270000
2009-01-05,929.1699829101562,936.6300048828125,919.530029296875,927.4500122070312,5413910000
2009-01-06,931.1699829101562,943.8499755859375,927.280029296875,934.7000122070312,5392620000
2009-01-07,927.4500122070312,927.4500122070312,902.3699951171875,906.6500244140625,4704940000
2009-01-08,905.72998046875,910.0,896.8099975585938,909.72998046875,4991550000
2009-01-09,909.9099731445312,911.9299926757812,888.3099975585938,890.3499755859375,4716500000
2009-01-12,890.4000244140625,890.4000244140625,864.3200073242188,870.260009765625,4725050000
2009-01-13,869.7899780273438,877.02001953125,862.02001953125,871.7899780273438,5567460000
2009-01-14,867.280029296875,867.280029296875,836.9299926757812,842.6199951171875,5407880000
2009-01-15,841.989990234375,851.5900268554688,817.0399780273438,843.739990234375,7807350000
2009-01-16,844.4500122070312,858.1300048828125,830.6599731445312,850.1199951171875,6786040000
2009-01-20,849.6400146484375,849.6400146484375,804.469970703125,805.219970703125,6375230000
2009-01-21,806.77001953125,841.719970703125,804.2999877929688,840.239990234375,6467830000
2009-01-22,839.739990234375,839.739990234375,811.2899780273438,827.5,5843830000
2009-01-23,822.1599731445312,838.6099853515625,806.0700073242188,831.9500122070312,5832160000
2009-01-26,832.5,852.530029296875,827.6900024414062,836.5700073242188,6039940000
2009-01-27,837.2999877929688,850.4500122070312,835.4000244140625,845.7100219726562,5353260000
2009-01-28,845.72998046875,877.8599853515625,845.72998046875,874.0900268554688,6199180000
2009-01-29,868.8900146484375,868.8900146484375,844.1500244140625,845.1400146484375,5067060000
2009-01-30,845.6900024414062,851.6599731445312,821.6699829101562,825.8800048828125,5350580000
2009-02-02,823.0900268554688,830.780029296875,812.8699951171875,825.4400024414062,5673270000
2009-02-03,825.6900024414062,842.5999755859375,821.97998046875,838.510009765625,5886310000
2009-02-04,837.77001953125,851.8499755859375,829.1799926757812,832.22998046875,6420450000
2009-02-05,831.75,850.5499877929688,819.9099731445312,845.8499755859375,6624030000
2009-02-06,846.0900268554688,870.75,845.4199829101562,868.5999755859375,6484100000
2009-02-09,868.239990234375,875.010009765625,861.6500244140625,869.8900146484375,5574370000
2009-02-10,866.8699951171875,868.0499877929688,822.989990234375,827.1599731445312,6770170000
2009-02-11,827.4099731445312,838.219970703125,822.2999877929688,833.739990234375,5926460000
2009-02-12,829.9099731445312,835.47998046875,808.0599975585938,835.1900024414062,6476460000
2009-02-13,833.9500122070312,839.4299926757812,825.2100219726562,826.8400268554688,5296650000
2009-02-17,818.6099853515625,818.6099853515625,789.1699829101562,789.1699829101562,5907820000
2009-02-18,791.0599975585938,796.1699829101562,780.4299926757812,788.4199829101562,5740710000
2009-02-19,787.9099731445312,797.5800170898438,777.030029296875,778.9400024414062,5746940000
2009-02-20,775.8699951171875,778.6900024414062,754.25,770.0499877929688,8210590000
2009-02-23,773.25,777.8499755859375,742.3699951171875,743.3300170898438,6509300000
2009-02-24,744.6900024414062,775.489990234375,744.6900024414062,773.1400146484375,7234490000
2009-02-25,770.6400146484375,780.1199951171875,752.8900146484375,764.9000244140625,7483640000
2009-02-26,765.760009765625,779.4199829101562,751.75,752.8300170898438,7599970000
2009-02-27,749.9299926757812,751.27001953125,734.52001953125,735.0900268554688,8926480000
2009-03-02,729.5700073242188,729.5700073242188,699.7000122070312,700.8200073242188,7868290000
2009-03-03,704.4400024414062,711.6699829101562,692.2999877929688,696.3300170898438,7583230000
2009-03-04,698.5999755859375,724.1199951171875,698.5999755859375,712.8699951171875,7673620000
2009-03-05,708.27001953125,708.27001953125,677.9299926757812,682.5499877929688,7507250000
2009-03-06,684.0399780273438,699.0900268554688,666.7899780273438,683.3800048828125,7331830000
2009-03-09,680.760009765625,695.27001953125,672.8800048828125,676.530029296875,7277320000
2009-03-10,679.280029296875,719.5999755859375,679.280029296875,719.5999755859375,8618330000
2009-03-11,719.5900268554688,731.9199829101562,713.8499755859375,721.3599853515625,7287810000
2009-03-12,720.8900146484375,752.6300048828125,714.760009765625,750.739990234375,7326630000
2009-03-13,751.969970703125,758.2899780273438,742.4600219726562,756.5499877929688,6787090000
2009-03-16,758.8400268554688,774.530029296875,753.3699951171875,753.8900146484375,7883540000
2009-03-17,753.8800048828125,778.1199951171875,749.9299926757812,778.1199951171875,6156800000
2009-03-18,776.010009765625,803.0399780273438,765.6400146484375,794.3499755859375,9098450000
2009-03-19,797.9199829101562,803.239990234375,781.8200073242188,784.0399780273438,9033870000
2009-03-20,784.5800170898438,788.9099731445312,766.2000122070312,768.5399780273438,7643720000
2009-03-23,772.3099975585938,823.3699951171875,772.3099975585938,822.9199829101562,7715770000
2009-03-24,820.5999755859375,823.6500244140625,805.47998046875,806.1199951171875,6767980000
2009-03-25,806.8099975585938,826.780029296875,791.3699951171875,813.8800048828125,7687180000
2009-03-26,814.0599975585938,832.97998046875,814.0599975585938,832.8599853515625,6992960000
2009-03-27,828.6799926757812,828.6799926757812,813.4299926757812,815.9400024414062,5600210000
2009-03-30,809.0700073242188,809.0700073242188,779.8099975585938,787.530029296875,5912660000
2009-03-31,790.8800048828125,810.47998046875,790.8800048828125,797.8699951171875,6089100000
2009-04-01,793.5900268554688,813.6199951171875,783.3200073242188,811.0800170898438,6034140000
2009-04-02,814.530029296875,845.6099853515625,814.530029296875,834.3800048828125,7542810000
2009-04-03,835.1300048828125,842.5,826.7000122070312,842.5,5855640000
2009-04-06,839.75,839.75,822.7899780273438,835.47998046875,6210000000
2009-04-07,834.1199951171875,834.1199951171875,814.530029296875,815.5499877929688,5155580000
2009-04-08,816.760009765625,828.4199829101562,814.8400268554688,825.1599731445312,5938460000
2009-04-09,829.2899780273438,856.9099731445312,829.2899780273438,856.5599975585938,7600710000
2009-04-13,855.3300170898438,864.3099975585938,845.3499755859375,858.72998046875,6434890000
2009-04-14,856.8800048828125,856.8800048828125,840.25,841.5,7569840000
2009-04-15,839.4400024414062,852.9299926757812,835.5800170898438,852.0599975585938,6241100000
2009-04-16,854.5399780273438,870.3499755859375,847.0399780273438,865.2999877929688,6598670000
2009-04-17,865.1799926757812,875.6300048828125,860.8699951171875,869.5999755859375,7352010000
2009-04-20,868.27001953125,868.27001953125,832.3900146484375,832.3900146484375,6973960000
2009-04-21,831.25,850.0900268554688,826.8300170898438,850.0800170898438,7436490000
2009-04-22,847.260009765625,861.780029296875,840.5700073242188,843.5499877929688,7327860000
2009-04-23,844.6199951171875,852.8699951171875,835.4500122070312,851.9199829101562,6563100000
2009-04-24,853.9099731445312,871.7999877929688,853.9099731445312,866.22998046875,7114440000
2009-04-27,862.8200073242188,868.8300170898438,854.6500244140625,857.510009765625,5613460000
2009-04-28,854.47998046875,864.47998046875,847.1199951171875,855.1599731445312,6328000000
2009-04-29,856.8499755859375,882.0599975585938,856.8499755859375,873.6400146484375,6101620000
2009-04-30,876.5900268554688,888.7000122070312,868.510009765625,872.8099975585938,6862540000
2009-05-01,872.739990234375,880.47998046875,866.0999755859375,877.52001953125,5312170000
2009-05-04,879.2100219726562,907.8499755859375,879.2100219726562,907.239990234375,7038840000
2009-05-05,906.0999755859375,907.7000122070312,897.3400268554688,903.7999877929688,6882860000
2009-05-06,903.9500122070312,920.280029296875,903.9500122070312,919.530029296875,8555040000
2009-05-07,919.5800170898438,929.5800170898438,901.3599853515625,907.3900146484375,9120100000
2009-05-08,909.030029296875,930.1699829101562,909.030029296875,929.22998046875,8163280000
2009-05-11,922.989990234375,922.989990234375,908.6799926757812,909.239990234375,6150600000
2009-05-12,910.52001953125,915.5700073242188,896.4600219726562,908.3499755859375,6871750000
2009-05-13,905.4000244140625,905.4000244140625,882.7999877929688,883.9199829101562,7091820000
2009-05-14,884.239990234375,898.3599853515625,882.52001953125,893.0700073242188,6134870000
2009-05-15,892.760009765625,896.969970703125,878.9400024414062,882.8800048828125,5439720000
2009-05-18,886.0700073242188,910.0,886.0700073242188,909.7100219726562,5702150000
2009-05-19,909.6699829101562,916.3900146484375,905.219970703125,908.1300048828125,6616270000
2009-05-20,908.6199951171875,924.5999755859375,901.3699951171875,903.469970703125,8205060000
2009-05-21,900.4199829101562,900.4199829101562,879.6099853515625,888.3300170898438,6019840000
2009-05-22,888.6799926757812,896.6500244140625,883.75,887.0,5155320000
2009-05-26,887.0,911.760009765625,881.4600219726562,910.3300170898438,5667050000
2009-05-27,909.9500122070312,913.8400268554688,891.8699951171875,893.0599975585938,5698800000
2009-05-28,892.9600219726562,909.4500122070312,887.5999755859375,906.8300170898438,5738980000
2009-05-29,907.02001953125,920.02001953125,903.5599975585938,919.1400146484375,6050420000
2009-06-01,923.260009765625,947.77001953125,923.260009765625,942.8699951171875,6370440000
2009-06-02,942.8699951171875,949.3800048828125,938.4600219726562,944.739990234375,5987340000
2009-06-03,942.510009765625,942.510009765625,923.8499755859375,931.760009765625,5323770000
2009-06-04,932.489990234375,942.469970703125,929.3200073242188,942.4600219726562,5352890000
2009-06-05,945.6699829101562,951.6900024414062,934.1300048828125,940.0900268554688,5277910000
2009-06-08,938.1199951171875,946.3300170898438,926.4400024414062,939.1400146484375,4483430000
2009-06-09,940.3499755859375,946.9199829101562,936.1500244140625,942.4299926757812,4439950000
2009-06-10,942.72998046875,949.77001953125,927.969970703125,939.1500244140625,5379420000
2009-06-11,939.0399780273438,956.22998046875,939.0399780273438,944.8900146484375,5500840000
2009-06-12,943.4400024414062,946.2999877929688,935.6599731445312,946.2100219726562,4528120000
2009-06-15,942.4500122070312,942.4500122070312,919.6500244140625,923.719970703125,4697880000
2009-06-16,925.5999755859375,928.0,911.5999755859375,911.969970703125,4951200000
2009-06-17,911.8900146484375,918.4400024414062,903.780029296875,910.7100219726562,5523650000
2009-06-18,910.8599853515625,921.9299926757812,907.9400024414062,918.3699951171875,4684010000
2009-06-19,919.9600219726562,927.0900268554688,915.7999877929688,921.22998046875,5713390000
2009-06-22,918.1300048828125,918.1300048828125,893.0399780273438,893.0399780273438,4903940000
2009-06-23,893.4600219726562,898.6900024414062,888.8599853515625,895.0999755859375,5071020000
2009-06-24,896.3099975585938,910.8499755859375,896.3099975585938,900.9400024414062,4636720000
2009-06-25,899.4500122070312,921.4199829101562,896.27001953125,920.260009765625,4911240000
2009-06-26,918.8400268554688,922.0,913.030029296875,918.9000244140625,6076660000
2009-06-29,919.8599853515625,927.989990234375,916.1799926757812,927.22998046875,4211760000
2009-06-30,927.1500244140625,930.010009765625,912.8599853515625,919.3200073242188,4627570000
2009-07-01,920.8200073242188,931.9199829101562,920.8200073242188,923.3300170898438,3919400000
2009-07-02,921.239990234375,921.239990234375,896.4199829101562,896.4199829101562,3931000000
2009-07-06,894.27001953125,898.719970703125,886.3599853515625,898.719970703125,4712580000
2009-07-07,898.5999755859375,898.5999755859375,879.9299926757812,881.030029296875,4673300000
2009-07-08,881.9000244140625,886.7999877929688,869.3200073242188,879.5599975585938,5721780000
2009-07-09,881.280029296875,887.8599853515625,878.4500122070312,882.6799926757812,4347170000
2009-07-10,880.030029296875,883.5700073242188,872.8099975585938,879.1300048828125,3912080000
2009-07-13,879.5700073242188,901.0499877929688,875.3200073242188,901.0499877929688,4499440000
2009-07-14,900.77001953125,905.8400268554688,896.5,905.8400268554688,4149030000
2009-07-15,910.1500244140625,933.9500122070312,910.1500244140625,932.6799926757812,5238830000
2009-07-16,930.1699829101562,943.9600219726562,927.4500122070312,940.739990234375,4898640000
2009-07-17,940.5599975585938,941.8900146484375,934.6500244140625,940.3800048828125,5141380000
2009-07-20,942.0700073242188,951.6199951171875,940.989990234375,951.1300048828125,4853150000
2009-07-21,951.969970703125,956.530029296875,943.219970703125,954.5800170898438,5309300000
2009-07-22,953.4000244140625,959.8300170898438,947.75,954.0700073242188,4634100000
2009-07-23,954.0700073242188,979.4199829101562,953.27001953125,976.2899780273438,5761650000
2009-07-24,972.1599731445312,979.7899780273438,965.9500122070312,979.260009765625,4458300000
2009-07-27,978.6300048828125,982.489990234375,972.2899780273438,982.1799926757812,4631290000
2009-07-28,981.47998046875,982.3499755859375,969.3499755859375,979.6199951171875,5490350000
2009-07-29,977.6599731445312,977.760009765625,968.6500244140625,975.1500244140625,5178770000
2009-07-30,976.010009765625,996.6799926757812,976.010009765625,986.75,6035180000
2009-07-31,986.7999877929688,993.1799926757812,982.8499755859375,987.47998046875,5139070000
2009-08-03,990.219970703125,1003.6099853515625,990.219970703125,1002.6300048828125,5603440000
2009-08-04,1001.4099731445312,1007.1199951171875,996.6799926757812,1005.6500244140625,5713700000
2009-08-05,1005.4099731445312,1006.6400146484375,994.3099975585938,1002.719970703125,7242120000
2009-08-06,1004.0599975585938,1008.0,992.489990234375,997.0800170898438,6753380000
2009-08-07,999.8300170898438,1018.0,999.8300170898438,1010.47998046875,6827090000
2009-08-10,1008.8900146484375,1010.1199951171875,1000.989990234375,1007.0999755859375,5406080000
2009-08-11,1005.77001953125,1005.77001953125,992.4000244140625,994.3499755859375,5773160000
2009-08-12,994.0,1012.780029296875,993.3599853515625,1005.8099975585938,5498170000
2009-08-13,1005.8599853515625,1013.1400146484375,1000.8200073242188,1012.72998046875,5250660000
2009-08-14,1012.22998046875,1012.5999755859375,994.5999755859375,1004.0900268554688,4940750000
2009-08-17,998.1799926757812,998.1799926757812,978.510009765625,979.72998046875,4088570000
2009-08-18,980.6199951171875,991.2000122070312,980.6199951171875,989.6699829101562,4198970000
2009-08-19,986.8800048828125,999.6099853515625,980.6199951171875,996.4600219726562,4257000000
2009-08-20,996.4099731445312,1008.9199829101562,996.3900146484375,1007.3699951171875,4893160000
2009-08-21,1009.0599975585938,1027.5899658203125,1009.0599975585938,1026.1300048828125,5885550000
2009-08-24,1026.5899658203125,1035.8199462890625,1022.47998046875,1025.5699462890625,6302450000
2009-08-25,1026.6300048828125,1037.75,1026.2099609375,1028.0,5768740000
2009-08-26,1027.3499755859375,1032.469970703125,1021.5700073242188,1028.1199951171875,5080060000
2009-08-27,1027.81005859375,1033.3299560546875,1016.2000122070312,1030.97998046875,5785880000
2009-08-28,1031.6199951171875,1039.469970703125,1023.1300048828125,1028.9300537109375,5785780000
2009-08-31,1025.2099609375,1025.2099609375,1014.6199951171875,1020.6199951171875,5004560000
2009-09-01,1019.52001953125,1028.449951171875,996.280029296875,998.0399780273438,6862360000
2009-09-02,996.0700073242188,1000.3400268554688,991.969970703125,994.75,5842730000
2009-09-03,996.1199951171875,1003.4299926757812,992.25,1003.239990234375,4624280000
2009-09-04,1003.8400268554688,1016.47998046875,1001.6500244140625,1016.4000244140625,4097370000
2009-09-08,1018.6699829101562,1026.0699462890625,1018.6699829101562,1025.3900146484375,5235160000
2009-09-09,1025.3599853515625,1036.3399658203125,1023.969970703125,1033.3699951171875,5202550000
2009-09-10,1032.989990234375,1044.1400146484375,1028.0400390625,1044.1400146484375,5191380000
2009-09-11,1043.9200439453125,1048.1800537109375,1038.4000244140625,1042.72998046875,4922600000
2009-09-14,1040.1500244140625,1049.739990234375,1035.0,1049.3399658203125,4979610000
2009-09-15,1049.030029296875,1056.0400390625,1043.4200439453125,1052.6300048828125,6185620000
2009-09-16,1053.989990234375,1068.760009765625,1052.8699951171875,1068.760009765625,6793530000
2009-09-17,1067.8699951171875,1074.77001953125,1061.199951171875,1065.489990234375,6668110000
2009-09-18,1066.5999755859375,1071.52001953125,1064.27001953125,1068.300048828125,5607970000
2009-09-21,1067.1400146484375,1067.280029296875,1057.4599609375,1064.6600341796875,4615280000
2009-09-22,1066.3499755859375,1073.81005859375,1066.3499755859375,1071.6600341796875,5246600000
2009-09-23,1072.68994140625,1080.1500244140625,1060.3900146484375,1060.8699951171875,5531930000
2009-09-24,1062.56005859375,1066.2900390625,1045.8499755859375,1050.780029296875,5505610000
2009-09-25,1049.47998046875,1053.469970703125,1041.1700439453125,1044.3800048828125,4507090000
2009-09-28,1045.3800048828125,1065.1300048828125,1045.3800048828125,1062.97998046875,3726950000
2009-09-29,1063.68994140625,1069.6199951171875,1057.8299560546875,1060.6099853515625,4949900000
2009-09-30,1061.02001953125,1063.4000244140625,1046.469970703125,1057.0799560546875,5998860000
2009-10-01,1054.9100341796875,1054.9100341796875,1029.449951171875,1029.8499755859375,5791450000
2009-10-02,1029.7099609375,1030.5999755859375,1019.9500122070312,1025.2099609375,5583240000
2009-10-05,1026.8699951171875,1042.5799560546875,1025.9200439453125,1040.4599609375,4313310000
2009-10-06,1042.02001953125,1060.550048828125,1042.02001953125,1054.719970703125,5029840000
2009-10-07,1053.6500244140625,1058.02001953125,1050.0999755859375,1057.5799560546875,4238220000
2009-10-08,1060.030029296875,1070.6700439453125,1060.030029296875,1065.47998046875,4988400000
2009-10-09,1065.280029296875,1071.510009765625,1063.0,1071.489990234375,3763780000
2009-10-12,1071.6300048828125,1079.4599609375,1071.6300048828125,1076.18994140625,3710430000
2009-10-13,1074.9599609375,1075.300048828125,1066.7099609375,1073.18994140625,4320480000
2009-10-14,1078.6800537109375,1093.1700439453125,1078.6800537109375,1092.02001953125,5406420000
2009-10-15,1090.3599853515625,1096.56005859375,1086.4100341796875,1096.56005859375,5369780000
2009-10-16,1094.6700439453125,1094.6700439453125,1081.530029296875,1087.6800537109375,4894740000
2009-10-19,1088.219970703125,1100.1700439453125,1086.47998046875,1097.9100341796875,4619240000
2009-10-20,1098.6400146484375,1098.6400146484375,1086.1600341796875,1091.06005859375,5396930000
2009-10-21,1090.3599853515625,1101.3599853515625,1080.77001953125,1081.4000244140625,5616290000
2009-10-22,1080.9599609375,1095.2099609375,1074.31005859375,1092.9100341796875,5192410000
2009-10-23,1095.6199951171875,1095.8299560546875,1075.489990234375,1079.5999755859375,4767460000
2009-10-26,1080.3599853515625,1091.75,1065.22998046875,1066.949951171875,6363380000
2009-10-27,1067.5400390625,1072.47998046875,1060.6199951171875,1063.4100341796875,5337380000
2009-10-28,1061.510009765625,1063.260009765625,1042.18994140625,1042.6300048828125,6600350000
2009-10-29,1043.68994140625,1066.8299560546875,1043.68994140625,1066.1099853515625,5595040000
2009-10-30,1065.4100341796875,1065.4100341796875,1033.3800048828125,1036.18994140625,6512420000
2009-11-02,1036.1800537109375,1052.1800537109375,1029.3800048828125,1042.8800048828125,6202640000
2009-11-03,1040.9200439453125,1046.3599853515625,1033.93994140625,1045.4100341796875,5487500000
2009-11-04,1047.1400146484375,1061.0,1045.1500244140625,1046.5,5635510000
2009-11-05,1047.300048828125,1066.6500244140625,1047.300048828125,1066.6300048828125,4848350000
2009-11-06,1064.949951171875,1071.47998046875,1059.3199462890625,1069.300048828125,4277130000
2009-11-09,1072.31005859375,1093.18994140625,1072.31005859375,1093.0799560546875,4460030000
2009-11-10,1091.8599853515625,1096.4200439453125,1087.4000244140625,1093.010009765625,4394770000
2009-11-11,1096.0400390625,1105.3699951171875,1093.81005859375,1098.510009765625,4286700000
2009-11-12,1098.31005859375,1101.969970703125,1084.9000244140625,1087.239990234375,4160250000
2009-11-13,1087.5899658203125,1097.7900390625,1085.3299560546875,1093.47998046875,3792610000
2009-11-16,1094.1300048828125,1113.68994140625,1094.1300048828125,1109.300048828125,4565850000
2009-11-17,1109.219970703125,1110.52001953125,1102.18994140625,1110.3199462890625,3824070000
2009-11-18,1109.43994140625,1111.0999755859375,1102.699951171875,1109.800048828125,4293340000
2009-11-19,1106.43994140625,1106.43994140625,1088.4000244140625,1094.9000244140625,4178030000
2009-11-20,1094.6600341796875,1094.6600341796875,1086.81005859375,1091.3800048828125,3751230000
2009-11-23,1094.8599853515625,1112.3800048828125,1094.8599853515625,1106.239990234375,3827920000
2009-11-24,1105.8299560546875,1107.56005859375,1097.6300048828125,1105.6500244140625,3700820000
2009-11-25,1106.489990234375,1111.1800537109375,1104.75,1110.6300048828125,3036350000
2009-11-27,1105.469970703125,1105.469970703125,1083.739990234375,1091.489990234375,2362910000
2009-11-30,1091.0699462890625,1097.239990234375,1086.25,1095.6300048828125,3895520000
2009-12-01,1098.8900146484375,1112.280029296875,1098.8900146484375,1108.8599853515625,4249310000
2009-12-02,1109.030029296875,1115.5799560546875,1105.2900390625,1109.239990234375,3941340000
2009-12-03,1110.5899658203125,1117.280029296875,1098.739990234375,1099.9200439453125,4810030000
2009-12-04,1100.4300537109375,1119.1300048828125,1096.52001953125,1105.97998046875,5781140000
2009-12-07,1105.52001953125,1110.719970703125,1100.8299560546875,1103.25,4103360000
2009-12-08,1103.0400390625,1103.0400390625,1088.6099853515625,1091.93994140625,4748030000
2009-12-09,1091.0699462890625,1097.0400390625,1085.8900146484375,1095.949951171875,4115410000
2009-12-10,1098.68994140625,1106.25,1098.68994140625,1102.3499755859375,3996490000
2009-12-11,1103.9599609375,1108.5,1101.3399658203125,1106.4100341796875,3791090000
2009-12-14,1107.8399658203125,1114.760009765625,1107.8399658203125,1114.1099853515625,4548490000
2009-12-15,1114.1099853515625,1114.1099853515625,1105.3499755859375,1107.9300537109375,5045100000
2009-12-16,1108.6099853515625,1116.2099609375,1107.9599609375,1109.1800537109375,4829820000
2009-12-17,1106.3599853515625,1106.3599853515625,1095.8800048828125,1096.0799560546875,7615070000
2009-12-18,1097.8599853515625,1103.739990234375,1093.8800048828125,1102.469970703125,6325890000
2009-12-21,1105.31005859375,1117.6800537109375,1105.31005859375,1114.050048828125,3977340000
2009-12-22,1114.510009765625,1120.27001953125,1114.510009765625,1118.02001953125,3641130000
2009-12-23,1118.8399658203125,1121.5799560546875,1116.0,1120.5899658203125,3166870000
2009-12-24,1121.0799560546875,1126.47998046875,1121.0799560546875,1126.47998046875,1267710000
2009-12-28,1127.530029296875,1130.3800048828125,1123.510009765625,1127.780029296875,2716400000
2009-12-29,1128.550048828125,1130.3800048828125,1126.0799560546875,1126.199951171875,2491020000
2009-12-30,1125.530029296875,1126.4200439453125,1121.93994140625,1126.4200439453125,2277300000
2009-12-31,1126.5999755859375,1127.6400146484375,1114.81005859375,1115.0999755859375,2076990000
2010-01-04,1116.56005859375,1133.8699951171875,1116.56005859375,1132.989990234375,3991400000
2010-01-05,1132.6600341796875,1136.6300048828125,1129.6600341796875,1136.52001953125,2491020000
2010-01-06,1135.7099609375,1139.18994140625,1133.949951171875,1137.1400146484375,4972660000
2010-01-07,1136.27001953125,1142.4599609375,1131.3199462890625,1141.68994140625,5270680000
2010-01-08,1140.52001953125,1145.3900146484375,1136.219970703125,1144.97998046875,4389590000
2010-01-11,1145.9599609375,1149.739990234375,1142.02001953125,1146.97998046875,4255780000
2010-01-12,1143.81005859375,1143.81005859375,1131.77001953125,1136.219970703125,4716160000
2010-01-13,1137.31005859375,1148.4000244140625,1133.1800537109375,1145.6800537109375,4170360000
2010-01-14,1145.6800537109375,1150.4100341796875,1143.800048828125,1148.4599609375,3915200000
2010-01-15,1147.719970703125,1147.77001953125,1131.3900146484375,1136.030029296875,4758730000
2010-01-19,1136.030029296875,1150.449951171875,1135.77001953125,1150.22998046875,4724830000
2010-01-20,1147.949951171875,1147.949951171875,1129.25,1138.0400390625,4810560000
2010-01-21,1138.6800537109375,1141.5799560546875,1114.8399658203125,1116.47998046875,6874290000
2010-01-22,1115.489990234375,1115.489990234375,1090.1800537109375,1091.760009765625,6208650000
2010-01-25,1092.4000244140625,1102.969970703125,1092.4000244140625,1096.780029296875,4481390000
2010-01-26,1095.800048828125,1103.68994140625,1089.8599853515625,1092.1700439453125,4731910000
2010-01-27,1091.93994140625,1099.510009765625,1083.1099853515625,1097.5,5319120000
2010-01-28,1096.9300537109375,1100.219970703125,1078.4599609375,1084.530029296875,5452400000
2010-01-29,1087.6099853515625,1096.449951171875,1071.5899658203125,1073.8699951171875,5412850000
2010-02-01,1073.8900146484375,1089.3800048828125,1073.8900146484375,1089.18994140625,4077610000
2010-02-02,1090.050048828125,1104.72998046875,1087.9599609375,1103.3199462890625,4749540000
2010-02-03,1100.6700439453125,1102.719970703125,1093.969970703125,1097.280029296875,4285450000
2010-02-04,1097.25,1097.25,1062.780029296875,1063.1099853515625,5859690000
2010-02-05,1064.1199951171875,1067.1300048828125,1044.5,1066.18994140625,6438900000
2010-02-08,1065.510009765625,1071.199951171875,1056.510009765625,1056.739990234375,4089820000
2010-02-09,1060.06005859375,1079.280029296875,1060.06005859375,1070.52001953125,5114260000
2010-02-10,1069.6800537109375,1073.6700439453125,1059.3399658203125,1068.1300048828125,4251450000
2010-02-11,1067.0999755859375,1080.0400390625,1060.5899658203125,1078.469970703125,4400870000
2010-02-12,1075.949951171875,1077.81005859375,1062.969970703125,1075.510009765625,4160680000
2010-02-16,1079.1300048828125,1095.6700439453125,1079.1300048828125,1094.8699951171875,4080770000
2010-02-17,1096.1400146484375,1101.030029296875,1094.719970703125,1099.510009765625,4259230000
2010-02-18,1099.030029296875,1108.239990234375,1097.47998046875,1106.75,3878620000
2010-02-19,1105.489990234375,1112.4200439453125,1100.800048828125,1109.1700439453125,3944280000
2010-02-22,1110.0,1112.2900390625,1105.3800048828125,1108.010009765625,3814440000
2010-02-23,1107.489990234375,1108.5799560546875,1092.1800537109375,1094.5999755859375,4521050000
2010-02-24,1095.8900146484375,1106.4200439453125,1095.5,1105.239990234375,4168360000
2010-02-25,1101.239990234375,1103.5,1086.02001953125,1102.93994140625,4521130000
2010-02-26,1103.0999755859375,1107.239990234375,1097.56005859375,1104.489990234375,3945190000
2010-03-01,1105.3599853515625,1116.1099853515625,1105.3599853515625,1115.7099609375,3847640000
2010-03-02,1117.010009765625,1123.4599609375,1116.510009765625,1118.31005859375,4134680000
2010-03-03,1119.3599853515625,1125.6400146484375,1116.5799560546875,1118.7900390625,3951320000
2010-03-04,1119.1199951171875,1123.72998046875,1116.6600341796875,1122.969970703125,3945010000
2010-03-05,1125.1199951171875,1139.3800048828125,1125.1199951171875,1138.699951171875,4133000000
2010-03-08,1138.4000244140625,1141.050048828125,1136.77001953125,1138.5,3774680000
2010-03-09,1137.56005859375,1145.3699951171875,1134.9000244140625,1140.449951171875,5185570000
2010-03-10,1140.219970703125,1148.260009765625,1140.0899658203125,1145.6099853515625,5469120000
2010-03-11,1143.9599609375,1150.239990234375,1138.989990234375,1150.239990234375,4669060000
2010-03-12,1151.7099609375,1153.4100341796875,1146.969970703125,1149.989990234375,4928160000
2010-03-15,1148.530029296875,1150.97998046875,1141.449951171875,1150.510009765625,4164110000
2010-03-16,1150.8299560546875,1160.280029296875,1150.3499755859375,1159.4599609375,4369770000
2010-03-17,1159.93994140625,1169.8399658203125,1159.93994140625,1166.2099609375,4963200000
2010-03-18,1166.1300048828125,1167.77001953125,1161.1600341796875,1165.8299560546875,4234510000
2010-03-19,1166.6800537109375,1169.199951171875,1155.3299560546875,1159.9000244140625,5212410000
2010-03-22,1157.25,1167.8199462890625,1152.8800048828125,1165.81005859375,4261680000
2010-03-23,1166.469970703125,1174.719970703125,1163.8299560546875,1174.1700439453125,4411640000
2010-03-24,1172.699951171875,1173.0400390625,1166.010009765625,1167.719970703125,4705750000
2010-03-25,1170.030029296875,1180.68994140625,1165.0899658203125,1165.72998046875,5668900000
2010-03-26,1167.5799560546875,1173.9300537109375,1161.47998046875,1166.5899658203125,4708420000
2010-03-29,1167.7099609375,1174.8499755859375,1167.7099609375,1173.219970703125,4375580000
2010-03-30,1173.75,1177.8299560546875,1168.9200439453125,1173.27001953125,4085000000
2010-03-31,1171.75,1174.56005859375,1165.77001953125,1169.4300537109375,4484340000
2010-04-01,1171.22998046875,1181.4300537109375,1170.68994140625,1178.0999755859375,4006870000
2010-04-05,1178.7099609375,1187.72998046875,1178.7099609375,1187.43994140625,3881620000
2010-04-06,1186.010009765625,1191.800048828125,1182.77001953125,1189.43994140625,4086180000
2010-04-07,1188.22998046875,1189.5999755859375,1177.25,1182.449951171875,5101430000
2010-04-08,1181.75,1188.550048828125,1175.1199951171875,1186.43994140625,4726970000
2010-04-09,1187.469970703125,1194.6600341796875,1187.1500244140625,1194.3699951171875,4511570000
2010-04-12,1194.93994140625,1199.199951171875,1194.7099609375,1196.47998046875,4607090000
2010-04-13,1195.93994140625,1199.0400390625,1188.8199462890625,1197.300048828125,5403580000
2010-04-14,1198.68994140625,1210.6500244140625,1198.68994140625,1210.6500244140625,5760040000
2010-04-15,1210.77001953125,1213.9200439453125,1208.5,1211.6700439453125,5995330000
2010-04-16,1210.1700439453125,1210.1700439453125,1186.77001953125,1192.1300048828125,8108470000
2010-04-19,1192.06005859375,1197.8699951171875,1183.6800537109375,1197.52001953125,6597740000
2010-04-20,1199.0400390625,1208.5799560546875,1199.0400390625,1207.1700439453125,5316590000
2010-04-21,1207.1600341796875,1210.989990234375,1198.8499755859375,1205.93994140625,5724310000
2010-04-22,1202.52001953125,1210.27001953125,1190.18994140625,1208.6700439453125,6035780000
2010-04-23,1207.8699951171875,1217.280029296875,1205.0999755859375,1217.280029296875,5326060000
2010-04-26,1217.0699462890625,1219.800048828125,1211.0699462890625,1212.050048828125,5647760000
2010-04-27,1209.9200439453125,1211.3800048828125,1181.6199951171875,1183.7099609375,7454540000
2010-04-28,1184.5899658203125,1195.050048828125,1181.81005859375,1191.3599853515625,6342310000
2010-04-29,1193.300048828125,1209.3599853515625,1193.300048828125,1206.780029296875,6059410000
2010-04-30,1206.77001953125,1207.989990234375,1186.3199462890625,1186.68994140625,6048260000
2010-05-03,1188.5799560546875,1205.1300048828125,1188.5799560546875,1202.260009765625,4938050000
2010-05-04,1197.5,1197.5,1168.1199951171875,1173.5999755859375,6594720000
2010-05-05,1169.239990234375,1175.949951171875,1158.1500244140625,1165.8699951171875,6795940000
2010-05-06,1164.3800048828125,1167.5799560546875,1065.7900390625,1128.1500244140625,10617810000
2010-05-07,1127.0400390625,1135.1300048828125,1094.1500244140625,1110.8800048828125,9472910000
2010-05-10,1122.27001953125,1163.8499755859375,1122.27001953125,1159.72998046875,6893700000
2010-05-11,1156.3900146484375,1170.47998046875,1147.7099609375,1155.7900390625,5842550000
2010-05-12,1155.4300537109375,1172.8699951171875,1155.4300537109375,1171.6700439453125,5225460000
2010-05-13,1170.0400390625,1173.5699462890625,1156.1400146484375,1157.43994140625,4870640000
2010-05-14,1157.18994140625,1157.18994140625,1126.1400146484375,1135.6800537109375,6126400000
2010-05-17,1136.52001953125,1141.8800048828125,1114.9599609375,1136.93994140625,5922920000
2010-05-18,1138.780029296875,1148.6600341796875,1117.199951171875,1120.800048828125,6170840000
2010-05-19,1119.5699462890625,1124.27001953125,1100.6600341796875,1115.050048828125,6765800000
2010-05-20,1107.3399658203125,1107.3399658203125,1071.5799560546875,1071.5899658203125,8328570000
2010-05-21,1067.260009765625,1090.1600341796875,1055.9000244140625,1087.68994140625,5452130000
2010-05-24,1084.780029296875,1089.949951171875,1072.699951171875,1073.6500244140625,5224040000
2010-05-25,1067.4200439453125,1074.75,1040.780029296875,1074.030029296875,7329580000
2010-05-26,1075.510009765625,1090.75,1065.5899658203125,1067.949951171875,4521050000
2010-05-27,1074.27001953125,1103.52001953125,1074.27001953125,1103.06005859375,5698460000
2010-05-28,1102.5899658203125,1102.5899658203125,1084.780029296875,1089.4100341796875,4871210000
2010-06-01,1087.300048828125,1094.77001953125,1069.8900146484375,1070.7099609375,5271480000
2010-06-02,1073.010009765625,1098.56005859375,1072.030029296875,1098.3800048828125,5026360000
2010-06-03,1098.8199462890625,1105.6700439453125,1091.81005859375,1102.8299560546875,4995970000
2010-06-04,1098.4300537109375,1098.4300537109375,1060.5,1064.8800048828125,6180580000
2010-06-07,1065.8399658203125,1071.3599853515625,1049.8599853515625,1050.469970703125,5467560000
2010-06-08,1050.81005859375,1063.1500244140625,1042.1700439453125,1062.0,6192750000
2010-06-09,1062.75,1077.739990234375,1052.25,1055.68994140625,5983200000
2010-06-10,1058.77001953125,1087.8499755859375,1058.77001953125,1086.8399658203125,5144780000
2010-06-11,1082.6500244140625,1092.25,1077.1199951171875,1091.5999755859375,4059280000
2010-06-14,1095.0,1105.9100341796875,1089.030029296875,1089.6300048828125,4425830000
2010-06-15,1091.2099609375,1115.5899658203125,1091.2099609375,1115.22998046875,4644490000
2010-06-16,1114.02001953125,1118.739990234375,1107.1300048828125,1114.6099853515625,5002600000
2010-06-17,1115.97998046875,1117.719970703125,1105.8699951171875,1116.0400390625,4557760000
2010-06-18,1116.1600341796875,1121.010009765625,1113.9300537109375,1117.510009765625,4555360000
2010-06-21,1122.7900390625,1131.22998046875,1108.239990234375,1113.199951171875,4514360000
2010-06-22,1113.9000244140625,1118.5,1094.1800537109375,1095.31005859375,4514380000
2010-06-23,1095.5699462890625,1099.6400146484375,1085.31005859375,1092.0400390625,4526150000
2010-06-24,1090.9300537109375,1090.9300537109375,1071.5999755859375,1073.68994140625,4814830000
2010-06-25,1075.0999755859375,1083.56005859375,1067.8900146484375,1076.760009765625,5128840000
2010-06-28,1077.5,1082.5999755859375,1071.449951171875,1074.5699462890625,3896410000
2010-06-29,1071.0999755859375,1071.0999755859375,1035.1800537109375,1041.239990234375,6136700000
2010-06-30,1040.56005859375,1048.0799560546875,1028.3299560546875,1030.7099609375,5067080000
2010-07-01,1031.0999755859375,1033.5799560546875,1010.9099731445312,1027.3699951171875,6435770000
2010-07-02,1027.6500244140625,1032.949951171875,1015.9299926757812,1022.5800170898438,3968500000
2010-07-06,1028.0899658203125,1042.5,1018.3499755859375,1028.06005859375,4691240000
2010-07-07,1028.5400390625,1060.8900146484375,1028.5400390625,1060.27001953125,4931220000
2010-07-08,1062.9200439453125,1071.25,1058.239990234375,1070.25,4548460000
2010-07-09,1070.5,1078.1600341796875,1068.0999755859375,1077.9599609375,3506570000
2010-07-12,1077.22998046875,1080.780029296875,1070.449951171875,1078.75,3426990000
2010-07-13,1080.6500244140625,1099.4599609375,1080.6500244140625,1095.3399658203125,4640460000
2010-07-14,1095.6099853515625,1099.0799560546875,1087.6800537109375,1095.1700439453125,4521050000
2010-07-15,1094.4599609375,1098.6600341796875,1080.530029296875,1096.47998046875,4552470000
2010-07-16,1093.8499755859375,1093.8499755859375,1063.3199462890625,1064.8800048828125,5297350000
2010-07-19,1066.8499755859375,1074.699951171875,1061.1099853515625,1071.25,4089500000
2010-07-20,1064.530029296875,1083.93994140625,1056.8800048828125,1083.47998046875,4713280000
2010-07-21,1086.6700439453125,1088.9599609375,1065.25,1069.5899658203125,4747180000
2010-07-22,1072.1400146484375,1097.5,1072.1400146484375,1093.6700439453125,4826900000
2010-07-23,1092.1700439453125,1103.72998046875,1087.8800048828125,1102.6600341796875,4524570000
2010-07-26,1102.8900146484375,1115.010009765625,1101.300048828125,1115.010009765625,4009650000
2010-07-27,1117.3599853515625,1120.949951171875,1109.780029296875,1113.8399658203125,4725690000
2010-07-28,1112.8399658203125,1114.6600341796875,1103.1099853515625,1106.1300048828125,4002390000
2010-07-29,1108.0699462890625,1115.9000244140625,1092.8199462890625,1101.530029296875,4612420000
2010-07-30,1098.43994140625,1106.43994140625,1088.010009765625,1101.5999755859375,4006450000
2010-08-02,1107.530029296875,1127.300048828125,1107.530029296875,1125.8599853515625,4144180000
2010-08-03,1125.3399658203125,1125.43994140625,1116.760009765625,1120.4599609375,4071820000
2010-08-04,1121.06005859375,1128.75,1119.4599609375,1127.239990234375,4057850000
2010-08-05,1125.780029296875,1126.56005859375,1118.81005859375,1125.81005859375,3685560000
2010-08-06,1122.0699462890625,1123.06005859375,1107.1700439453125,1121.6400146484375,3857890000
2010-08-09,1122.800048828125,1129.239990234375,1120.9100341796875,1127.7900390625,3979360000
2010-08-10,1122.9200439453125,1127.1600341796875,1111.5799560546875,1121.06005859375,3979360000
2010-08-11,1116.8900146484375,1116.8900146484375,1088.550048828125,1089.469970703125,4511860000
2010-08-12,1081.47998046875,1086.719970703125,1076.68994140625,1083.6099853515625,4521050000
2010-08-13,1082.219970703125,1086.25,1079.0,1079.25,3328890000
2010-08-16,1077.489990234375,1082.6199951171875,1069.489990234375,1079.3800048828125,3142450000
2010-08-17,1081.1600341796875,1100.1400146484375,1081.1600341796875,1092.5400390625,3968210000
2010-08-18,1092.0799560546875,1099.77001953125,1085.760009765625,1094.1600341796875,3724260000
2010-08-19,1092.43994140625,1092.43994140625,1070.6600341796875,1075.6300048828125,4290540000
2010-08-20,1075.6300048828125,1075.6300048828125,1063.9100341796875,1071.68994140625,3761570000
2010-08-23,1073.3599853515625,1081.5799560546875,1067.0799560546875,1067.3599853515625,3210950000
2010-08-24,1063.199951171875,1063.199951171875,1046.6800537109375,1051.8699951171875,4436330000
2010-08-25,1048.97998046875,1059.3800048828125,1039.8299560546875,1055.3299560546875,4360190000
2010-08-26,1056.280029296875,1061.449951171875,1045.4000244140625,1047.219970703125,3646710000
2010-08-27,1049.27001953125,1065.2099609375,1039.699951171875,1064.5899658203125,4102460000
2010-08-30,1062.9000244140625,1064.4000244140625,1048.7900390625,1048.9200439453125,2917990000
2010-08-31,1046.8800048828125,1055.1400146484375,1040.8800048828125,1049.3299560546875,4038770000
2010-09-01,1049.719970703125,1081.300048828125,1049.719970703125,1080.2900390625,4396880000
2010-09-02,1080.6600341796875,1090.0999755859375,1080.3900146484375,1090.0999755859375,3704210000
2010-09-03,1093.6099853515625,1105.0999755859375,1093.6099853515625,1104.510009765625,3534500000
2010-09-07,1102.5999755859375,1102.5999755859375,1091.1500244140625,1091.8399658203125,3107380000
2010-09-08,1092.3599853515625,1103.260009765625,1092.3599853515625,1098.8699951171875,3224640000
2010-09-09,1101.1500244140625,1110.27001953125,1101.1500244140625,1104.1800537109375,3387770000
2010-09-10,1104.5699462890625,1110.8800048828125,1103.9200439453125,1109.550048828125,3061160000
2010-09-13,1113.3800048828125,1123.8699951171875,1113.3800048828125,1121.9000244140625,4521050000
2010-09-14,1121.1600341796875,1127.3599853515625,1115.5799560546875,1121.0999755859375,4521050000
2010-09-15,1119.4300537109375,1126.4599609375,1114.6300048828125,1125.0699462890625,3369840000
2010-09-16,1123.8900146484375,1125.43994140625,1118.8800048828125,1124.6600341796875,3364080000
2010-09-17,1126.3900146484375,1131.469970703125,1122.4300537109375,1125.5899658203125,4086140000
2010-09-20,1126.5699462890625,1144.8599853515625,1126.5699462890625,1142.7099609375,3364080000
2010-09-21,1142.8199462890625,1148.5899658203125,1136.219970703125,1139.780029296875,4175660000
2010-09-22,1139.489990234375,1144.3800048828125,1131.5799560546875,1134.280029296875,3911070000
2010-09-23,1131.0999755859375,1136.77001953125,1122.7900390625,1124.8299560546875,3847850000
2010-09-24,1131.68994140625,1148.9000244140625,1131.68994140625,1148.6700439453125,4123950000
2010-09-27,1148.6400146484375,1149.9200439453125,1142.0,1142.1600341796875,3587860000
2010-09-28,1142.31005859375,1150.0,1132.0899658203125,1147.699951171875,4025840000
2010-09-29,1146.75,1148.6300048828125,1140.260009765625,1144.72998046875,3990280000
2010-09-30,1145.969970703125,1157.1600341796875,1136.0799560546875,1141.199951171875,4284160000
2010-10-01,1143.489990234375,1150.300048828125,1139.4200439453125,1146.239990234375,4298910000
2010-10-04,1144.9599609375,1148.1600341796875,1131.8699951171875,1137.030029296875,3604110000
2010-10-05,1140.6800537109375,1162.760009765625,1140.6800537109375,1160.75,4068840000
2010-10-06,1159.81005859375,1162.3299560546875,1154.8499755859375,1159.969970703125,4073160000
2010-10-07,1161.5699462890625,1163.8699951171875,1151.4100341796875,1158.06005859375,3910550000
2010-10-08,1158.3599853515625,1167.72998046875,1155.5799560546875,1165.1500244140625,3871420000
2010-10-11,1165.3199462890625,1168.6800537109375,1162.02001953125,1165.3199462890625,2505900000
2010-10-12,1164.280029296875,1172.5799560546875,1155.7099609375,1169.77001953125,4076170000
2010-10-13,1171.3199462890625,1184.3800048828125,1171.3199462890625,1178.0999755859375,4969410000
2010-10-14,1177.8199462890625,1178.8900146484375,1166.7099609375,1173.81005859375,4969410000
2010-10-15,1177.469970703125,1181.199951171875,1167.1199951171875,1176.18994140625,5724910000
2010-10-18,1176.8299560546875,1185.530029296875,1174.550048828125,1184.7099609375,4450050000
2010-10-19,1178.6400146484375,1178.6400146484375,1159.7099609375,1165.9000244140625,5600120000
2010-10-20,1166.739990234375,1182.93994140625,1166.739990234375,1178.1700439453125,5027880000
2010-10-21,1179.8199462890625,1189.4300537109375,1171.1700439453125,1180.260009765625,4625470000
2010-10-22,1180.52001953125,1183.9300537109375,1178.989990234375,1183.0799560546875,3177890000
2010-10-25,1184.739990234375,1196.1400146484375,1184.739990234375,1185.6199951171875,4221380000
2010-10-26,1184.8800048828125,1187.1099853515625,1177.719970703125,1185.6400146484375,4203680000
2010-10-27,1183.8399658203125,1183.8399658203125,1171.699951171875,1182.449951171875,4335670000
2010-10-28,1184.469970703125,1189.530029296875,1177.0999755859375,1183.780029296875,4283460000
2010-10-29,1183.8699951171875,1185.4599609375,1179.699951171875,1183.260009765625,3537880000
2010-11-01,1185.7099609375,1195.81005859375,1177.6500244140625,1184.3800048828125,4129180000
2010-11-02,1187.8599853515625,1195.8800048828125,1187.8599853515625,1193.5699462890625,3866200000
2010-11-03,1193.7900390625,1198.300048828125,1183.56005859375,1197.9599609375,4665480000
2010-11-04,1198.3399658203125,1221.25,1198.3399658203125,1221.06005859375,5695470000
2010-11-05,1221.199951171875,1227.0799560546875,1220.2900390625,1225.8499755859375,5637460000
2010-11-08,1223.239990234375,1224.5699462890625,1217.550048828125,1223.25,3937230000
2010-11-09,1223.5899658203125,1226.8399658203125,1208.93994140625,1213.4000244140625,4848040000
2010-11-10,1213.1400146484375,1218.75,1204.3299560546875,1218.7099609375,4561300000
2010-11-11,1213.0400390625,1215.449951171875,1204.489990234375,1213.5400390625,3931120000
2010-11-12,1209.0699462890625,1210.5,1194.0799560546875,1199.2099609375,4213620000
2010-11-15,1200.43994140625,1207.4300537109375,1197.1500244140625,1197.75,3503370000
2010-11-16,1194.7900390625,1194.7900390625,1173.0,1178.3399658203125,5116380000
2010-11-17,1178.3299560546875,1183.56005859375,1175.8199462890625,1178.5899658203125,3904780000
2010-11-18,1183.75,1200.2900390625,1183.75,1196.68994140625,4687260000
2010-11-19,1196.1199951171875,1199.969970703125,1189.43994140625,1199.72998046875,3675390000
2010-11-22,1198.0699462890625,1198.93994140625,1184.5799560546875,1197.8399658203125,3689500000
2010-11-23,1192.510009765625,1192.510009765625,1176.9100341796875,1180.72998046875,4133070000
2010-11-24,1183.699951171875,1198.6199951171875,1183.699951171875,1198.3499755859375,3384250000
2010-11-26,1194.1600341796875,1194.1600341796875,1186.9300537109375,1189.4000244140625,1613820000
2010-11-29,1189.0799560546875,1190.3399658203125,1173.6400146484375,1187.760009765625,3673450000
2010-11-30,1182.9599609375,1187.4000244140625,1174.1400146484375,1180.550048828125,4284700000
2010-12-01,1186.5999755859375,1207.6099853515625,1186.5999755859375,1206.0699462890625,4548110000
2010-12-02,1206.81005859375,1221.8900146484375,1206.81005859375,1221.530029296875,4970800000
2010-12-03,1219.9300537109375,1225.5699462890625,1216.8199462890625,1224.7099609375,3735780000
2010-12-06,1223.8699951171875,1225.800048828125,1220.6700439453125,1223.1199951171875,3527370000
2010-12-07,1227.25,1235.050048828125,1223.25,1223.75,6970630000
2010-12-08,1225.02001953125,1228.9300537109375,1219.5,1228.280029296875,4607590000
2010-12-09,1230.1400146484375,1234.7099609375,1226.8499755859375,1233.0,4522510000
2010-12-10,1233.8499755859375,1240.4000244140625,1232.5799560546875,1240.4000244140625,4547310000
2010-12-13,1242.52001953125,1246.72998046875,1240.3399658203125,1240.4599609375,4361240000
2010-12-14,1241.8399658203125,1246.5899658203125,1238.1700439453125,1241.5899658203125,4132350000
2010-12-15,1241.5799560546875,1244.25,1234.010009765625,1235.22998046875,4407340000
2010-12-16,1236.3399658203125,1243.75,1232.8499755859375,1242.8699951171875,4736820000
2010-12-17,1243.6300048828125,1245.81005859375,1239.8699951171875,1243.9100341796875,4632470000
2010-12-20,1245.760009765625,1250.199951171875,1241.510009765625,1247.0799560546875,3548140000
2010-12-21,1249.4300537109375,1255.8199462890625,1249.4300537109375,1254.5999755859375,3479670000
2010-12-22,1254.93994140625,1259.3900146484375,1254.93994140625,1258.8399658203125,1285590000
2010-12-23,1257.530029296875,1258.5899658203125,1254.050048828125,1256.77001953125,2515020000
2010-12-27,1254.6600341796875,1258.4300537109375,1251.47998046875,1257.5400390625,1992470000
2010-12-28,1259.0999755859375,1259.9000244140625,1256.219970703125,1258.510009765625,2478450000
2010-12-29,1258.780029296875,1262.5999755859375,1258.780029296875,1259.780029296875,2214380000
2010-12-30,1259.43994140625,1261.0899658203125,1256.3199462890625,1257.8800048828125,1970720000
2010-12-31,1256.760009765625,1259.3399658203125,1254.18994140625,1257.6400146484375,1799770000
2011-01-03,1257.6199951171875,1276.1700439453125,1257.6199951171875,1271.8699951171875,4286670000
2011-01-04,1272.949951171875,1274.1199951171875,1262.6600341796875,1270.199951171875,4796420000
2011-01-05,1268.780029296875,1277.6300048828125,1265.3599853515625,1276.56005859375,4764920000
2011-01-06,1276.2900390625,1278.1700439453125,1270.4300537109375,1273.8499755859375,4844100000
2011-01-07,1274.4100341796875,1276.8299560546875,1261.699951171875,1271.5,4963110000
2011-01-10,1270.8399658203125,1271.52001953125,1262.1800537109375,1269.75,4036450000
2011-01-11,1272.5799560546875,1277.25,1269.6199951171875,1274.47998046875,4050750000
2011-01-12,1275.6500244140625,1286.8699951171875,1275.6500244140625,1285.9599609375,4226940000
2011-01-13,1285.780029296875,1286.699951171875,1280.469970703125,1283.760009765625,4310840000
2011-01-14,1282.9000244140625,1293.239990234375,1281.239990234375,1293.239990234375,4661590000
2011-01-18,1293.219970703125,1296.06005859375,1290.1600341796875,1295.02001953125,5284990000
2011-01-19,1294.52001953125,1294.5999755859375,1278.9200439453125,1281.9200439453125,4743710000
2011-01-20,1280.8499755859375,1283.3499755859375,1271.260009765625,1280.260009765625,4935320000
2011-01-21,1283.6300048828125,1291.2099609375,1282.0699462890625,1283.3499755859375,4935320000
2011-01-24,1283.2900390625,1291.9300537109375,1282.469970703125,1290.8399658203125,3902470000
2011-01-25,1288.1700439453125,1291.260009765625,1281.0699462890625,1291.1800537109375,4595380000
2011-01-26,1291.969970703125,1299.739990234375,1291.969970703125,1296.6300048828125,4730980000
2011-01-27,1297.510009765625,1301.2900390625,1294.4100341796875,1299.5400390625,4309190000
2011-01-28,1299.6300048828125,1302.6700439453125,1275.0999755859375,1276.3399658203125,5618630000
2011-01-31,1276.5,1287.1700439453125,1276.5,1286.1199951171875,4167160000
2011-02-01,1289.1400146484375,1308.8599853515625,1289.1400146484375,1307.5899658203125,5164500000
2011-02-02,1305.9100341796875,1307.6099853515625,1302.6199951171875,1304.030029296875,4098260000
2011-02-03,1302.77001953125,1308.5999755859375,1294.8299560546875,1307.0999755859375,4370990000
2011-02-04,1307.010009765625,1311.0,1301.6700439453125,1310.8699951171875,3925950000
2011-02-07,1311.8499755859375,1322.8499755859375,1311.8499755859375,1319.050048828125,3902270000
2011-02-08,1318.760009765625,1324.8699951171875,1316.030029296875,1324.5699462890625,3881530000
2011-02-09,1322.47998046875,1324.5400390625,1314.8900146484375,1320.8800048828125,3922240000
2011-02-10,1318.1300048828125,1322.780029296875,1311.739990234375,1321.8699951171875,4184610000
2011-02-11,1318.6600341796875,1330.7900390625,1316.0799560546875,1329.1500244140625,4219300000
2011-02-14,1328.72998046875,1332.9599609375,1326.9000244140625,1332.3199462890625,3567040000
2011-02-15,1330.4300537109375,1330.4300537109375,1324.6099853515625,1328.010009765625,3926860000
2011-02-16,1329.510009765625,1337.6099853515625,1329.510009765625,1336.3199462890625,1966450000
2011-02-17,1334.3699951171875,1341.5,1331.0,1340.4300537109375,1966450000
2011-02-18,1340.3800048828125,1344.0699462890625,1338.1199951171875,1343.010009765625,1162310000
2011-02-22,1338.9100341796875,1338.9100341796875,1312.3299560546875,1315.43994140625,1322780000
2011-02-23,1315.43994140625,1317.9100341796875,1299.550048828125,1307.4000244140625,1330340000
2011-02-24,1307.0899658203125,1310.9100341796875,1294.260009765625,1306.0999755859375,1222900000
2011-02-25,1307.3399658203125,1320.6099853515625,1307.3399658203125,1319.8800048828125,3836030000
2011-02-28,1321.6099853515625,1329.3800048828125,1320.550048828125,1327.219970703125,1252850000
2011-03-01,1328.6400146484375,1332.0899658203125,1306.1400146484375,1306.3299560546875,1180420000
2011-03-02,1305.469970703125,1314.18994140625,1302.5799560546875,1308.43994140625,1025000000
2011-03-03,1312.3699951171875,1332.280029296875,1312.3699951171875,1330.969970703125,4340470000
2011-03-04,1330.72998046875,1331.0799560546875,1312.5899658203125,1321.1500244140625,4223740000
2011-03-07,1322.719970703125,1327.6800537109375,1303.989990234375,1310.1300048828125,3964730000
2011-03-08,1311.050048828125,1325.739990234375,1306.8599853515625,1321.8199462890625,4531420000
2011-03-09,1319.9200439453125,1323.2099609375,1312.27001953125,1320.02001953125,3709520000
2011-03-10,1315.719970703125,1315.719970703125,1294.2099609375,1295.1099853515625,4723020000
2011-03-11,1293.4300537109375,1308.3499755859375,1291.989990234375,1304.280029296875,3740400000
2011-03-14,1301.18994140625,1301.18994140625,1286.3699951171875,1296.3900146484375,4050370000
2011-03-15,1288.4599609375,1288.4599609375,1261.1199951171875,1281.8699951171875,5201400000
2011-03-16,1279.4599609375,1280.9100341796875,1249.050048828125,1256.8800048828125,5833000000
2011-03-17,1261.6099853515625,1278.8800048828125,1261.6099853515625,1273.719970703125,4134950000
2011-03-18,1276.7099609375,1288.8800048828125,1276.1800537109375,1279.2099609375,4685500000
2011-03-21,1281.6500244140625,1300.5799560546875,1281.6500244140625,1298.3800048828125,4223730000
2011-03-22,1298.2900390625,1299.3499755859375,1292.699951171875,1293.77001953125,3576550000
2011-03-23,1292.18994140625,1300.510009765625,1284.050048828125,1297.5400390625,3842350000
2011-03-24,1300.6099853515625,1311.3399658203125,1297.739990234375,1309.6600341796875,4223740000
2011-03-25,1311.800048828125,1319.1800537109375,1310.1500244140625,1313.800048828125,4223740000
2011-03-28,1315.449951171875,1319.739990234375,1310.18994140625,1310.18994140625,3215170000
2011-03-29,1309.3699951171875,1319.449951171875,1305.260009765625,1319.43994140625,3482580000
2011-03-30,1321.8900146484375,1331.739990234375,1321.8900146484375,1328.260009765625,3809570000
